Product,Rec1,Rec2,Rec3,Rec4,Rec5
 4 PURPLE FLOCK DINNER CANDLES,4 PINK DINNER CANDLE SILVER FLOCK,4 BLUE DINNER CANDLES SILVER FLOCK,4 IVORY DINNER CANDLES SILVER FLOCK,4 PINK FLOCK CHRISTMAS BALLS,HEN HOUSE W CHICK IN NEST
 50'S CHRISTMAS GIFT BAG LARGE,50'S CHRISTMAS PAPER GIFT BAG,VINTAGE CHRISTMAS GIFT BAG LARGE ,6 GIFT TAGS 50'S CHRISTMAS , RED SPOT GIFT BAG LARGE,VINTAGE CHRISTMAS PAPER GIFT BAG
 DOLLY GIRL BEAKER,SPACEBOY BEAKER,DOLLY GIRL LUNCH BOX,SPACEBOY LUNCH BOX ,DOLLY GIRL CHILDRENS CUP,DOLLY GIRL CHILDRENS BOWL
 I LOVE LONDON MINI BACKPACK,SPACEBOY MINI BACKPACK,WOODLAND MINI BACKPACK,DOLLY GIRL MINI BACKPACK,TOTE BAG I LOVE LONDON,I LOVE LONDON BEAKER
 I LOVE LONDON MINI RUCKSACK,SET 36 COLOURING PENCILS DOILEY,SET 12 COLOURING PENCILS DOILEY,PLAYING CARDS VINTAGE DOILEY ,WRAP  VINTAGE DOILEY ,WOODLAND MINI RUCKSACK 
 NINE DRAWER OFFICE TIDY,SIX DRAWER OFFICE TIDY,HEART TRELLIS TRIPLE T-LIGHT HOLDER,ORANGE PENDANT TRIPLE SHELL NECKLAC,"GARLAND, MAGIC GARDEN 1.8M",ROSE PENDANT TRIPLE SHELL NECKLACE
 OVAL WALL MIRROR DIAMANTE ,"DIAMANTE HEART SHAPED WALL MIRROR, ",WALL MIRROR RECTANGLE DIAMANTE PINK,PURPLE FRANGIPANI NECKLACE,"LETTER ""D"" BLING KEY RING",SILVER DIAMANTE PEN IN GIFT BOX
 RED SPOT GIFT BAG LARGE,RED SPOT PAPER GIFT BAG,VINTAGE CHRISTMAS PAPER GIFT BAG, 50'S CHRISTMAS GIFT BAG LARGE,VINTAGE CHRISTMAS GIFT BAG LARGE ,50'S CHRISTMAS PAPER GIFT BAG
 SET 2 TEA TOWELS I LOVE LONDON ,SET 2 TEA TOWELS I LOVE LONDON ,LUNCH BOX I LOVE LONDON,LONDON BUS COFFEE MUG,PACK OF 12 LONDON TISSUES ,CARD I LOVE LONDON 
 SPACEBOY BABY GIFT SET,DOLLY GIRL BABY GIFT SET,CIRCUS PARADE BABY GIFT SET,I LOVE LONDON BABY GIFT SET,SPACEBOY LUNCH BOX ,DOLLY GIRL LUNCH BOX
 TOADSTOOL BEDSIDE LIGHT ,3 TRADITIONAL COOKIE CUTTERS  SET,SET 4 PICNIC CUTLERY FONDANT,PINK MONTE CARLO HANDBAG,KIDS CUTLERY SPACEBOY ,SET 4 PICNIC CUTLERY BLUEBERRY
 TRELLIS COAT RACK,WRAP A PRETTY THANK YOU,PURPLE FRANGIPANI NECKLACE,GREEN PAIR HEART HAIR SLIDES,FOOT STOOL HOME SWEET HOME ,ROSE DU SUD CUSHION COVER
10 COLOUR SPACEBOY PEN,MAGIC DRAWING SLATE SPACEBOY ,PLASTERS IN TIN SPACEBOY,SPACEBOY LUNCH BOX ,LUNCH BAG SPACEBOY DESIGN ,SPACEBOY BIRTHDAY CARD
12 COLOURED PARTY BALLOONS,SET OF 9 BLACK SKULL BALLOONS,BALLOON PUMP WITH 10 BALLOONS,SET OF 9 HEART SHAPED BALLOONS,6 ROCKET BALLOONS ,BALLOON WATER BOMB PACK OF 35
12 DAISY PEGS IN WOOD BOX,TUB 24 PINK FLOWER PEGS,VINTAGE PHOTO ALBUM PARIS DAYS,3 BIRDS CANVAS SCREEN,ENGLISH ROSE NOTEBOOK A7 SIZE,PINK FELT EASTER RABBIT GARLAND
12 EGG HOUSE PAINTED WOOD,6 EGG HOUSE PAINTED WOOD,SHOE SHINE BOX ,FIRST CLASS HOLIDAY PURSE ,SET OF 16 VINTAGE BLACK CUTLERY,MA CAMPAGNE CUTLERY BOX
12 HANGING EGGS HAND PAINTED,HAND PAINTED HANGING EASTER EGG,SET OF 6 EASTER RAINBOW CHICKS,PAINT YOUR OWN EGGS IN CRATE,"LETTER ""F"" BLING KEY RING",UBO-LIGHT TRIOBASE BLUE
12 IVORY ROSE PEG PLACE SETTINGS,12 RED ROSE PEG PLACE SETTINGS,12 PINK ROSE PEG PLACE SETTINGS,RED RETROSPOT OVEN GLOVE DOUBLE,MIRROR MOSAIC CANDLE PLATE,FILIGRIS HEART WITH BUTTERFLY
12 MESSAGE CARDS WITH ENVELOPES,CALENDAR PAPER CUT DESIGN,PAPER CHAIN KIT 50'S CHRISTMAS ,MAKE YOUR OWN MONSOON CARD KIT,BLUE HARMONICA IN BOX ,BUNDLE OF 3 ALPHABET EXERCISE BOOKS
12 PENCIL SMALL TUBE WOODLAND,12 PENCILS SMALL TUBE RED RETROSPOT,SET 12 COLOUR PENCILS SPACEBOY ,12 PENCILS SMALL TUBE SKULL,SET 12 COLOUR PENCILS LOVE LONDON,SET 12 COLOUR PENCILS DOLLY GIRL 
12 PENCILS SMALL TUBE RED RETROSPOT,12 PENCILS SMALL TUBE SKULL,12 PENCIL SMALL TUBE WOODLAND,SET 12 COLOUR PENCILS SPACEBOY ,SET 12 COLOURING PENCILS DOILY,SET 12 COLOUR PENCILS DOLLY GIRL 
12 PENCILS SMALL TUBE SKULL,12 PENCILS SMALL TUBE RED RETROSPOT,12 PENCIL SMALL TUBE WOODLAND,SET 12 COLOURING PENCILS DOILY,SET 12 COLOUR PENCILS SPACEBOY ,LUNCH BAG  BLACK SKULL.
12 PENCILS TALL TUBE POSY,COLOURING PENCILS BROWN TUBE,JAZZ HEARTS ADDRESS BOOK,JAZZ HEARTS PURSE NOTEBOOK,12 PENCILS TALL TUBE RED RETROSPOT,MODERN FLORAL STATIONERY SET
12 PENCILS TALL TUBE RED RETROSPOT,12 PENCILS TALL TUBE SKULLS,12 PENCILS TALL TUBE WOODLAND,12 PENCILS SMALL TUBE RED RETROSPOT,36 PENCILS TUBE RED RETROSPOT,36 PENCILS TUBE SKULLS
12 PENCILS TALL TUBE SKULLS,12 PENCILS TALL TUBE RED RETROSPOT,12 PENCILS TALL TUBE WOODLAND,SKULLS WRITING SET ,36 PENCILS TUBE SKULLS,LUNCH BAG  BLACK SKULL.
12 PENCILS TALL TUBE WOODLAND,12 PENCILS TALL TUBE SKULLS,12 PENCILS TALL TUBE RED RETROSPOT,12 PENCIL SMALL TUBE WOODLAND,PLASTERS IN TIN WOODLAND ANIMALS,LUNCH BAG  BLACK SKULL.
12 PINK HEN+CHICKS IN BASKET,GREEN EASTER EGG HUNT START POST,DOORKNOB CRACKED GLAZE BLUE,PURPLE ENAMEL+GLASS HAIR COMB,PURPLE ENAMEL FLOWER HAIR TIE,LARGE BLACK DIAMANTE HAIRSLIDE
12 PINK ROSE PEG PLACE SETTINGS,12 RED ROSE PEG PLACE SETTINGS,12 IVORY ROSE PEG PLACE SETTINGS,VINTAGE NOTEBOOK BEAUTY GIRL,VINTAGE GLASS TEA CADDY,WAY OUT METAL SIGN 
12 RED ROSE PEG PLACE SETTINGS,12 IVORY ROSE PEG PLACE SETTINGS,12 PINK ROSE PEG PLACE SETTINGS,SILVER FLOWR PINK SHELL NECKLACE,ENVELOPE 50 ROMANTIC IMAGES,POLKADOT MUG PINK 
15 PINK FLUFFY CHICKS IN BOX,NECKLACE+BRACELET SET PINK DAISY,MIDNIGHT BLUE CRYSTAL DROP EARRINGS,WHITE STONE/CRYSTAL EARRINGS,PURPLE FOXGLOVE ARTIIFCIAL FLOWER,NECKLACE+BRACELET SET BLUE BLOSSOM
15CM CHRISTMAS GLASS BALL 20 LIGHTS,ANTIQUE SILVER BAUBLE LAMP  ,LOVE HOT WATER BOTTLE,PAPER CHAIN KIT 50'S CHRISTMAS ,CHRISTMAS LIGHTS 10 VINTAGE BAUBLES,HOT WATER BOTTLE KEEP CALM
16 PC CUTLERY SET PANTRY DESIGN,METAL HERB GERDEN CONTAINER,REGENCY MIRROR WITH SHUTTERS,CLASSIC GLASS SWEET JAR,"SWISS ROLL TOWEL, PINK  SPOTS",RUSTIC  SEVENTEEN DRAWER SIDEBOARD
16 PIECE CUTLERY SET PANTRY DESIGN,WOODLAND MINI RUCKSACK ,PURPLE FRANGIPANI NECKLACE,PANTRY CHOPPING BOARD,GOLD WASHBAG,DIAMANTE HAIR GRIP PACK/2 RUBY
18PC WOODEN CUTLERY SET DISPOSABLE,6PC WOOD PLATE SET DISPOSABLE,WRAP A PRETTY THANK YOU,FRYING PAN RED POLKADOT , TOADSTOOL BEDSIDE LIGHT ,LUNCH BAG RED SPOTTY
2 DAISIES HAIR COMB,DROP DIAMANTE EARRINGS GREEN,DOORKNOB CERAMIC IVORY,LARGE BLACK DIAMANTE HAIRSLIDE,DIAMANTE HAIR GRIP PACK/2 CRYSTAL,DIAMANTE HAIR GRIP PACK/2 PERIDOT
2 PICTURE BOOK EGGS EASTER BUNNY,2 PICTURE BOOK EGGS EASTER DUCKS,2 PICTURE BOOK EGGS EASTER CHICKS,ORANGE FELT VASE + FLOWERS,LUNCH BAG RED SPOTTY,HEN HOUSE W CHICK IN NEST
2 PICTURE BOOK EGGS EASTER CHICKS,2 PICTURE BOOK EGGS EASTER BUNNY,2 PICTURE BOOK EGGS EASTER DUCKS,HANGING WOOD AND FELT BUTTERFLY ,GIRLY PINK TOOL SET,BLUE FELT HANGING HEART WITH FLOWER
2 PICTURE BOOK EGGS EASTER DUCKS,2 PICTURE BOOK EGGS EASTER BUNNY,2 PICTURE BOOK EGGS EASTER CHICKS,FRYING PAN RED POLKADOT ,MISELTOE HEART WREATH CREAM,LUNCH BAG RED SPOTTY
20 DOLLY PEGS RETROSPOT,CLOTHES PEGS RETROSPOT PACK 24 ,RED RETROSPOT PEG BAG,200 RED + WHITE BENDY STRAWS,SET/20 RED RETROSPOT PAPER NAPKINS ,RIBBON REEL STRIPES DESIGN 
200 BENDY SKULL STRAWS,VIP PASSPORT COVER ,BLUE BREAKFAST CUP AND SAUCER ,SKULLS STORAGE BOX SMALL,PACK OF 6 SKULL PAPER CUPS,200 RED + WHITE BENDY STRAWS
200 RED + WHITE BENDY STRAWS,SET/6 RED SPOTTY PAPER PLATES,SET/6 RED SPOTTY PAPER CUPS,SET/20 RED RETROSPOT PAPER NAPKINS ,200 BENDY SKULL STRAWS,20 DOLLY PEGS RETROSPOT
3 BIRDS CANVAS SCREEN,CUTE BIRD CEATURE SCREEN,CUTE RABBIT CEATURE SCREEN ,PURPLE/COPPER HANGING LAMPSHADE,MOROCCAN BEATEN METAL DISH,STRIPES DESIGN TEDDY
3 BLACK CATS W HEARTS BLANK CARD,HAPPY BIRTHDAY CARD STRIPEY TEDDY,PACK 4 FLOWER/BUTTERFLY PATCHES,CHAMPAGNE TRAY BLANK CARD,VINTAGE BEAD PINK SHADE ,DROP DIAMANTE EARRINGS BLACK DIAMON
3 DRAWER ANTIQUE WHITE WOOD CABINET,WOOD 2 DRAWER CABINET WHITE FINISH,WOOD S/3 CABINET ANT WHITE FINISH,WOODEN FRAME ANTIQUE WHITE ,WOODEN PICTURE FRAME WHITE FINISH,WOOD BLACK BOARD ANT WHITE FINISH
3 GARDENIA MORRIS BOXED CANDLES,3 ROSE MORRIS BOXED CANDLES,GARDENIA 3 WICK MORRIS BOXED CANDLE,ROSE 3 WICK MORRIS BOX CANDLE,ROSE 1 WICK MORRIS BOXED CANDLE,3 WHITE CHOC MORRIS BOXED CANDLES
3 HEARTS HANGING DECORATION RUSTIC,ANGEL DECORATION 3 BUTTONS ,ANGEL DECORATION STARS ON DRESS,MISTLETOE HEART WREATH CREAM,HEART OF WICKER LARGE,STAR DECORATION RUSTIC
3 HOOK HANGER MAGIC GARDEN,"HOOK, 1 HANGER ,MAGIC GARDEN",5 HOOK HANGER RED MAGIC TOADSTOOL,FOUR HOOK  WHITE LOVEBIRDS,5 HOOK HANGER MAGIC TOADSTOOL,DECORATION  BUTTERFLY  MAGIC GARDEN
3 HOOK PHOTO SHELF ANTIQUE WHITE,PICTURE FRAME WOOD TRIPLE PORTRAIT,FAMILY ALBUM WHITE PICTURE FRAME,METAL 4 HOOK HANGER FRENCH CHATEAU,WOODEN FRAME ANTIQUE WHITE ,WOOD BLACK BOARD ANT WHITE FINISH
3 PIECE SPACEBOY COOKIE CUTTER SET,SET OF 3 BUTTERFLY COOKIE CUTTERS,GINGERBREAD MAN COOKIE CUTTER,SET OF 3 HEART COOKIE CUTTERS,SET OF 20 KIDS COOKIE CUTTERS,PACK OF 60 SPACEBOY CAKE CASES
3 PINK HEN+CHICKS IN BASKET,HEN HOUSE W CHICK IN NEST,GLASS CAKE COVER AND PLATE,BLUE EASTER EGG HUNT START POST,POLYESTER FILLER PAD 60x40cm,ORANGE FELT VASE + FLOWERS
3 RAFFIA RIBBONS 50'S CHRISTMAS ,3 RAFFIA RIBBONS VINTAGE CHRISTMAS,6 GIFT TAGS 50'S CHRISTMAS ,SET OF 6 RIBBONS VINTAGE CHRISTMAS,WOODEN HEART CHRISTMAS SCANDINAVIAN,WOODEN STAR CHRISTMAS SCANDINAVIAN
3 RAFFIA RIBBONS VINTAGE CHRISTMAS,3 RAFFIA RIBBONS 50'S CHRISTMAS ,WRAP A PRETTY THANK YOU,SET/5 RED SPOTTY LID GLASS BOWLS,LUNCH BAG RED SPOTTY,FRYING PAN RED POLKADOT 
3 ROSE MORRIS BOXED CANDLES,3 WHITE CHOC MORRIS BOXED CANDLES,ROSE 3 WICK MORRIS BOX CANDLE,3 GARDENIA MORRIS BOXED CANDLES,ROSE 1 WICK MORRIS BOXED CANDLE,SCENTED VELVET LOUNGE CANDLE 
3 STRIPEY MICE FELTCRAFT,FELTCRAFT BUTTERFLY HEARTS,FELTCRAFT 6 FLOWER FRIENDS,FELTCRAFT DOLL EMILY,FELTCRAFT DOLL MOLLY,FELTCRAFT DOLL ROSIE
3 TIER CAKE TIN GREEN AND CREAM,3 TIER CAKE TIN RED AND CREAM,ROUND CAKE TIN VINTAGE GREEN,BISCUIT TIN VINTAGE GREEN,ROUND CAKE TIN VINTAGE RED,BISCUIT TIN VINTAGE RED
3 TIER CAKE TIN RED AND CREAM,3 TIER CAKE TIN GREEN AND CREAM,ROUND CAKE TIN VINTAGE RED,BISCUIT TIN VINTAGE RED,ROUND CAKE TIN VINTAGE GREEN,BISCUIT TIN VINTAGE GREEN
3 TIER SWEETHEART GARDEN SHELF,ORIGAMI OPIUM INCENSE/CANDLE SET ,RABBIT EASTER DECORATION,SCHOOL DESK AND CHAIR ,BLUE SCOTTIE DOG W FLOWER PATTERN,2 DAISIES HAIR COMB
3 TRADITIONAL COOKIE CUTTERS  SET, TOADSTOOL BEDSIDE LIGHT ,2 DAISIES HAIR COMB,MONTANA DIAMOND CLUSTER EARRINGS,ORANGE PENDANT TRIPLE SHELL NECKLAC,DOORKNOB CERAMIC IVORY
3 TRADITIONAl BISCUIT CUTTERS  SET,SET OF 3 HEART COOKIE CUTTERS,GINGERBREAD MAN COOKIE CUTTER,SET OF 3 BUTTERFLY COOKIE CUTTERS,SET OF 4 PANTRY JELLY MOULDS,SET OF 60 PANTRY DESIGN CAKE CASES 
3 WHITE CHOC MORRIS BOXED CANDLES,3 ROSE MORRIS BOXED CANDLES,ROSE 3 WICK MORRIS BOX CANDLE,CHOCOLATE 1 WICK MORRIS BOX CANDLE,CHOCOLATE 3 WICK MORRIS BOX CANDLE,3 GARDENIA MORRIS BOXED CANDLES
3 WICK CHRISTMAS BRIAR CANDLE ,ZINC HEART LATTICE TRAY OVAL ,SILVER LATTICE VANILLA CANDLE POT,ZINC HEART LATTICE CHARGER SMALL,ZINC HEART LATTICE CHARGER LARGE,EAU DE NIL LOVE BIRD CANDLE
36 DOILIES DOLLY GIRL,SET OF 36 DOILIES SPACEBOY DESIGN ,60 CAKE CASES DOLLY GIRL DESIGN,SET OF 36 DINOSAUR PAPER DOILIES,SET OF 72 RETROSPOT PAPER  DOILIES,SET OF 36 TEATIME PAPER DOILIES
36 DOILIES VINTAGE CHRISTMAS,60 CAKE CASES VINTAGE CHRISTMAS,VINTAGE CHRISTMAS CAKE FRILL,SET OF 20 VINTAGE CHRISTMAS NAPKINS,SET OF 36 DOILIES PANTRY DESIGN,PAPER CHAIN KIT VINTAGE CHRISTMAS
36 FOIL HEART CAKE CASES,36 FOIL STAR CAKE CASES ,72 SWEETHEART FAIRY CAKE CASES,PACK OF 60 SPACEBOY CAKE CASES,SET OF 4 PANTRY JELLY MOULDS,SET OF 6 TEA TIME BAKING CASES
36 FOIL STAR CAKE CASES ,36 FOIL HEART CAKE CASES,3 PIECE SPACEBOY COOKIE CUTTER SET,SET OF 6 TEA TIME BAKING CASES,SET 40 HEART SHAPE PETIT FOUR CASES,SET OF 4 PANTRY JELLY MOULDS
36 PENCILS TUBE POSY,PACK 4 FLOWER/BUTTERFLY PATCHES,BLUE GINGHAM ROSE CUSHION COVER,BLACK GRAND BAROQUE PHOTO FRAME,FUNKY FLOWER PICNIC BAG FOR 4,GOLD COSMETIC BAG PINK STAR
36 PENCILS TUBE RED RETROSPOT,36 PENCILS TUBE SKULLS,36 PENCILS TUBE WOODLAND,SET 36 COLOUR PENCILS SPACEBOY ,12 PENCILS TALL TUBE RED RETROSPOT,PLASTERS IN TIN SKULLS
36 PENCILS TUBE SKULLS,36 PENCILS TUBE RED RETROSPOT,36 PENCILS TUBE WOODLAND,PLASTERS IN TIN SKULLS,SET 36 COLOURING PENCILS DOILY,SET 36 COLOUR PENCILS SPACEBOY 
36 PENCILS TUBE WOODLAND,36 PENCILS TUBE RED RETROSPOT,36 PENCILS TUBE SKULLS,PLASTERS IN TIN WOODLAND ANIMALS,WOODLAND  HEIGHT CHART STICKERS ,LUNCH BAG WOODLAND
3D CHRISTMAS STAMPS STICKERS ,3D TRADITIONAL CHRISTMAS STICKERS,3D VINTAGE CHRISTMAS STICKERS ,RIBBON REEL CHRISTMAS SOCK BAUBLE,RIBBON REEL SNOWY VILLAGE,SET OF 6 RIBBONS VINTAGE CHRISTMAS
3D DOG PICTURE PLAYING CARDS,3D SHEET OF DOG STICKERS,WHITE FRANGIPANI NECKLACE,EIGHT PIECE CREEPY CRAWLIE SET,3D SHEET OF CAT STICKERS,GOLD EAR MUFF HEADPHONES
3D HEARTS  HONEYCOMB PAPER GARLAND,PINK  HONEYCOMB PAPER BALL ,WHITE BELL HONEYCOMB PAPER GARLAND ,BLACK FLOWER CANDLE PLATE,PLAYING CARDS VINTAGE DOILEY ,WHITE BELL HONEYCOMB PAPER 
3D SHEET OF CAT STICKERS,3D SHEET OF DOG STICKERS,DIAMANTE HAIR GRIP PACK/2 LT ROSE,PAIR OF PINK FLOWER CLUSTER SLIDE,3D DOG PICTURE PLAYING CARDS,PURPLE FRANGIPANI NECKLACE
3D SHEET OF DOG STICKERS,3D SHEET OF CAT STICKERS,3D DOG PICTURE PLAYING CARDS,HEARTS  STICKERS,CLEAR LOVE BIRD T-LIGHT HOLDER,CHOCOLATE CALCULATOR
3D TRADITIONAL CHRISTMAS STICKERS,3D CHRISTMAS STAMPS STICKERS ,3D VINTAGE CHRISTMAS STICKERS ,SET OF 6 RIBBONS VINTAGE CHRISTMAS,PAPER CHAIN KIT VINTAGE CHRISTMAS,RIBBON REEL SNOWY VILLAGE
3D VINTAGE CHRISTMAS STICKERS ,3D CHRISTMAS STAMPS STICKERS ,3D TRADITIONAL CHRISTMAS STICKERS,RIBBON REEL SNOWY VILLAGE,PAPER CHAIN KIT VINTAGE CHRISTMAS,SET OF 6 RIBBONS VINTAGE CHRISTMAS
4 BLUE DINNER CANDLES SILVER FLOCK,4 PINK DINNER CANDLE SILVER FLOCK, 4 PURPLE FLOCK DINNER CANDLES,4 IVORY DINNER CANDLES SILVER FLOCK,PINK CLEAR GLASS CANDLE PLATE,DOLPHIN WINDMILL
4 BURGUNDY WINE DINNER CANDLES,GLASS CAKE COVER AND PLATE, TOADSTOOL BEDSIDE LIGHT ,SET/3 TALL GLASS CANDLE HOLDER PINK,ORANGE FELT VASE + FLOWERS,WRAP BLUE RUSSIAN FOLKART
4 IVORY DINNER CANDLES SILVER FLOCK,IVORY PILLAR CANDLE SILVER FLOCK,4 BLUE DINNER CANDLES SILVER FLOCK, 4 PURPLE FLOCK DINNER CANDLES,IVORY PILLAR CANDLE GOLD FLOCK,4 PINK DINNER CANDLE SILVER FLOCK
4 LAVENDER BOTANICAL DINNER CANDLES,SET OF 4 ROSE BOTANICAL CANDLES,4 VANILLA BOTANICAL CANDLES,4 LILY  BOTANICAL DINNER CANDLES,4 WILDFLOWER BOTANICAL CANDLES,4 PEAR BOTANICAL DINNER CANDLES
4 LILY  BOTANICAL DINNER CANDLES,4 LAVENDER BOTANICAL DINNER CANDLES,SET OF 4 ROSE BOTANICAL CANDLES,4 WILDFLOWER BOTANICAL CANDLES,4 VANILLA BOTANICAL CANDLES,4 PEAR BOTANICAL DINNER CANDLES
4 PEAR BOTANICAL DINNER CANDLES,4 VANILLA BOTANICAL CANDLES,4 LAVENDER BOTANICAL DINNER CANDLES,SET OF 4 ROSE BOTANICAL CANDLES,4 LILY  BOTANICAL DINNER CANDLES,4 WILDFLOWER BOTANICAL CANDLES
4 PINK DINNER CANDLE SILVER FLOCK, 4 PURPLE FLOCK DINNER CANDLES,4 BLUE DINNER CANDLES SILVER FLOCK,4 IVORY DINNER CANDLES SILVER FLOCK,DOORKNOB CRACKED GLAZE BLUE,PINK CLEAR GLASS CANDLE PLATE
4 PINK FLOCK CHRISTMAS BALLS,HEN HOUSE W CHICK IN NEST,ORANGE FELT VASE + FLOWERS,PINK CHRISTMAS FLOCK DROPLET ,PINK HEART DOTS HOT WATER BOTTLE,POLYESTER FILLER PAD 60x40cm
4 ROSE PINK DINNER CANDLES,4 SKY BLUE DINNER CANDLES, TOADSTOOL BEDSIDE LIGHT ,DIAMANTE NECKLACE,MUM'S KITCHEN CLOCK,PINK/WHITE RIBBED MELAMINE JUG
4 SKY BLUE DINNER CANDLES,4 ROSE PINK DINNER CANDLES, TOADSTOOL BEDSIDE LIGHT ,DIAMANTE NECKLACE,BLUE/YELLOW CERAMIC CANDLE HOLDER,HEN HOUSE W CHICK IN NEST
4 TRADITIONAL SPINNING TOPS,TRADITIONAL WOODEN CATCH CUP GAME ,TRADITIONAL WOODEN SKIPPING ROPE,S/6 WOODEN SKITTLES IN COTTON BAG,TRADITIONAL KNITTING NANCY,SET OF 6 SOLDIER SKITTLES
4 VANILLA BOTANICAL CANDLES,SET OF 4 ROSE BOTANICAL CANDLES,4 LAVENDER BOTANICAL DINNER CANDLES,4 PEAR BOTANICAL DINNER CANDLES,4 WILDFLOWER BOTANICAL CANDLES,4 LILY  BOTANICAL DINNER CANDLES
4 WILDFLOWER BOTANICAL CANDLES,4 VANILLA BOTANICAL CANDLES,4 LAVENDER BOTANICAL DINNER CANDLES,4 LILY  BOTANICAL DINNER CANDLES,SET OF 4 ROSE BOTANICAL CANDLES,4 PEAR BOTANICAL DINNER CANDLES
5 HOOK HANGER MAGIC TOADSTOOL,5 HOOK HANGER RED MAGIC TOADSTOOL,3 HOOK HANGER MAGIC GARDEN,GIRLY PINK TOOL SET,VINTAGE NOTEBOOK TRAVELOGUE,TINY CRYSTAL BRACELET GREEN
5 HOOK HANGER RED MAGIC TOADSTOOL,5 HOOK HANGER MAGIC TOADSTOOL,3 HOOK HANGER MAGIC GARDEN,FOUR HOOK  WHITE LOVEBIRDS,SKULL LUNCH BOX WITH CUTLERY ,WALL TIDY RETROSPOT 
5 STRAND GLASS NECKLACE AMBER,PURPLE CHUNKY GLASS+BEAD NECKLACE,CRACKED GLAZE EARRINGS RED,RUBY GLASS CLUSTER EARRINGS,DROP EARRINGS W FLOWER & LEAF,GOLD M.O.P ORBIT BRACELET
5 STRAND GLASS NECKLACE AMETHYST,AMBER GLASS/SHELL/PEARL NECKLACE,DIAMANTE NECKLACE BLACK ,CLASSIC DIAMANTE NECKLACE JET,RUBY GLASS CLUSTER NECKLACE,JET BLACK LAS VEGAS NECKLACE 45CM
5 STRAND GLASS NECKLACE BLACK,CLASSIC DIAMANTE NECKLACE JET,DIAMANTE NECKLACE BLACK ,CROCHET DOG KEYRING,AMBER GLASS/SHELL/PEARL NECKLACE,PINK/AMETHYST/GOLD NECKLACE
5 STRAND GLASS NECKLACE CRYSTAL,PEARL AND CHERRY QUARTZ BRACLET,RUBY GLASS CLUSTER NECKLACE,CLASSIC DIAMANTE NECKLACE JET,BLACK DIAMOND CLUSTER NECKLACE,AMBER GLASS/SHELL/PEARL NECKLACE
50'S CHRISTMAS PAPER GIFT BAG, 50'S CHRISTMAS GIFT BAG LARGE,RED SPOT PAPER GIFT BAG,VINTAGE CHRISTMAS PAPER GIFT BAG,VINTAGE CHRISTMAS GIFT BAG LARGE ,6 GIFT TAGS 50'S CHRISTMAS 
50CM METAL STRING WITH  7 CLIPS,SILVER/NAT SHELL NECKLACE W PENDANT,RAINBOW PEGS PHOTO CLIP STRING,PACK 4 FLOWER/BUTTERFLY PATCHES,VINTAGE WOODEN BAR STOOL,PHOTO CLIP LINE
6 CHOCOLATE LOVE HEART T-LIGHTS,GRAND CHOCOLATECANDLE,S/4 PINK FLOWER CANDLES IN BOWL,SET OF 6 T-LIGHTS SNOWMEN,SET/6 PURPLE BUTTERFLY T-LIGHTS,CACTI T-LIGHT CANDLES
6 EGG HOUSE PAINTED WOOD,12 EGG HOUSE PAINTED WOOD,CREAM SWEETHEART EGG HOLDER,QUEEN OF THE SKIES HOLIDAY PURSE ,FOLDING CAMPING SCISSOR W/KNIF & S,HEART OF WICKER SMALL
6 GIFT TAGS 50'S CHRISTMAS ,ROLL WRAP 50'S CHRISTMAS,6 GIFT TAGS VINTAGE CHRISTMAS ,ROLL WRAP 50'S RED CHRISTMAS , 50'S CHRISTMAS GIFT BAG LARGE,BOX OF 6 MINI 50'S CRACKERS
6 GIFT TAGS VINTAGE CHRISTMAS ,ROLL WRAP VINTAGE CHRISTMAS,6 GIFT TAGS 50'S CHRISTMAS ,ROLL WRAP VINTAGE SPOT ,ROLL WRAP 50'S CHRISTMAS,VINTAGE CHRISTMAS PAPER GIFT BAG
6 RIBBONS ELEGANT CHRISTMAS ,TRADITIONAL CHRISTMAS RIBBONS,6 RIBBONS SHIMMERING PINKS ,SCANDINAVIAN REDS RIBBONS,CHOCOLATE BOX RIBBONS ,6 RIBBONS EMPIRE  
6 RIBBONS EMPIRE  ,6 RIBBONS SHIMMERING PINKS ,6 RIBBONS RUSTIC CHARM,SCANDINAVIAN REDS RIBBONS,ROMANTIC PINKS RIBBONS ,6 RIBBONS ELEGANT CHRISTMAS 
6 RIBBONS RUSTIC CHARM,SCANDINAVIAN REDS RIBBONS,ROMANTIC PINKS RIBBONS ,CHOCOLATE BOX RIBBONS ,SET OF 6 RIBBONS VINTAGE CHRISTMAS,TRADITIONAL CHRISTMAS RIBBONS
6 RIBBONS SHIMMERING PINKS ,6 RIBBONS EMPIRE  ,6 RIBBONS ELEGANT CHRISTMAS ,CHOCOLATE BOX RIBBONS ,SCANDINAVIAN REDS RIBBONS,OFFICE MUG WARMER CHOC+BLUE
6 ROCKET BALLOONS ,BALLOON WATER BOMB PACK OF 35,12 COLOURED PARTY BALLOONS,SET OF 9 HEART SHAPED BALLOONS,SET OF 9 BLACK SKULL BALLOONS,DINOSAUR KEYRINGS ASSORTED
60 CAKE CASES DOLLY GIRL DESIGN,PACK OF 60 SPACEBOY CAKE CASES,PACK OF 60 DINOSAUR CAKE CASES,PACK OF 72 RETROSPOT CAKE CASES,PACK OF 60 PINK PAISLEY CAKE CASES,60 TEATIME FAIRY CAKE CASES
60 CAKE CASES VINTAGE CHRISTMAS,SET OF 20 VINTAGE CHRISTMAS NAPKINS,36 DOILIES VINTAGE CHRISTMAS,PAPER CHAIN KIT VINTAGE CHRISTMAS,SET OF 60 PANTRY DESIGN CAKE CASES ,PACK OF 72 RETROSPOT CAKE CASES
60 GOLD AND SILVER FAIRY CAKE CASES,3 PINK HEN+CHICKS IN BASKET,"FOLK ART GREETING CARD,pack/12",SCOTTIES CHILDRENS APRON,BLACK CHRISTMAS TREE 120CM,SET/3 POT PLANT CANDLES
60 TEATIME FAIRY CAKE CASES,PACK OF 72 RETROSPOT CAKE CASES,72 SWEETHEART FAIRY CAKE CASES,PACK OF 60 PINK PAISLEY CAKE CASES,PACK OF 60 DINOSAUR CAKE CASES,SET OF 60 PANTRY DESIGN CAKE CASES 
6PC WOOD PLATE SET DISPOSABLE,18PC WOODEN CUTLERY SET DISPOSABLE, TOADSTOOL BEDSIDE LIGHT ,PINK CHRYSANTHEMUMS ART FLOWER,PURPLE FRANGIPANI HAIRCLIP,CUTE RABBIT CEATURE SCREEN 
70'S ALPHABET WALL ART,ANIMALS AND NATURE WALL ART,BUFFALO BILL WALL ART ,HORSE & PONY WALL ART,VILLAGE SHOW WALL ART,DOG LICENCE WALL ART
72 CAKE CASES VINTAGE CHRISTMAS,MAXWELL 2 TONE BLUE 60 PAGE PHOTO A,CAKE SHOP  STICKER SHEET,FLOWERS  STICKERS,PORCELAIN BUTTERFLY OIL BURNER,SWEETIES  STICKERS
72 SWEETHEART FAIRY CAKE CASES,60 TEATIME FAIRY CAKE CASES,PACK OF 60 DINOSAUR CAKE CASES,PACK OF 72 RETROSPOT CAKE CASES,PACK OF 60 PINK PAISLEY CAKE CASES,PACK OF 60 SPACEBOY CAKE CASES
75 BLACK PETIT FOUR CASES,75 GREEN PETIT FOUR CASES,NECKLACE+BRACELET SET PINK DAISY,MIDNIGHT BLUE CRYSTAL DROP EARRINGS,WHITE STONE/CRYSTAL EARRINGS,CLEAR STATIONERY BOX SET 
75 GREEN FAIRY CAKE CASES,IVORY PAPER CUP CAKE CASES ,PINK POLKADOT KIDS BAG,ORANGE FELT VASE + FLOWERS,POLYESTER FILLER PAD 60x40cm,FUNKY MONKEY MUG
75 GREEN PETIT FOUR CASES,75 BLACK PETIT FOUR CASES,PURPLE FRANGIPANI NECKLACE,RED PURSE WITH PINK HEART,DIAMANTE HAIR GRIP PACK/2 BLACK DIA,DIAMANTE HAIR GRIP PACK/2 LT ROSE
A PRETTY THANK YOU CARD,DOILY THANK YOU CARD,PAISLEY PARK CARD,PURPLE FRANGIPANI NECKLACE,WRAP A PRETTY THANK YOU,ROSE DU SUD CUSHION COVER
A4 WALL TIDY BLUE OFFICE,PURPLE DRESS JEWELLERY STAND,JAM JAR WITH BLUE LID,CD WALL TIDY RED FLOWERS,DIAMANTE HAIR GRIP PACK/2 CRYSTAL,2 DAISIES HAIR COMB
A4 WALL TIDY RED FLOWERS,A4 WALL TIDY BLUE OFFICE,CD WALL TIDY RED FLOWERS,ELVIS WALLHANGING / CURTAIN,SMALL POP BOX FUNKY MONKEY,"S/4 ICON COASTER,ELVIS LIVES"
ABC TREASURE BOOK BOX ,TREASURE ISLAND BOOK BOX,GYMKHANA TREASURE BOOK BOX,BUFFALO BILL TREASURE BOOK BOX,TREASURE TIN GYMKHANA DESIGN,BUNDLE OF 3 ALPHABET EXERCISE BOOKS
ABSTRACT CIRCLE JOURNAL ,CHRYSANTHEMUM  JOURNAL,BLUE PAISLEY JOURNAL ,GREEN FERN JOURNAL ,ABSTRACT CIRCLES SKETCHBOOK ,CHRYSANTHEMUM SKETCHBOOK 
ABSTRACT CIRCLES POCKET BOOK,CHRYSANTHEMUM POCKET BOOK ,GARDEN PATH POCKET BOOK,GREEN FERN POCKET BOOK,BLUE PAISLEY POCKET BOOK,RED DAISY POCKET BOOK 
ABSTRACT CIRCLES SKETCHBOOK ,CHRYSANTHEMUM SKETCHBOOK ,GARDEN PATH SKETCHBOOK,BLUE PAISLEY SKETCHBOOK,GREEN FERN SKETCHBOOK ,ABSTRACT CIRCLE JOURNAL 
ACRYLIC GEOMETRIC LAMP,PACK 4 FLOWER/BUTTERFLY PATCHES,GOLD APERITIF GLASS,JAM JAR WITH BLUE LID,BIRD ON BRANCH CANVAS SCREEN,BLACK ORANGE SQUEEZER
"ACRYLIC HANGING JEWEL,BLUE","ACRYLIC HANGING JEWEL,PINK","ACRYLIC JEWEL ICICLE, PINK",BLUE PADDED SOFT MOBILE,DOORKNOB CERAMIC IVORY,DIAMANTE HAIR GRIP PACK/2 CRYSTAL
"ACRYLIC HANGING JEWEL,PINK",LIGHT DECORATION BATTERY OPERATED,BLUE PADDED SOFT MOBILE,"ACRYLIC HANGING JEWEL,BLUE","ACRYLIC JEWEL ICICLE, PINK",WHITE CHRISTMAS TREE 60CM
"ACRYLIC JEWEL ANGEL,PINK",PINK ACRYLIC JEWEL SNOWFLAKE,"ACRYLIC JEWEL ICICLE, BLUE",CHERRY BLOSSOM LUGGAGE TAG,FLAG OF ST GEORGE CHAIR,BLACK CHAMPAGNE GLASS
"ACRYLIC JEWEL ICICLE, BLUE",POLYESTER FILLER PAD 60x40cm,GLASS CAKE COVER AND PLATE,HEN HOUSE W CHICK IN NEST,ORANGE FELT VASE + FLOWERS,TURQ ICE CREAM BUM BAG 
"ACRYLIC JEWEL ICICLE, PINK","ACRYLIC HANGING JEWEL,BLUE","ACRYLIC HANGING JEWEL,PINK",ROSE PENDANT TRIPLE SHELL NECKLACE,CLASSIC DIAMANTE EARRINGS JET,PINK DAISY BAG CHARM
"ACRYLIC JEWEL SNOWFLAKE, PINK",ROSE PENDANT TRIPLE SHELL NECKLACE,PURPLE ENAMEL FLOWER HAIR TIE,DROP DIAMANTE EARRINGS GREEN,DOORKNOB CERAMIC IVORY,PINK DAISY BAG CHARM
"ACRYLIC JEWEL SNOWFLAKE,PINK","ACRYLIC JEWEL SNOWFLAKE,PINK",4 PINK FLOCK CHRISTMAS BALLS,ANTIQUE GLASS HEART DECORATION ,WHITE HONEYCOMB PAPER GARLAND ,GLITTER HEART GARLAND WITH BELLS 
ADULT APRON APPLE DELIGHT,OVEN MITT APPLES DESIGN,MINI LADLE LOVE HEART RED ,PHOTO CLIP LINE,PEG BAG APPLES DESIGN,SET OF 16 VINTAGE RED CUTLERY
ADVENT CALENDAR GINGHAM SACK,WOODEN ADVENT CALENDAR CREAM,WOODEN ADVENT CALENDAR RED,SET/20 RED RETROSPOT PAPER NAPKINS ,SET OF 3 WOODEN SLEIGH DECORATIONS,CHRISTMAS CRAFT LITTLE FRIENDS
AFGHAN SLIPPER SOCK PAIR,VINTAGE BEAD PINK SHADE ,ORANGE FLOWER MUG ,MIDNIGHT BLUE CRYSTAL DROP EARRINGS,BLACK VINT ART DEC CRYSTAL BRACELET,PACK 4 FLOWER/BUTTERFLY PATCHES
AGED GLASS SILVER T-LIGHT HOLDER,T-LIGHT GLASS FLUTED ANTIQUE,ANTIQUE SILVER TEA GLASS ENGRAVED,SILVER HANGING T-LIGHT HOLDER,ANTIQUE SILVER T-LIGHT GLASS,MOROCCAN BEATEN METAL DISH LARGE
AIRLINE BAG VINTAGE JET SET BROWN,AIRLINE BAG VINTAGE JET SET RED,AIRLINE BAG VINTAGE JET SET WHITE,AIRLINE BAG VINTAGE WORLD CHAMPION ,AIRLINE BAG VINTAGE TOKYO 78,ALARM CLOCK BAKELIKE ORANGE
AIRLINE BAG VINTAGE JET SET RED,AIRLINE BAG VINTAGE TOKYO 78,AIRLINE BAG VINTAGE JET SET BROWN,AIRLINE BAG VINTAGE JET SET WHITE,AIRLINE BAG VINTAGE WORLD CHAMPION ,ALARM CLOCK BAKELIKE ORANGE
AIRLINE BAG VINTAGE JET SET WHITE,AIRLINE BAG VINTAGE JET SET RED,AIRLINE BAG VINTAGE JET SET BROWN,AIRLINE BAG VINTAGE TOKYO 78,AIRLINE BAG VINTAGE WORLD CHAMPION ,TROPICAL PASSPORT COVER 
AIRLINE BAG VINTAGE TOKYO 78,AIRLINE BAG VINTAGE JET SET RED,AIRLINE BAG VINTAGE WORLD CHAMPION ,AIRLINE BAG VINTAGE JET SET WHITE,AIRLINE BAG VINTAGE JET SET BROWN,ALARM CLOCK BAKELIKE ORANGE
AIRLINE BAG VINTAGE WORLD CHAMPION ,AIRLINE BAG VINTAGE TOKYO 78,AIRLINE BAG VINTAGE JET SET RED,AIRLINE BAG VINTAGE JET SET WHITE,AIRLINE BAG VINTAGE JET SET BROWN,SCOTTIE DOGS BABY BIB
"AIRLINE LOUNGE,METAL SIGN",HAND OVER THE CHOCOLATE   SIGN ,METAL SIGN TAKE IT OR LEAVE IT ,HOT BATHS METAL SIGN,CHOCOLATE THIS WAY METAL SIGN,COOK WITH WINE METAL SIGN 
ALARM CLOCK BAKELIKE CHOCOLATE,ALARM CLOCK BAKELIKE GREEN,ALARM CLOCK BAKELIKE RED ,ALARM CLOCK BAKELIKE ORANGE,ALARM CLOCK BAKELIKE PINK,ALARM CLOCK BAKELIKE IVORY
ALARM CLOCK BAKELIKE GREEN,ALARM CLOCK BAKELIKE RED ,ALARM CLOCK BAKELIKE PINK,ALARM CLOCK BAKELIKE IVORY,ALARM CLOCK BAKELIKE CHOCOLATE,ALARM CLOCK BAKELIKE ORANGE
ALARM CLOCK BAKELIKE IVORY,ALARM CLOCK BAKELIKE RED ,ALARM CLOCK BAKELIKE PINK,ALARM CLOCK BAKELIKE GREEN,ALARM CLOCK BAKELIKE CHOCOLATE,ALARM CLOCK BAKELIKE ORANGE
ALARM CLOCK BAKELIKE ORANGE,ALARM CLOCK BAKELIKE RED ,ALARM CLOCK BAKELIKE GREEN,ALARM CLOCK BAKELIKE CHOCOLATE,ALARM CLOCK BAKELIKE PINK,ALARM CLOCK BAKELIKE IVORY
ALARM CLOCK BAKELIKE PINK,ALARM CLOCK BAKELIKE RED ,ALARM CLOCK BAKELIKE GREEN,ALARM CLOCK BAKELIKE IVORY,ALARM CLOCK BAKELIKE CHOCOLATE,ALARM CLOCK BAKELIKE ORANGE
ALARM CLOCK BAKELIKE RED ,ALARM CLOCK BAKELIKE GREEN,ALARM CLOCK BAKELIKE PINK,ALARM CLOCK BAKELIKE IVORY,ALARM CLOCK BAKELIKE ORANGE,ALARM CLOCK BAKELIKE CHOCOLATE
ALPHABET HEARTS STICKER SHEET,SWEETIES  STICKERS,PANDA AND BUNNIES STICKER SHEET,MULTI HEARTS  STICKERS,CAKE SHOP  STICKER SHEET,LOVELY BONBON STICKER SHEET
ALPHABET STENCIL CRAFT,HAPPY STENCIL CRAFT,MONSTERS STENCIL CRAFT,FELTCRAFT CUSHION RABBIT,RED FLORAL FELTCRAFT SHOULDER BAG,PACK OF 12 COLOURED PENCILS
ALUMINIUM HEART,BELL HEART DECORATION,CRYSTAL CHANDELIER T-LIGHT HOLDER,ZINC STAR T-LIGHT HOLDER ,VINTAGE ENGRAVED HEART,BELL HEART ANTIQUE GOLD
ALUMINIUM STAMPED HEART,HANGING ENGRAVED METAL HEART,VINTAGE EMBOSSED HEART,HEART IVORY TRELLIS SMALL,HEART IVORY TRELLIS LARGE,ZINC METAL HEART DECORATION
AMBER BERTIE GLASS BEAD BAG CHARM,ANTIQUE OPAL WHITE FLOWER EARRINGS,TURQUOISE BERTIE GLASS BEAD CHARM,BAROQUE BUTTERFLY EARRINGS BLACK,PURPLE BERTIE GLASS BEAD BAG CHARM,AQUA BERTIE GLASS BEAD BAG CHARM
AMBER CHUNKY BEAD BRACELET W STRAP,BLACK/WHITE GLASS/SILVER BRACELET,AMBER BERTIE GLASS BEAD BAG CHARM,NEW BAROQUE B'FLY NECKLACE PINK,PACK 4 FLOWER/BUTTERFLY PATCHES,AMETHYST CHUNKY BEAD BRACELET W STR
AMBER CHUNKY GLASS+BEAD NECKLACE,FIRE POLISHED GLASS NECKL BRONZE,FIRE POLISHED GLASS NECKL GOLD,BAROQUE BUTTERFLY EARRINGS CRYSTAL,FRESHWATER PEARL BRACELET GOLD,"PEARL & SHELL 42""NECKL. GREEN"
AMBER DIAMANTE EXPANDABLE RING,EDWARDIAN DROP EARRINGS JET BLACK,TURQ PENDANT TRIPLE SHELL NECKLACE,GREEN PENDANT TRIPLE SHELL NECKLACE,BLACK DIAMANTE EXPANDABLE RING,AMETHYST DIAMANTE EXPANDABLE RING
AMBER DROP EARRINGS W LONG BEADS,SILVER BLACK ORBIT DROP EARRINGS,SILVER M.O.P ORBIT DROP EARRINGS,LARGE BLACK DIAMANTE HAIRSLIDE,DAISY HAIR COMB,DIAMANTE HAIR GRIP PACK/2 PERIDOT
AMBER FINE BEAD NECKLACE W TASSEL,TEAL/FUSCHIA COL BEAD NECKLACE,"PEARL & SHELL 42""NECKL. GREEN",5 STRAND GLASS NECKLACE AMETHYST,RUBY GLASS CLUSTER NECKLACE,FIRE POLISHED GLASS NECKL GOLD
AMBER GLASS TASSLE BAG CHARM,PURPLE GLASS TASSLE BAG CHARM,GREEN GLASS TASSLE BAG CHARM,BUTTERFLY CUSHION COVER,RED GLASS TASSLE BAG CHARM,PARTY CONES CANDY DECORATION
AMBER GLASS/SHELL/PEARL NECKLACE,AMBER GLASS/SHELL/PEARL NECKLACE,DIAMANTE NECKLACE BLACK ,CLASSIC DIAMANTE NECKLACE JET,RUBY GLASS CLUSTER NECKLACE,JET BLACK LAS VEGAS NECKLACE 45CM
AMBER GLASS/SILVER BRACELET,BAROQUE BUTTERFLY EARRINGS CRYSTAL,GLASS AND PAINTED BEADS BRACELET TO,NEW BAROQUE B'FLY NECKLACE PINK,SILVER LARIAT BLACK STONE EARRINGS,BLUE GLASS CHUNKY CHARM BRACELET
AMETHYST CHUNKY BEAD BRACELET W STR,BLACK CHUNKY BEAD BRACELET W STRAP,BLACK/WHITE GLASS/SILVER BRACELET,AMBER CHUNKY BEAD BRACELET W STRAP,RESIN NECKLACE W PASTEL BEADS,RESIN BRACELET W PASTEL BEADS
AMETHYST DIAMANTE EXPANDABLE RING,BLACK DIAMANTE EXPANDABLE RING,DROP DIAMANTE EARRINGS CRYSTAL,LASER CUT MULTI STRAND NECKLACE,DROP DIAMANTE EARRINGS GREEN,PURPLE ENAMEL FLOWER HAIR TIE
AMETHYST HOOP EARRING FLORAL LEAF,DIAMANTE BOW BROOCH BLACK COLOUR,IVORY SHELL HEART EARRINGS,SILVER/AMETHYST DROP EARRINGS LEAF,PINK/WHITE GLASS DEMI CHOKER,BLUE/NAT SHELL NECKLACE W PENDANT
ANGEL DECORATION 3 BUTTONS ,ANGEL DECORATION STARS ON DRESS,STAR DECORATION RUSTIC,3 HEARTS HANGING DECORATION RUSTIC,GLITTER CHRISTMAS STAR ,GLITTER HEART DECORATION
ANGEL DECORATION PAINTED ZINC ,CHRISTMAS TREE PAINTED ZINC ,STAR DECORATION PAINTED ZINC ,HEART DECORATION PAINTED ZINC ,HAND TOWEL PINK FLOWER AND DAISY,GOLD APERITIF GLASS
ANGEL DECORATION STARS ON DRESS,ANGEL DECORATION 3 BUTTONS ,STAR DECORATION RUSTIC,3 HEARTS HANGING DECORATION RUSTIC,HEART DECORATION WITH PEARLS ,LAUREL STAR ANTIQUE SILVER 
ANGEL DECORATION WITH LACE PADDED,WHITE ROSEBUD  PEARL EARRINGS,SET OF 3 PINK FLYING DUCKS,LIGHT DECORATION BATTERY OPERATED,GLITTER CHRISTMAS HEART ,ROCOCO WALL MIRROR WHITE
ANIMAL STICKERS,FOOD/DRINK SPONGE STICKERS,DIAMANTE HAIR GRIP PACK/2 LT ROSE,PANDA AND BUNNIES STICKER SHEET,PAIR OF PINK FLOWER CLUSTER SLIDE,PURPLE FRANGIPANI NECKLACE
ANIMALS AND NATURE WALL ART,BUFFALO BILL WALL ART ,HORSE & PONY WALL ART,TREASURE AHOY WALL ART,DOG LICENCE WALL ART,VILLAGE SHOW WALL ART
ANT COPPER LIME BOUDICCA BRACELET,ANT COPPER TURQ BOUDICCA BRACELET,ANT COPPER PINK BOUDICCA BRACELET,ANT COPPER RED BOUDICCA BRACELET,RED BOUDICCA LARGE BRACELET,BLACK SWEETHEART BRACELET
ANT COPPER PINK BOUDICCA BRACELET,ANT COPPER TURQ BOUDICCA BRACELET,ANT COPPER LIME BOUDICCA BRACELET,PINK CRYSTAL+GLASS BRACELET,FIRE POLISHED GLASS BRACELET BLACK,JADE CRYSTAL+GLASS BRACELET
ANT COPPER RED BOUDICCA BRACELET,ANT COPPER LIME BOUDICCA BRACELET,JADE CRYSTAL+GLASS BRACELET,"PEARL & SHELL 42""NECKL. IVORY",FIRE POLISHED GLASS BRACELET BLACK,PACK 4 FLOWER/BUTTERFLY PATCHES
ANT COPPER TURQ BOUDICCA BRACELET,ANT COPPER LIME BOUDICCA BRACELET,ANT COPPER PINK BOUDICCA BRACELET,PINK BOUDICCA LARGE BRACELET,RED BOUDICCA LARGE BRACELET,TURQ+RED BOUDICCA LARGE BRACELET
ANT SILVER FUSCHIA BOUDICCA RING,ANT SILVER PURPLE BOUDICCA RING,SILVER DROP EARRINGS WITH FLOWER,ANT SILVER LIME GREEN BOUDICCA RING,PINK/WHITE GLASS DEMI CHOKER,PINK CHERRY BLOSSOM CUP & SAUCER
ANT SILVER LIME GREEN BOUDICCA RING,ANT SILVER PURPLE BOUDICCA RING,ANT SILVER FUSCHIA BOUDICCA RING,SILVER DROP EARRINGS WITH FLOWER,IVORY SHELL HEART EARRINGS,BLUE/NAT SHELL NECKLACE W PENDANT
ANT SILVER PURPLE BOUDICCA RING,ANT SILVER FUSCHIA BOUDICCA RING,ANT SILVER LIME GREEN BOUDICCA RING,BLUE/NAT SHELL NECKLACE W PENDANT,PINK/WHITE GLASS DEMI CHOKER,IVORY SHELL HEART EARRINGS
ANT SILVER TURQUOISE BOUDICCA RING,ANT SILVER LIME GREEN BOUDICCA RING,GOLD FISHING GNOME,PAPERWEIGHT KINGS CHOICE ,EAU DE NILE JEWELLED PHOTOFRAME,GOLD PHOTO FRAME
ANT WHITE WIRE HEART SPIRAL,QUEEN OF THE SKIES HOLIDAY PURSE ,FIRST CLASS HOLIDAY PURSE ,BEADED CRYSTAL HEART BLUE SMALL,LOVEBIRD HANGING DECORATION WHITE ,RED HANGING HEART T-LIGHT HOLDER
ANTIQUE ALL GLASS CANDLESTICK,FLUTED ANTIQUE CANDLE HOLDER,DRAWER KNOB VINTAGE GLASS HEXAGON,VINTAGE GLASS T-LIGHT HOLDER,ROBOT MUG IN DISPLAY BOX,EMBOSSED HEART TRINKET BOX
ANTIQUE CREAM CUTLERY CUPBOARD,POLYESTER FILLER PAD 60x40cm,BLACK 3 BEAD DROP EARRINGS,PURPLE ENAMEL FLOWER HAIR TIE,CLASSIC DIAMANTE EARRINGS JET,ORANGE PENDANT TRIPLE SHELL NECKLAC
ANTIQUE CREAM CUTLERY SHELF ,ROSE DU SUD CUSHION COVER ,VINTAGE BEAD PINK JEWEL STAND,GLASS CAKE COVER AND PLATE,HEN HOUSE W CHICK IN NEST,ORANGE FELT VASE + FLOWERS
ANTIQUE GLASS DRESSING TABLE POT,ANTIQUE TALL SWIRLGLASS TRINKET POT,ANTIQUE GLASS PEDESTAL BOWL,SMALL GLASS HEART TRINKET POT,WOOD 2 DRAWER CABINET WHITE FINISH,WOODEN PICTURE FRAME WHITE FINISH
ANTIQUE GLASS HEART DECORATION ,LAZER CUT NECKLACE W PASTEL BEADS,FOLKART ZINC STAR CHRISTMAS DEC,PINK CHRISTMAS FLOCK DROPLET ,IVORY SHELL HEART NECKLACE,PACK 4 FLOWER/BUTTERFLY PATCHES
ANTIQUE GLASS PEDESTAL BOWL,ANTIQUE GLASS DRESSING TABLE POT,ANTIQUE TALL SWIRLGLASS TRINKET POT,T-LIGHT GLASS FLUTED ANTIQUE,ANTIQUE SILVER TEA GLASS ENGRAVED,WOODEN FRAME ANTIQUE WHITE 
ANTIQUE GLASS PLACE SETTING,VINTAGE BEAD PINK JEWEL BOX,CLAM SHELL LARGE,VINTAGE BEAD COSMETIC BAG ,RED POLKADOT PUDDING BOWL,ANT COPPER PINK BOUDICCA BRACELET
ANTIQUE HEART SHELF UNIT,HEART MINI PORTRAIT FRAME,SWEETHEART WALL TIDY ,DOLLY CABINET 3 DRAWERS ,THREE MINI HANGING FRAMES,WALL ART STOP FOR TEA 
ANTIQUE IVORY WIRE BOWL SMALL,PURPLE FRANGIPANI NECKLACE,DIAMANTE HAIR GRIP PACK/2 LT ROSE,DIAMANTE HAIR GRIP PACK/2 BLACK DIA,DIAMANTE HAIR GRIP PACK/2 RUBY,WHITE FRANGIPANI NECKLACE
ANTIQUE MID BLUE FLOWER EARRINGS,ANTIQUE OLIVE GREEN FLOWER EARRINGS,SILVER/CRYSTAL DROP EARRINGS W LEAF,ANTIQUE RASPBERRY FLOWER EARRINGS,GLASS BEAD HOOP NECKLACE BLACK,GOLD/AMBER DROP EARRINGS W LEAF
ANTIQUE OLIVE GREEN FLOWER EARRINGS,ANTIQUE MID BLUE FLOWER EARRINGS,VINTAGE ENAMEL & CRYSTAL NECKLACE,SILVER/CRYSTAL DROP EARRINGS W LEAF,GLASS BEAD HOOP NECKLACE BLACK,CRACKED GLAZE EARRINGS RED
ANTIQUE OPAL WHITE FLOWER EARRINGS,AMBER BERTIE GLASS BEAD BAG CHARM,BAROQUE BUTTERFLY EARRINGS CRYSTAL,TURQUOISE BERTIE GLASS BEAD CHARM,BAROQUE BUTTERFLY EARRINGS BLACK,PURPLE BERTIE GLASS BEAD BAG CHARM
ANTIQUE RASPBERRY FLOWER EARRINGS,GLASS BEAD HOOP NECKLACE BLACK,ANTIQUE RASPBERRY FLOWER EARRINGS,GOLD/AMBER DROP EARRINGS W LEAF,SILVER/CRYSTAL DROP EARRINGS W LEAF,NEW BAROQUE SMALL NECKLACE BLACK
ANTIQUE SILVER BAUBLE LAMP  ,15CM CHRISTMAS GLASS BALL 20 LIGHTS,AMBER CHUNKY BEAD BRACELET W STRAP,PURPLE FRANGIPANI NECKLACE,PAPER LANTERN 9 POINT DELUXE STAR,MONEY BOX FIRST ADE DESIGN
ANTIQUE SILVER T-LIGHT GLASS,ANTIQUE SILVER TEA GLASS ENGRAVED,T-LIGHT GLASS FLUTED ANTIQUE,VICTORIAN GLASS HANGING T-LIGHT,SILVER HANGING T-LIGHT HOLDER,ASSORTED COLOUR BIRD ORNAMENT
ANTIQUE SILVER TEA GLASS ENGRAVED,T-LIGHT GLASS FLUTED ANTIQUE,ANTIQUE SILVER T-LIGHT GLASS,ANTIQUE SILVER TEA GLASS ETCHED,SILVER HANGING T-LIGHT HOLDER,AGED GLASS SILVER T-LIGHT HOLDER
ANTIQUE SILVER TEA GLASS ETCHED,ANTIQUE SILVER TEA GLASS ENGRAVED,ANTIQUE SILVER T-LIGHT GLASS,HANGING HEART ZINC T-LIGHT HOLDER,SILVER HANGING T-LIGHT HOLDER,NATURAL SLATE HEART CHALKBOARD 
ANTIQUE TALL SWIRLGLASS TRINKET POT,ANTIQUE GLASS DRESSING TABLE POT,ANTIQUE GLASS PEDESTAL BOWL,SMALL GLASS HEART TRINKET POT,T-LIGHT GLASS FLUTED ANTIQUE,WOOD 2 DRAWER CABINET WHITE FINISH
APOTHECARY MEASURING JAR,LARGE APOTHECARY MEASURING JAR ,SMALL APOTHECARY MEASURING JAR ,SET 12 COLOURING PENCILS DOILEY,SET 36 COLOURING PENCILS DOILEY, I LOVE LONDON MINI RUCKSACK
APPLE BATH SPONGE,STRAWBERRY BATH SPONGE ,SANDWICH BATH SPONGE,EIGHT PIECE CREEPY CRAWLIE SET,WATERING CAN GREEN DINOSAUR,SKULLS DESIGN FLANNEL
APRON APPLE DELIGHT,PEG BAG APPLES DESIGN,OVEN MITT APPLES DESIGN,CHILDRENS APRON APPLES DESIGN,RED RETROSPOT APRON ,TABLECLOTH RED APPLES DESIGN 
APRON MODERN VINTAGE COTTON,SET/4 MODERN VINTAGE COTTON NAPKINS,CUBIC MUG FLOCK BLUE ON BROWN,CHARLIE AND LOLA TABLE TINS,CHARLIE + LOLA BISCUITS TINS,CAROUSEL PONIES BABY BIB
AQUA BERTIE GLASS BEAD BAG CHARM,WHITE WITH METAL BAG CHARM,PINK BERTIE GLASS BEAD BAG CHARM,AMBER BERTIE GLASS BEAD BAG CHARM,GREEN WITH METAL BAG CHARM,TURQUOISE BERTIE GLASS BEAD CHARM
AREA PATROLLED METAL SIGN,BEWARE OF THE CAT METAL SIGN ,HAND OVER THE CHOCOLATE   SIGN ,PLEASE ONE PERSON METAL SIGN,HOT BATHS METAL SIGN,NO SINGING METAL SIGN
ARMY CAMO BOOKCOVER TAPE,SPOTS ON RED BOOKCOVER TAPE,RETRO PLASTIC DAISY TRAY,PARTY PIZZA DISH GREEN POLKADOT,BLUE  VOILE LAMPSHADE,"BATHROOM SCALES, TROPICAL BEACH"
"ART LIGHTS,FUNK MONKEY",SET 10 NIGHT OWL LIGHTS,RUBY DROP CHANDELIER EARRINGS,FUSCHIA FLOWER PURSE WITH BEADS,BLACK BAROQUE WALL CLOCK ,ORIGAMI OPIUM INCENSE/CANDLE SET 
ASS COL CIRCLE MOBILE ,ASSORTED CIRCULAR MOBILE,BLUE MONTE CARLO HANDBAG,PINK FLOCK PHOTO FRAME ,YELLOW/ORANGE FLOWER DESIGN PLATE,PINK/BLUE DISC/MIRROR STRING
ASS COL LARGE SAND FROG P'WEIGHT,ASS COL SMALL SAND GECKO P'WEIGHT,FIRE POLISHED GLASS NECKL BRONZE,"DECORATION HEN ON NEST, HANGING",RETRO BROWN BALL ASHTRAY ,PINK/FLOWER RABBIT EGG WARMER 
ASS COL SMALL SAND GECKO P'WEIGHT,ASS COL LARGE SAND FROG P'WEIGHT,PINK CHERRY BLOSSOM CUP & SAUCER,LILY BROOCH OLIVE COLOUR,DIAMANTE BOW BROOCH RED COLOUR,DIAMANTE BOW BROOCH GREEN COLOUR
ASS COLOUR GLOWING TIARAS,LUNCH BAG RED SPOTTY,PEG BAG APPLE DESIGN,TEA TIME BREAKFAST BASKET,MISELTOE HEART WREATH CREAM,MIDNIGHT BLUE CRYSTAL DROP EARRINGS
ASS DES PHONE SPONGE CRAFT STICKER,RAIN PONCHO ,PURPLE ACRYLIC FACETED BANGLE,BEADED LOVE HEART JEWELLERY SET,PINK FLOCK PHOTO FRAME ,BAROQUE BUTTERFLY EARRINGS CRYSTAL
ASS FLORAL PRINT MULTI SCREWDRIVER,ENGLISH ROSE SPIRIT LEVEL ,ENGLISH ROSE GARDEN SECATEURS,ASS FLORAL PRINT SPIRIT LEVEL ,ROUND PURPLE CLOCK WITH SUCKER,VINTAGE BEAD PINK EVENING BAG
ASS FLORAL PRINT SPIRIT LEVEL ,ASS FLORAL PRINT MULTI SCREWDRIVER,VINTAGE GLASS TEA CADDY,ENGLISH ROSE SPIRIT LEVEL ,ENGLISH ROSE GARDEN SECATEURS,RED PEONY TABLE CLOCK
ASSORTED BOTTLE TOP  MAGNETS ,FRIDGE MAGNETS US DINER ASSORTED,FRIDGE MAGNETS LES ENFANTS ASSORTED,FRIDGE MAGNETS LA VIE EN ROSE,MAGNETS PACK OF 4 RETRO PHOTO,MAGNETS PACK OF 4 SWALLOWS
ASSORTED CAKES FRIDGE MAGNETS,PEARL AND CHERRY QUARTZ BRACLET,PINK CRYSTAL SKULL PHONE CHARM,FOLKART CHRISTMAS TREE T-LIGHT HOLD,DAIRY MAID  PUDDING BOWL,LA PALMIERA TILE HOOK
ASSORTED CHEESE FRIDGE MAGNETS,EIGHT PIECE CREEPY CRAWLIE SET,PINK POLKADOT KIDS BAG,PACK 4 FLOWER/BUTTERFLY PATCHES,FUNKY MONKEY MUG,"LETTER ""D"" BLING KEY RING"
ASSORTED CIRCULAR MOBILE,ASS COL CIRCLE MOBILE ,ASSORTED COLOURED CIRCLE MOBILE ,PURPLE DRESS JEWELLERY STAND,UBO-LIGHT TRIOBASE PURPLE,LARGE CIRCULAR MIRROR MOBILE
ASSORTED COLOUR BIRD ORNAMENT,PAINTED METAL PEARS ASSORTED,REGENCY CAKESTAND 3 TIER,WHITE HANGING HEART T-LIGHT HOLDER,PARTY BUNTING,HOME BUILDING BLOCK WORD
ASSORTED COLOUR LIZARD SUCTION HOOK,ASSORTED MONKEY SUCTION CUP HOOK,MIRROR MOSAIC CANDLE PLATE,HEN HOUSE W CHICK IN NEST,GOLD APERITIF GLASS,GIRLY PINK TOOL SET
ASSORTED COLOUR METAL CAT ,BIG POLKADOT MUG,WHITE FRANGIPANI HAIR CLIP,RUBY GLASS CLUSTER EARRINGS,CRACKED GLAZE EARRINGS RED,UNION JACK HOT WATER BOTTLE 
ASSORTED COLOUR MINI CASES,RED RETROSPOT MINI CASES,BAKING SET 9 PIECE RETROSPOT ,REGENCY CAKESTAND 3 TIER,PLASTERS IN TIN SPACEBOY,LUNCH BAG RED RETROSPOT
ASSORTED COLOUR SILK GLASSES CASE,ROMANTIC IMAGES SCRAP BOOK SET,SWEETHEART CREAM STEEL TABLE RECT,LAVENDER INCENSE IN TIN,BOTANICAL LAVENDER GIFT WRAP ,HANGING MEDINA LANTERN SMALL
ASSORTED COLOUR SUCTION CUP HOOK,3 BIRDS CANVAS SCREEN,DANISH ROSE UMBRELLA STAND,EGG FRYING PAN BLUE ,LILAC VOTIVE CANDLE,WHITE HYDRANGEA ART FLOWER
ASSORTED COLOUR T-LIGHT HOLDER,STANDING FAIRY POLE SUPPORT ,HANGING JAM JAR T-LIGHT HOLDER,GREEN FERN JOURNAL ,PURPLE FRANGIPANI NECKLACE,HEART T-LIGHT HOLDER WILLIE WINKIE
ASSORTED COLOURED CIRCLE MOBILE ,ASSORTED CIRCULAR MOBILE,GIRLY PINK TOOL SET,LARGE CIRCULAR MIRROR MOBILE,VINTAGE NOTEBOOK BEAUTY GIRL,BLUE BREAKFAST CUP AND SAUCER 
ASSORTED COLOURS SILK FAN,PINK PAPER PARASOL ,BLUE PAPER PARASOL ,RED PAPER PARASOL,PAPER POCKET TRAVELING FAN ,BOX OF 24 COCKTAIL PARASOLS
ASSORTED CREEPY CRAWLIES,DINOSAUR KEYRINGS ASSORTED,EIGHT PIECE SNAKE  SET,WORLD WAR 2 GLIDERS ASSTD DESIGNS,LITTLE PINK MONSTER SOFT TOY,12 COLOURED PARTY BALLOONS
ASSORTED EASTER DECORATIONS  BELLS,WOODLAND MINI RUCKSACK ,"GARLAND, MAGIC GARDEN 1.8M",LARGE BLACK DIAMANTE HAIRSLIDE,CLASSIC DIAMANTE EARRINGS JET,ROSE PENDANT TRIPLE SHELL NECKLACE
ASSORTED EASTER GIFT TAGS,EASTER TIN CHICKS PINK DAISY,EASTER TIN KEEPSAKE,EASTER TIN BUNNY BOUQUET,SET 3 PAPER VINTAGE CHICK PAPER EGG,EASTER TIN CHICKS IN GARDEN
ASSORTED FARMYARD ANIMALS IN BUCKET,BIRD ON BRANCH CANVAS SCREEN,JAM JAR WITH BLUE LID,GOLD APERITIF GLASS,CD WALL TIDY BLUE OFFICE,PASTEL BLUE PHOTO ALBUM 
"ASSORTED FLOWER COLOUR ""LEIS""",HAWAIIAN GRASS SKIRT ,SOMBRERO ,SMALL POPCORN HOLDER,BOX OF 24 COCKTAIL PARASOLS,MULTICOLOUR 3D BALLS GARLAND
ASSORTED INCENSE PACK,PINK/PURPLE CIRCLE CURTAIN,FAIRY DREAMS INCENSE ,JAM JAR WITH BLUE LID,BLUE WHITE PLASTIC RINGS LAMPSHADE,LUNCH BAG RED SPOTTY
ASSORTED LAQUERED INCENSE HOLDERS,PORCELAIN BUDAH INCENSE HOLDER,ORIGAMI ROSE INCENSE IN TUBE,UNION JACK HOT WATER BOTTLE ,PINK ROUND COMPACT MIRROR,BIRD ON BRANCH CANVAS SCREEN
ASSORTED MINI MADRAS NOTEBOOK,PURPLE FRANGIPANI NECKLACE,LARGE TORTILLA DESIGN RED BOWL,MADRAS NOTEBOOK LARGE ,MADRAS NOTEBOOK MEDIUM,DIAMANTE HAIR GRIP PACK/2 MONTANA
ASSORTED MONKEY SUCTION CUP HOOK,ASSORTED COLOUR LIZARD SUCTION HOOK,GOLD APERITIF GLASS,HEN HOUSE W CHICK IN NEST,BLUE LEAVES AND BEADS PHONE CHARM,JAM JAR WITH BLUE LID
ASSORTED SANSKRIT MINI NOTEBOOK,CROCHET WHITE RABBIT KEYRING ,TROPICAL HOLIDAY PURSE ,ROUND CACTUS CANDLE,VINTAGE BEAD COSMETIC BAG ,ROSE DU SUD DRAWSTRING BAG
ASSORTED SHAPES PHOTO CLIP SILVER ,IVORY SCULPTED RND CANDLE ,PACK 4 FLOWER/BUTTERFLY PATCHES,FOLK FELT HANGING MULTICOL GARLAND,VINTAGE BEAD PINK SHADE ,CANDY SPOT HEART DECORATION
ASSORTED TUTTI FRUTTI  FOB NOTEBOOK,ASSORTED TUTTI FRUTTI HEART BOX,ASSORTED TUTTI FRUTTI NOTEBOOK,ASSORTED TUTTI FRUTTI PEN,ASSORTED TUTTI FRUTTI LARGE PURSE,SUMMER DAISIES BAG CHARM
ASSORTED TUTTI FRUTTI BRACELET,ROUND PURPLE CLOCK WITH SUCKER,ASSORTED TUTTI FRUTTI PEN,TEATIME PUSH DOWN RUBBER,PURPLE DRESS JEWELLERY STAND,ASSORTED TUTTI FRUTTI KEYRING BALL
ASSORTED TUTTI FRUTTI HEART BOX,ASSORTED TUTTI FRUTTI  FOB NOTEBOOK,ASSORTED TUTTI FRUTTI NOTEBOOK,ASSORTED TUTTI FRUTTI LARGE PURSE,EIGHT PIECE CREEPY CRAWLIE SET,ASSORTED TUTTI FRUTTI MIRROR
ASSORTED TUTTI FRUTTI KEYRING BALL,ASSORTED TUTTI FRUTTI PEN,PURPLE DRESS JEWELLERY STAND,PINK STITCHED WALL CLOCK,RED CHARLIE+LOLA PERSONAL DOORSIGN,ASSORTED TUTTI FRUTTI BRACELET
ASSORTED TUTTI FRUTTI LARGE PURSE,ASSORTED TUTTI FRUTTI SMALL PURSE,ASSORTED TUTTI FRUTTI HEART BOX,ASSORTED TUTTI FRUTTI NOTEBOOK,EIGHT PIECE CREEPY CRAWLIE SET,ASSTD RASTA KEY-CHAINS
ASSORTED TUTTI FRUTTI MIRROR,ASSORTED TUTTI FRUTTI SMALL PURSE,ASSORTED TUTTI FRUTTI NOTEBOOK,PURPLE DRESS JEWELLERY STAND,ASSORTED TUTTI FRUTTI HEART BOX,ASSORTED TUTTI FRUTTI LARGE PURSE
ASSORTED TUTTI FRUTTI NOTEBOOK,ASSORTED TUTTI FRUTTI PEN,ASSORTED TUTTI FRUTTI MIRROR,ASSORTED TUTTI FRUTTI HEART BOX,ASSORTED TUTTI FRUTTI LARGE PURSE,QUEEN OF THE SKIES HOLIDAY PURSE 
ASSORTED TUTTI FRUTTI PEN,ASSORTED TUTTI FRUTTI NOTEBOOK,ASSORTED TUTTI FRUTTI KEYRING BALL,ASSORTED TUTTI FRUTTI BRACELET,JAZZ HEARTS PURSE NOTEBOOK,JAZZ HEARTS ADDRESS BOOK
ASSORTED TUTTI FRUTTI SMALL PURSE,ASSORTED TUTTI FRUTTI MIRROR,ASSORTED TUTTI FRUTTI LARGE PURSE,PURPLE DRESS JEWELLERY STAND,PURPLE ENAMEL FLOWER HAIR TIE,GOLD APERITIF GLASS
ASSTD COL BUTTERFLY/CRYSTAL W/CHIME,BIRD ON BRANCH CANVAS SCREEN,POLYESTER FILLER PAD 60x40cm,GLASS CAKE COVER AND PLATE,GOLD APERITIF GLASS,ORANGE FELT VASE + FLOWERS
ASSTD DESIGN 3D PAPER STICKERS,ASS DES PHONE SPONGE CRAFT STICKER,BAROQUE BUTTERFLY EARRINGS CRYSTAL,PURPLE ACRYLIC FACETED BANGLE,BLUE MONTE CARLO HANDBAG,DANISH ROSE FOLDING CHAIR
ASSTD DESIGN RACING CAR PEN,CAMOUFLAGE LED TORCH,PURPLE FRANGIPANI NECKLACE,DINOSAUR KEYRINGS ASSORTED,10 COLOUR SPACEBOY PEN,TROPICAL PASSPORT COVER 
ASSTD FRUIT+FLOWERS FRIDGE MAGNETS,MAGNETS PACK OF 4 RETRO PHOTO,MAGNETS PACK OF 4 HOME SWEET HOME,FRIDGE MAGNETS LES ENFANTS ASSORTED,MAGNETS PACK OF 4 SWALLOWS,FLOWERS TILE COASTER
ASSTD MULTICOLOUR CIRCLES MUG,POLKADOT COFFEE CUP & SAUCER PINK,ROUND PURPLE CLOCK WITH SUCKER,MULTICOLOUR SPRING FLOWER MUG,GREEN/BLUE FLOWER DESIGN BIG MUG,ROUND ARTICULATED PINK CLOCK W/SUCK
ASSTD RASTA KEY-CHAINS,PACK 4 FLOWER/BUTTERFLY PATCHES,RASTA IN BATH W SPLIFF ASHTRAY,PURPLE FRANGIPANI NECKLACE,SILVER FLOWR PINK SHELL NECKLACE,ST GEORGE SET OF 10 PARTY LIGHTS
BABUSHKA LIGHTS STRING OF 10,SET 10 NIGHT OWL LIGHTS,SET 10 LIGHTS NIGHT OWL,"ART LIGHTS,FUNK MONKEY",CHILLI LIGHTS,RED TOADSTOOL LED NIGHT LIGHT
BABY BOOM RIBBONS ,ROMANTIC PINKS RIBBONS ,CHOCOLATE BOX RIBBONS ,BRIGHT BLUES RIBBONS ,URBAN BLACK RIBBONS ,SCANDINAVIAN REDS RIBBONS
BABY MOUSE RED GINGHAM DRESS,CANDY SPOT BUNNY,BLUE/YELLOW CERAMIC CANDLE HOLDER,SET OF 3 PINK FLYING DUCKS,PURPLE/BLUE CERAMIC CANDLE HOLDER,GREEN/BLUE CERAMIC CANDLE HOLDER
BAG 125g SWIRLY MARBLES,WOODEN BOX OF DOMINOES,TRADITIONAL WOODEN SKIPPING ROPE,VINTAGE SNAP CARDS,WORLD WAR 2 GLIDERS ASSTD DESIGNS,RED  HARMONICA IN BOX 
BAG 250g SWIRLY MARBLES,WOODEN BOX OF DOMINOES,VINTAGE SNAP CARDS,BAG 500g SWIRLY MARBLES,BLUE HARMONICA IN BOX ,4 TRADITIONAL SPINNING TOPS
BAG 500g SWIRLY MARBLES,BAG 250g SWIRLY MARBLES,BAG 125g SWIRLY MARBLES,SMALL RED BABUSHKA NOTEBOOK ,VINTAGE SNAKES & LADDERS,RECYCLED PENCIL WITH RABBIT ERASER
BAG OF SILVER STONES,GLASS CAKE COVER AND PLATE,ORANGE FELT VASE + FLOWERS,POLYESTER FILLER PAD 60x40cm,TEA TIME BREAKFAST BASKET,HEN HOUSE W CHICK IN NEST
BAKING MOULD CHOCOLATE CUP CAKES,ENAMEL MUG PANTRY,ENAMEL BOWL PANTRY,LEAVES MAGNETIC  SHOPPING LIST,CANNISTER VINTAGE LEAF DESIGN,ENAMEL JUG PANTRY
BAKING MOULD CHOCOLATE CUPCAKES,BAKING MOULD HEART MILK CHOCOLATE,BAKING MOULD HEART WHITE CHOCOLATE,BAKING MOULD ROSE MILK CHOCOLATE,BAKING MOULD ROSE WHITE CHOCOLATE,BAKING MOULD TOFFEE CUP CHOCOLATE
BAKING MOULD CUPCAKE CHOCOLATE,BAKING MOULD CUPCAKE CHOCOLATE,VINTAGE GLASS COFFEE CADDY,SET/3 POLKADOT STACKING TINS,RED RETROSPOT STORAGE JAR,12 EGG HOUSE PAINTED WOOD
BAKING MOULD EASTER EGG MILK CHOC,BAKING MOULD EASTER EGG WHITE CHOC,BAKING MOULD HEART MILK CHOCOLATE,BAKING MOULD TOFFEE CUP CHOCOLATE,BAKING MOULD HEART WHITE CHOCOLATE,BAKING MOULD ROSE MILK CHOCOLATE
BAKING MOULD EASTER EGG WHITE CHOC,BAKING MOULD EASTER EGG MILK CHOC,BAKING MOULD HEART WHITE CHOCOLATE,BAKING MOULD TOFFEE CUP CHOCOLATE,BAKING MOULD CHOCOLATE CUPCAKES,BAKING MOULD HEART MILK CHOCOLATE
BAKING MOULD HEART MILK CHOCOLATE,BAKING MOULD HEART WHITE CHOCOLATE,BAKING MOULD CHOCOLATE CUPCAKES,BAKING MOULD ROSE MILK CHOCOLATE,BAKING MOULD TOFFEE CUP CHOCOLATE,BAKING MOULD EASTER EGG MILK CHOC
BAKING MOULD HEART WHITE CHOCOLATE,BAKING MOULD HEART MILK CHOCOLATE,BAKING MOULD ROSE WHITE CHOCOLATE,BAKING MOULD CHOCOLATE CUPCAKES,BAKING MOULD TOFFEE CUP CHOCOLATE,BAKING MOULD EASTER EGG WHITE CHOC
BAKING MOULD ROSE MILK CHOCOLATE,BAKING MOULD HEART MILK CHOCOLATE,BAKING MOULD ROSE WHITE CHOCOLATE,BAKING MOULD TOFFEE CUP CHOCOLATE,BAKING MOULD CHOCOLATE CUPCAKES,BAKING MOULD HEART WHITE CHOCOLATE
BAKING MOULD ROSE WHITE CHOCOLATE,BAKING MOULD HEART WHITE CHOCOLATE,BAKING MOULD ROSE MILK CHOCOLATE,BAKING MOULD TOFFEE CUP CHOCOLATE,BAKING MOULD HEART MILK CHOCOLATE,PURPLE FRANGIPANI NECKLACE
BAKING MOULD TOFFEE CUP  CHOCOLATE,BAKING MOULD CUPCAKE CHOCOLATE,VINTAGE GLASS COFFEE CADDY,SET/3 POLKADOT STACKING TINS,RED RETROSPOT STORAGE JAR,12 EGG HOUSE PAINTED WOOD
BAKING MOULD TOFFEE CUP CHOCOLATE,BAKING MOULD HEART WHITE CHOCOLATE,BAKING MOULD ROSE MILK CHOCOLATE,BAKING MOULD HEART MILK CHOCOLATE,BAKING MOULD ROSE WHITE CHOCOLATE,BAKING MOULD EASTER EGG MILK CHOC
BAKING SET 9 PIECE RETROSPOT ,BAKING SET SPACEBOY DESIGN,RETROSPOT TEA SET CERAMIC 11 PC ,TRADITIONAL KNITTING NANCY,PACK OF 72 RETROSPOT CAKE CASES,SET OF 3 CAKE TINS PANTRY DESIGN 
BAKING SET SPACEBOY DESIGN,BAKING SET 9 PIECE RETROSPOT ,RETROSPOT TEA SET CERAMIC 11 PC ,CHILDRENS APRON SPACEBOY DESIGN,LUNCH BAG SPACEBOY DESIGN ,CHILDS BREAKFAST SET SPACEBOY 
BALLOON ART MAKE YOUR OWN FLOWERS,DAISY HAIR BAND,FELTCRAFT HAIRBANDS PINK AND WHITE ,DOORSTOP RACING CAR DESIGN,TOOTHPASTE TUBE PEN,ROSE DU SUD CUSHION COVER 
BALLOON PUMP WITH 10 BALLOONS,12 COLOURED PARTY BALLOONS,SET OF 9 HEART SHAPED BALLOONS,BALLOON WATER BOMB PACK OF 35,SET OF 9 BLACK SKULL BALLOONS,SET 12 KIDS COLOUR  CHALK STICKS
BALLOON WATER BOMB PACK OF 35,6 ROCKET BALLOONS ,BALLOON PUMP WITH 10 BALLOONS,SET OF 9 BLACK SKULL BALLOONS,12 COLOURED PARTY BALLOONS,SET OF 9 HEART SHAPED BALLOONS
BALLOONS  WRITING SET ,DINOSAURS  WRITING SET ,SKULLS WRITING SET ,HAPPY STENCIL CRAFT,MONSTERS STENCIL CRAFT,WOOD STAMP SET BEST WISHES
BANK ACCOUNT  GREETING  CARD ,BOOZE & WOMEN GREETING CARD ,GIN & TONIC DIET GREETING CARD ,HAPPY BIRTHDAY CARD TEDDY/CAKE,MONTANA DIAMOND CLUSTER EARRINGS,"GARLAND, MAGIC GARDEN 1.8M"
BANQUET BIRTHDAY  CARD  ,CARD BILLBOARD FONT,"FANCY FONT BIRTHDAY CARD, ",PENNY FARTHING BIRTHDAY CARD,RAINY LADIES BIRTHDAY CARD,CARD GINGHAM ROSE 
BAROQUE BUTTERFLY EARRINGS BLACK,CRACKED GLAZE EARRINGS RED,RUBY GLASS CLUSTER EARRINGS,AMBER BERTIE GLASS BEAD BAG CHARM,TURQUOISE BERTIE GLASS BEAD CHARM,5 STRAND GLASS NECKLACE AMBER
BAROQUE BUTTERFLY EARRINGS CRYSTAL,ANTIQUE OPAL WHITE FLOWER EARRINGS,POCKET MIRROR WOODLAND,"FLOWER GLASS GARLD NECKL36""AMETHYST",RASTA IN BATH W SPLIFF ASHTRAY,AMBER CHUNKY GLASS+BEAD NECKLACE
BASKET OF FLOWERS SEWING KIT,SEWING SUSAN 21 NEEDLE SET,GENTLEMAN SHIRT REPAIR KIT ,VICTORIAN SEWING KIT,PINK HEART RED HANDBAG,PIN CUSHION BABUSHKA RED
BASKET OF TOADSTOOLS,FELT TOADSTOOL LARGE,FUNKY MONKEY CUSHION COVER,5 HOOK HANGER RED MAGIC TOADSTOOL,MINI LIGHTS WOODLAND MUSHROOMS,VINTAGE NOTEBOOK BEAUTY GIRL
BATH BUILDING BLOCK WORD,HOME BUILDING BLOCK WORD,LOVE BUILDING BLOCK WORD,WELCOME  WOODEN BLOCK LETTERS,WASHROOM METAL SIGN,WHITE HANGING HEART T-LIGHT HOLDER
BATHROOM HOOK,HOME SWEET HOME HOOK,CHAMBRE HOOK,DAISY HAIR COMB,DIAMANTE HAIR GRIP PACK/2 PERIDOT,DOORKNOB CERAMIC IVORY
BATHROOM METAL SIGN,TOILET METAL SIGN,KITCHEN METAL SIGN,BEWARE OF THE CAT METAL SIGN ,HOT BATHS METAL SIGN,LAUNDRY 15C METAL SIGN
BATHROOM METAL SIGN ,PARTY METAL SIGN ,"AIRLINE LOUNGE,METAL SIGN",WASHROOM METAL SIGN,FLORAL BATHROOM SET,GARDEN METAL SIGN 
BATHROOM SCALES FOOTPRINTS IN SAND,"BATHROOM SCALES, TROPICAL BEACH",BATHROOM SCALES RUBBER DUCKS,PINK ACRYLIC JEWEL SNOWFLAKE,RED ROSE AND LACE C/COVER,PURPLE ANEMONE ARTIFICIAL FLOWER
BATHROOM SCALES RUBBER DUCKS,BATHROOM SCALES FOOTPRINTS IN SAND,"BATHROOM SCALES, TROPICAL BEACH",MONTANA DIAMOND CLUSTER EARRINGS,LARGE BLACK DIAMANTE HAIRSLIDE,2 DAISIES HAIR COMB
"BATHROOM SCALES, TROPICAL BEACH",BATHROOM SCALES FOOTPRINTS IN SAND,PINK ACRYLIC JEWEL SNOWFLAKE,BATHROOM SCALES RUBBER DUCKS,"ACRYLIC JEWEL ANGEL,PINK",PINK FLOCK SUEDE CUSHION COVER 
BATHROOM SET LOVE HEART DESIGN,PURPLE DRESS JEWELLERY STAND,MINI LADLE LOVE HEART RED ,QUEEN OF SKIES LUGGAGE TAG,LARGE BLACK DIAMANTE HAIRSLIDE,ROSE PENDANT TRIPLE SHELL NECKLACE
BEACH HUT DESIGN BLACKBOARD,2 DAISIES HAIR COMB,BLUE PADDED SOFT MOBILE,PINK DAISY BAG CHARM,DAISY HAIR COMB,DIAMANTE HAIR GRIP PACK/2 CRYSTAL
BEACH HUT KEY CABINET,GOLD WASHBAG,GLASS CAKE COVER AND PLATE,ORANGE FELT VASE + FLOWERS,POLYESTER FILLER PAD 60x40cm,HEN HOUSE W CHICK IN NEST
BEACH HUT MIRROR,PACK 4 FLOWER/BUTTERFLY PATCHES,FOLK ART METAL HEART T-LIGHT HOLDER,FOLK FELT HANGING MULTICOL GARLAND,PASTEL BLUE PHOTO ALBUM ,PASTEL PINK PHOTO ALBUM 
BEACH HUT SHELF W 3 DRAWERS,BEACH HUT KEY CABINET,MULTICOLOUR POLKADOT PLATE,KEY CABINET MA CAMPAGNE,S/2 BEACH HUT TREASURE CHESTS,"RUSTIC WOODEN CABINET, GLASS DOORS"
BEADED CHANDELIER T-LIGHT HOLDER,IVORY CHANDELIER T-LIGHT HOLDER,FLOWERS CHANDELIER T-LIGHT HOLDER,CINDERELLA CHANDELIER ,MARIE ANTOINETTE TRINKET BOX GOLD,SILVER/NAT SHELL NECKLACE W PENDANT
BEADED CRYSTAL HEART BLUE  LARGE,BEADED CRYSTAL HEART PINK LARGE,BEADED CRYSTAL HEART GREEN LARGE,BEADED CRYSTAL HEART BLUE SMALL,BEADED CRYSTAL HEART PINK SMALL,PARTY TIME DESIGN FLANNEL
BEADED CRYSTAL HEART BLUE ON STICK,BEADED CRYSTAL HEART GREEN ON STICK,GOLD APERITIF GLASS,JAM JAR WITH BLUE LID,DOTCOM POSTAGE,BIRD ON BRANCH CANVAS SCREEN
BEADED CRYSTAL HEART BLUE SMALL,BEADED CRYSTAL HEART PINK SMALL,FUNKY MONKEY MUG,HAPPY BIRTHDAY CARD TEDDY/CAKE,PINK BOUDOIR T-LIGHT HOLDER,BLUE PADDED SOFT MOBILE
BEADED CRYSTAL HEART GREEN LARGE,BEADED CRYSTAL HEART BLUE  LARGE,BEADED CRYSTAL HEART PINK LARGE,PURPLE DRESS JEWELLERY STAND,HEART DECORATION RUSTIC HANGING ,BLUE POLKADOT KIDS BAG
BEADED CRYSTAL HEART GREEN ON STICK,DOTCOM POSTAGE,BEADED CRYSTAL HEART BLUE ON STICK,BEADED CRYSTAL HEART PINK ON STICK,IVORY GOLD METAL BAG CHARM,COPPER AND BRASS BAG CHARM
BEADED CRYSTAL HEART GREEN SMALL,BEADED CRYSTAL HEART PINK SMALL,BEADED CRYSTAL HEART BLUE SMALL,BIRD ON BRANCH CANVAS SCREEN,FIRST CLASS HOLIDAY PURSE ,DOTCOM POSTAGE
BEADED CRYSTAL HEART PINK LARGE,BEADED CRYSTAL HEART BLUE  LARGE,BEADED CRYSTAL HEART GREEN LARGE,BEADED CRYSTAL HEART PINK SMALL,METAL RABBIT LADDER EASTER ,ROSE FOLKART HEART DECORATIONS
BEADED CRYSTAL HEART PINK ON STICK,BEADED CRYSTAL HEART GREEN ON STICK,DOTCOM POSTAGE,"WALL ART,ONLY ONE PERSON ",BEADED CRYSTAL HEART BLUE ON STICK,PACK OF 12 DOILEY TISSUES
BEADED CRYSTAL HEART PINK SMALL,BEADED CRYSTAL HEART BLUE SMALL,BEADED CRYSTAL HEART GREEN SMALL,BEADED CRYSTAL HEART PINK LARGE,BEADED CRYSTAL HEART BLUE  LARGE,PINK POLKADOT KIDS BAG
BEADED LOVE HEART JEWELLERY SET,RAIN PONCHO ,MINI HIGHLIGHTER PENS,NUMBER TILE VINTAGE FONT 5,ASS DES PHONE SPONGE CRAFT STICKER,GOLD PHOTO FRAME
BEADED PEARL HEART WHITE LARGE,BEADED CRYSTAL HEART BLUE SMALL,"WALL ART,ONLY ONE PERSON ",PORCELAIN ROSE LARGE ,PACK OF 12 DOILEY TISSUES,"WALL ART ,PUDDINGS "
BEADED PEARL HEART WHITE ON STICK,PURPLE FRANGIPANI HAIRCLIP,PINK EASTER HENS+FLOWER,JAM JAR WITH BLUE LID,"WALL ART,ONLY ONE PERSON ",GOLD APERITIF GLASS
BELL HEART ANTIQUE GOLD,ALUMINIUM HEART,VINTAGE KITCHEN PRINT PUDDINGS,GEMSTONE CHANDELIER T-LIGHT HOLDER,BELL HEART DECORATION,ZINC WIRE KITCHEN ORGANISER
BELL HEART DECORATION,ALUMINIUM HEART,"BUNTING , SPOTTY ",5 STRAND GLASS NECKLACE AMETHYST,RUBY GLASS CLUSTER NECKLACE,DIAMANTE NECKLACE BLACK 
BELLE JARDINIERE CUSHION COVER,LE JARDIN BOTANIQUE CUSHION COVER,POSTE FRANCE CUSHION COVER,HOME SWEET HOME CUSHION COVER ,LA JARDIN BOTANIQUE CUSHION COVER,POLYESTER FILLER PAD 40x40cm
BEST DAD CANDLE LETTERS,PINK FLOCK SUEDE CUSHION COVER ,BLUE FLOCK CUSHION COVER ,CROCHET BEAR RED/BLUE  KEYRING,FLORAL BLUE MONSTER,BLUE CHECK BAG W HANDLE 34X20CM
BEWARE OF THE CAT METAL SIGN ,HAND OVER THE CHOCOLATE   SIGN ,HOT BATHS METAL SIGN,CHOCOLATE THIS WAY METAL SIGN,PLEASE ONE PERSON METAL SIGN,NO SINGING METAL SIGN
BICYCLE PUNCTURE REPAIR KIT ,CLASSIC BICYCLE CLIPS ,CLASSIC CHROME BICYCLE BELL ,TRADTIONAL ALPHABET STAMP SET,VINTAGE DOILY TRAVEL SEWING KIT,RABBIT NIGHT LIGHT
BICYCLE SAFTEY WALL ART,DOG LICENCE WALL ART,STOP FOR TEA WALL ART,TREASURE AHOY WALL ART,BUFFALO BILL WALL ART ,ANIMALS AND NATURE WALL ART
BIG DOUGHNUT FRIDGE MAGNETS,ASSORTED CHEESE FRIDGE MAGNETS,KNICKERBOCKERGLORY MAGNET ASSORTED ,ICE CREAM PEN LIP GLOSS ,ROSE DU SUD CUSHION COVER ,WOODLAND BUNNIES LOLLY MAKERS
BIG POLKADOT MUG,BLUE ROSE PATCH PURSE PINK BUTTERFL,CUT GLASS HEXAGON T-LIGHT HOLDER,LUSH GREENS RIBBONS,BLUE PATCH PURSE PINK HEART,ASSORTED COLOUR LIZARD SUCTION HOOK
BILI NUT AND WOOD NECKLACE,BROWN KUKUI COCONUT SEED NECKLACE,SPOTTED WHITE NATURAL SEED NECKLACE,RED KUKUI COCONUT SEED NECKLACE,PURPLE DRESS JEWELLERY STAND,DOORKNOB CERAMIC IVORY
BINGO SET,HOLIDAY FUN LUDO,VINTAGE SNAKES & LADDERS,VINTAGE DONKEY TAIL GAME ,VINTAGE SNAP CARDS,WOODEN BOX OF DOMINOES
BIRD BOX CHRISTMAS TREE DECORATION,GLITTER CHRISTMAS HEART ,PASTEL BLUE PHOTO ALBUM ,PASTEL PINK PHOTO ALBUM ,FLOWER PURPLE CLOCK WITH SUCKER,BLACK PHOTO ALBUM 
BIRD DECORATION GREEN POLKADOT,BIRD DECORATION RED RETROSPOT,FUNKY MONKEY MUG,PINK POLKADOT KIDS BAG,PINK FLOWERS RABBIT EASTER,FOLK FELT HANGING MULTICOL GARLAND
BIRD DECORATION RED RETROSPOT,BIRD DECORATION GREEN POLKADOT,2 PICTURE BOOK EGGS EASTER CHICKS,RED RETROSPOT PURSE ,BLUE KNITTED HEN ,RED RETROSPOT SHOPPING BAG
BIRD HOUSE HOT WATER BOTTLE,CHICK GREY HOT WATER BOTTLE,RETROSPOT HEART HOT WATER BOTTLE,SCOTTIE DOG HOT WATER BOTTLE,HAND WARMER OWL DESIGN,HAND WARMER BIRD DESIGN
BIRD ON BRANCH CANVAS SCREEN,JAM JAR WITH BLUE LID,BIRD ON BRANCH CANVAS SCREEN,CD WALL TIDY BLUE OFFICE,ROUND ARTICULATED PINK CLOCK W/SUCK,PASTEL BLUE PHOTO ALBUM 
BIRDCAGE DECORATION TEALIGHT HOLDER,ROUND ARTICULATED PINK CLOCK W/SUCK,HEART DECORATION PAINTED ZINC ,SET/6 POSIES PAPER CUPS,ENVELOPE 50 CURIOUS IMAGES,TRAVEL CARD WALLET SUKI
BIRDHOUSE DECORATION MAGIC GARDEN,DECORATION  BUTTERFLY  MAGIC GARDEN,DECORATION WHITE CHICK MAGIC GARDEN,DECORATION  PINK CHICK MAGIC GARDEN,BUNNY DECORATION MAGIC GARDEN,JIGSAW RABBIT AND BIRDHOUSE
BIRDHOUSE GARDEN MARKER ,WATERING CAN GARDEN MARKER,DAISY GARDEN MARKER,GROW YOUR OWN BASIL IN ENAMEL MUG,IVORY PENDANT TRIPLE SHELL NECKLACE,FRENCH ENAMEL UTENSIL HOLDER
BIRDS MOBILE VINTAGE DESIGN,MOBILE VINTAGE HEARTS ,FIVE CATS HANGING DECORATION,PINK PADDED MOBILE,FIVE HEART HANGING DECORATION,POCKET BAG PINK PAISELY BROWN SPOT
BIRTHDAY BANNER TAPE,HOT WATER BOTTLE BABUSHKA LARGE,FIRST CLASS HOLIDAY PURSE ,PING! MICROWAVE PLATE,CANDY SHOP  STICKER SHEET,MINI JIGSAW GO TO THE FAIR
BIRTHDAY BANQUET GIFT WRAP,BANQUET BIRTHDAY  CARD  ,WRAP BILLBOARD FONTS DESIGN,TEA PARTY  WRAPPING PAPER ,GREEN PAIR HEART HAIR SLIDES,"DECOUPAGE,GREETING CARD,"
"BIRTHDAY CARD, RETRO SPOT",CARD GINGHAM ROSE ,"FANCY FONT BIRTHDAY CARD, ",CARD DOLLY GIRL ,CARD BILLBOARD FONT,CARD SUKI BIRTHDAY
BIRTHDAY PARTY CORDON BARRIER TAPE,HEN PARTY CORDON BARRIER TAPE,PARTY METAL SIGN ,MIRRORED WALL ART GENTS,ST GEORGE SET OF 10 PARTY LIGHTS,COCKTAIL SWORDS 50 PIECES
BISCUIT TIN 50'S CHRISTMAS,BISCUIT TIN VINTAGE CHRISTMAS,PAPER CHAIN KIT 50'S CHRISTMAS ,JUMBO BAG 50'S CHRISTMAS ,BOX OF 6 MINI 50'S CRACKERS,VINTAGE DOILY TRAVEL SEWING KIT
BISCUIT TIN VINTAGE CHRISTMAS,BISCUIT TIN 50'S CHRISTMAS,SET OF 20 VINTAGE CHRISTMAS NAPKINS,PAPER CHAIN KIT VINTAGE CHRISTMAS,BOX OF 6 MINI VINTAGE CRACKERS,60 CAKE CASES VINTAGE CHRISTMAS
BISCUIT TIN VINTAGE GREEN,BISCUIT TIN VINTAGE RED,ROUND CAKE TIN VINTAGE GREEN,ROUND CAKE TIN VINTAGE RED,3 TIER CAKE TIN GREEN AND CREAM,3 TIER CAKE TIN RED AND CREAM
BISCUIT TIN VINTAGE LEAF,CANNISTER VINTAGE LEAF DESIGN,BIRD ON BRANCH CANVAS SCREEN,JAM JAR WITH BLUE LID,GOLD APERITIF GLASS,VINTAGE PINK DECORATIVE PARASOL
BISCUIT TIN VINTAGE RED,BISCUIT TIN VINTAGE GREEN,ROUND CAKE TIN VINTAGE RED,ROUND CAKE TIN VINTAGE GREEN,3 TIER CAKE TIN RED AND CREAM,3 TIER CAKE TIN GREEN AND CREAM
BISCUITS SMALL BOWL LIGHT BLUE,SMALL CHOCOLATES PINK BOWL,SMALL MARSHMALLOWS PINK BOWL,MIXED NUTS LIGHT GREEN BOWL,SMALL DOLLY MIX DESIGN ORANGE BOWL,SMALL LICORICE DES PINK BOWL
BLACK 3 BEAD DROP EARRINGS,DROP DIAMANTE EARRINGS GREEN,DOORKNOB CERAMIC IVORY,LARGE BLACK DIAMANTE HAIRSLIDE,DIAMANTE HAIR GRIP PACK/2 CRYSTAL,DIAMANTE HAIR GRIP PACK/2 PERIDOT
BLACK AND WHITE CAT BOWL,BLACK AND WHITE DOG BOWL,PINK DOG BOWL,TURQ ICE CREAM BUM BAG ,GOLD COSMETIC BAG PINK STAR,SQUARE METAL CANDLEHOLDER BASE
BLACK AND WHITE DOG BOWL,BLACK AND WHITE CAT BOWL,PINK DOG BOWL,TURQ ICE CREAM BUM BAG ,NUMBER TILE VINTAGE FONT No ,T-LIGHT HOLDER WHITE LACE
BLACK BAROQUE CARRIAGE CLOCK,DOTCOM POSTAGE,COPPER AND BRASS BAG CHARM,IVORY GOLD METAL BAG CHARM,BEADED CRYSTAL HEART GREEN ON STICK,CRYSTAL CZECH CROSS PHONE CHARM
BLACK BAROQUE WALL CLOCK ,WHITE BAROQUE WALL CLOCK ,NUMBER TILE VINTAGE FONT 7,MIRROR MOSAIC CANDLE PLATE,HEN HOUSE W CHICK IN NEST,BIRD ON BRANCH CANVAS SCREEN
BLACK BIRD GARDEN DESIGN MUG,CUBIC MUG FLOCK PINK ON BROWN,FOLDING CAMPING SCISSOR W/KNIF & S,GREEN WITH METAL BAG CHARM,PACK 4 FLOWER/BUTTERFLY PATCHES,WHITE WITH METAL BAG CHARM
BLACK CANDELABRA T-LIGHT HOLDER,SILVER STANDING GNOME   ,PINK NEW BAROQUECANDLESTICK CANDLE,BLACK 3 BEAD DROP EARRINGS,CLASSIC DIAMANTE EARRINGS JET,DIAMANTE HAIR GRIP PACK/2 PERIDOT
BLACK CHAMPAGNE GLASS,BLACK WINE GLASS,"ACRYLIC JEWEL ANGEL,PINK",GOLD WINE GOBLET,T-LIGHT HOLDER WHITE LACE,BLACK SMALL GLASS CAKE STAND
BLACK CHERRY LIGHTS,PINK CHERRY LIGHTS,HANGING RIDGE GLASS T-LIGHT HOLDER,SET OF 3 BABUSHKA STACKING TINS,PLASTERS IN TIN WOODLAND ANIMALS,PLAYING CARDS I LOVE LONDON 
BLACK CHRISTMAS FLOCK DROPLET ,WHITE CHRISTMAS FLOCK DROPLET ,HANGING BAUBLE T-LIGHT HOLDER SMALL,PARTY CONE CHRISTMAS DECORATION ,EMBOSSED GLASS TEALIGHT HOLDER,SILVER HANGING T-LIGHT HOLDER
BLACK CHRISTMAS TREE 120CM,BLACK CHRISTMAS TREE 60CM,PINK AND WHITE CHRISTMAS TREE 120CM,PINK/WHITE CHRISTMAS TREE 60CM,CHOC TRUFFLE GOLD TRINKET POT ,60 GOLD AND SILVER FAIRY CAKE CASES
BLACK CHRISTMAS TREE 60CM,PINK/WHITE CHRISTMAS TREE 60CM,BLACK CHRISTMAS TREE 120CM,PURPLE DRESS JEWELLERY STAND,TRIANGULAR POUFFE VINTAGE ,SET OF 16 VINTAGE BLACK CUTLERY
BLACK CHUNKY BEAD BRACELET W STRAP,AMETHYST CHUNKY BEAD BRACELET W STR,NEW BAROQUE B'FLY NECKLACE PINK,PACK 4 FLOWER/BUTTERFLY PATCHES,RESIN NECKLACE W PASTEL BEADS,NEW BAROQUE B'FLY NECKLACE GREEN
BLACK CRYSTAL DROP EARRINGS,CRACKED GLAZE EARRINGS BROWN,GLASS AND PAINTED BEADS BRACELET TO,NEW BAROQUE SMALL NECKLACE BLACK,PURPLE LAS VEGAS BRACELET ROUND,SILVER BLACK ORBIT DROP EARRINGS
BLACK DIAMANTE EXPANDABLE RING,AMETHYST DIAMANTE EXPANDABLE RING,AMBER DIAMANTE EXPANDABLE RING,DROP DIAMANTE EARRINGS CRYSTAL,DIAMANTE HAIR GRIP PACK/2 BLACK DIA,DIAMANTE HAIR GRIP PACK/2 RUBY
BLACK DIAMOND CLUSTER NECKLACE,NEW BAROQUE LARGE NECKLACE BLK/WHIT,MURANO STYLE GLASS BRACELET GOLD,CLEAR ACRYLIC FACETED BANGLE,5 STRAND GLASS NECKLACE CRYSTAL,WHITE VINT ART DECO CRYSTAL NECKLAC
BLACK DINER WALL CLOCK,RED DINER WALL CLOCK,IVORY DINER WALL CLOCK,ORIGAMI OPIUM INCENSE/CANDLE SET ,BLUE DINER WALL CLOCK,HAPPY EASTER HANGING DECORATION
BLACK DROP CRYSTAL NECKLACE,MIDNIGHT BLUE DROP CRYSTAL NECKLACE,COPPER/OLIVE GREEN FLOWER NECKLACE,RASPBERRY ANT COPPER FLOWER NECKLAC,PINK MONTE CARLO HANDBAG,YELLOW FLOWERS FELT HANDBAG KIT
BLACK DROP EARRINGS W LONG BEADS,TURQ PENDANT TRIPLE SHELL NECKLACE,GREEN PENDANT TRIPLE SHELL NECKLACE,MURANO STYLE GLASS BRACELET BLACK,BLUE MURANO TWIST NECKLACE,EDWARDIAN DROP EARRINGS JET BLACK
BLACK EAR MUFF HEADPHONES,GREEN PEONY CUSHION COVER,RED PEONY CUSHION COVER ,EIGHT PIECE CREEPY CRAWLIE SET,QUEEN OF THE SKIES HOLIDAY PURSE ,CAMOUFLAGE EAR MUFF HEADPHONES
BLACK ENAMEL FLOWER RING,RED ENAMEL FLOWER RING,GREEN ENAMEL FLOWER RING,PURPLE ENAMEL FLOWER RING,RUBY DROP CHANDELIER EARRINGS,DROP DIAMANTE EARRINGS CRYSTAL
BLACK ENCHANTED FOREST PLACEMAT,IVORY ENCHANTED FOREST PLACEMAT,RED ENCHANTED FOREST PLACEMAT,MIRRORED DOVE WALL DECORATION,VIP PASSPORT COVER ,SET OF 4 BLACK LOVEBIRD COASTERS
BLACK FEATHER CHRISTMAS DECORATION,MAXWELL 2 TONE BLUE 60 PAGE PHOTO A,BLUE CAT BISCUIT BARREL PINK HEART,PEARLISED IVORY HEART SMALL ,WOVEN SUNSET CUSHION COVER ,PEARLISED IVORY HEART LARGE 
BLACK FINE BEAD NECKLACE W TASSEL,FIRE POLISHED GLASS NECKL BRONZE,BLUE CHENILLE SHAGGY CUSHION COVER ,PHOTO CLIP LINE,SET OF 6 HALLOWEEN GHOST T-LIGHTS,SET OF 4 NAPKIN CHARMS CROWNS 
BLACK FLOWER CANDLE PLATE,FUNKY MONKEY MUG,PINK POLKADOT KIDS BAG,PURPLE FRANGIPANI HAIRCLIP,"LETTER ""B"" BLING KEY RING",FROG KING WATERING CAN
BLACK GEMSTONE BRACELET,PURPLE GEMSTONE NECKLACE 45CM,PURPLE GEMSTONE BRACELET,BLUE LEAVES AND BEADS PHONE CHARM,BLACK GEMSTONE NECKLACE 45CM,BLACK VINT ART DEC CRYSTAL BRACELET
BLACK GEMSTONE NECKLACE 45CM,BLACK GEMSTONE BRACELET,PURPLE GEMSTONE BRACELET,5 STRAND GLASS NECKLACE AMETHYST,DIAMANTE NECKLACE BLACK ,RUBY GLASS CLUSTER NECKLACE
BLACK GLASS BRACELET W HEART CHARMS,BLUE MURANO TWIST NECKLACE,PINK MURANO TWIST NECKLACE,GREEN MURANO TWIST NECKLACE,GREEN  DIAMANTE PEN IN GIFT BOX,DECORATIVE HANGING SHELVING UNIT
BLACK GRAND BAROQUE PHOTO FRAME,GIRLY PINK TOOL SET,PACK 4 FLOWER/BUTTERFLY PATCHES,MIRROR LOVE BIRD T-LIGHT HOLDER,VINTAGE BEAD PINK SHADE ,BLUE BREAKFAST CUP AND SAUCER 
BLACK HEART CARD HOLDER,CREAM HEART CARD HOLDER,LARGE ZINC HEART WALL ORGANISER,WHITE HANGING HEART T-LIGHT HOLDER,HEART IVORY TRELLIS SMALL,HEART OF WICKER LARGE
BLACK KITCHEN SCALES,RED KITCHEN SCALES,IVORY KITCHEN SCALES,MINT KITCHEN SCALES,ENAMEL MEASURING JUG CREAM,RED DINER WALL CLOCK
BLACK LOVE BIRD CANDLE,SET/6 BLACK BIRD T-LIGHT CANDLES,IVORY LOVE BIRD CANDLE,PINK STRAWBERRY HANDBAG ,MARIE ANTOIENETT TRINKET BOX GOLD,PINK POLKADOT KIDS BAG
BLACK LOVE BIRD T-LIGHT HOLDER,MIRROR LOVE BIRD T-LIGHT HOLDER,JARDIN ETCHED GLASS BUTTER DISH,IVORY PANTRY HANGING LAMP ,DOTCOM POSTAGE,VINTAGE BLUE TINSEL REEL
BLACK MEDIUM GLASS CAKE STAND,FRESHWATER PEARL BRACELET GOLD,SMALL CHUNKY GLASS ROMAN  BOWL,"PEARL & SHELL 42""NECKL. GREEN",FIRE POLISHED GLASS NECKL GOLD,JARDIN ETCHED GLASS SMALL BELL JAR
BLACK MINI TAPE MEASURE ,GOLD MINI TAPE MEASURE ,"LETTER ""M"" BLING KEY RING","LETTER ""J"" BLING KEY RING",POLYESTER FILLER PAD 60x40cm,"LETTER ""L"" BLING KEY RING"
BLACK ORANGE SQUEEZER,SET OF 4 CAROUSEL PLACEMATS ,ACRYLIC GEOMETRIC LAMP,MIRROR MOSAIC CANDLE PLATE,PACK 4 FLOWER/BUTTERFLY PATCHES,ORANGE FELT VASE + FLOWERS
BLACK PHOTO ALBUM ,WRAP  VINTAGE DOILEY ,PASTEL PINK PHOTO ALBUM ,PASTEL BLUE PHOTO ALBUM ,FLOWER PURPLE CLOCK WITH SUCKER,BIRD BOX CHRISTMAS TREE DECORATION
BLACK PIRATE TREASURE CHEST,BROWN  PIRATE TREASURE CHEST ,JAZZ HEARTS PURSE NOTEBOOK,CERAMIC PIRATE CHEST MONEY BANK,STARFISH SOAP DISH,12 PENCILS SMALL TUBE SKULL
BLACK RECORD COVER FRAME,"RECORD FRAME 7"" SINGLE SIZE ",VINYL RECORD FRAME SILVER,SILVER RECORD COVER FRAME,CLASSIC CAFE SUGAR DISPENSER,POPCORN HOLDER
BLACK SIL'T SQU CANDLE PLATE ,BLACK SILOUETTE CANDLE PLATE,MOROCCAN BEATEN METAL DISH,CERAMIC STRAWBERRY TRINKET TRAY,"PINK/WHITE ""KEEP CLEAN"" BULLET BIN",SQUARE CHERRY BLOSSOM CABINET
BLACK SILOUETTE CANDLE PLATE,BLACK SIL'T SQU CANDLE PLATE ,JADE DROP EARRINGS W FILIGREE,PURPLE ENAMEL+GLASS HAIR COMB,CLASSIC DIAMANTE EARRINGS JET,PINK EASTER HENS+FLOWER
BLACK SMALL GLASS CAKE STAND,BLACK WINE GLASS,BLUE CHENILLE SHAGGY CUSHION COVER ,BIRD ON BRANCH CANVAS SCREEN,GIRLY PINK TOOL SET,JAM JAR WITH BLUE LID
BLACK SQUARE TABLE CLOCK,WHITE SQUARE TABLE CLOCK,PINK SQUARE TABLE CLOCK,LARGE BLACK DIAMANTE HAIRSLIDE,CLASSIC DIAMANTE EARRINGS JET,DIAMANTE HAIR GRIP PACK/2 CRYSTAL
BLACK STITCHED WALL CLOCK,PINK STITCHED WALL CLOCK,WHITE STITCHED WALL CLOCK,FLOWER BLUE CLOCK WITH SUCKER,PASTEL BLUE PHOTO ALBUM ,GRASS HOPPER WOODEN WALL CLOCK 
BLACK SWEETHEART BRACELET,PINK SWEETHEART BRACELET,PURPLE SWEETHEART BRACELET,GREEN SWEETHEART BRACELET,BLUE SWEETHEART BRACELET,ANT COPPER LIME BOUDICCA BRACELET
BLACK TEA TOWEL CLASSIC DESIGN,RED TEA TOWEL CLASSIC DESIGN,BLUE TEA TOWEL CLASSIC DESIGN,DIAMANTE HAIR GRIP PACK/2 LT ROSE,FRENCH ENAMEL POT W LID,RIDGED GLASS STORAGE JAR CREAM LID
"BLACK TEA,COFFEE,SUGAR JARS","WHITE TEA,COFFEE,SUGAR JARS",SQUARE CHERRY BLOSSOM CABINET,CHOCOLATE 3 WICK MORRIS BOX CANDLE,TUMBLER BAROQUE,ROUND PURPLE CLOCK WITH SUCKER
BLACK VINT ART DEC CRYSTAL BRACELET,COTE D'AZURE NECKLACE,BLACK GEMSTONE BRACELET,BLACK GEMSTONE NECKLACE 45CM,PURPLE GEMSTONE NECKLACE 45CM,ST TROPEZ NECKLACE
BLACK VINT ART DEC CRYSTAL NECKLACE,WHITE VINT ART DECO CRYSTAL NECKLAC,BLACK VINTAGE  CRYSTAL EARRINGS,WHITE VINTAGE CRYSTAL EARRINGS,RUBY GLASS CLUSTER NECKLACE,AMBER GLASS/SHELL/PEARL NECKLACE
BLACK VINTAGE  CRYSTAL EARRINGS,VINTAGE ENAMEL & CRYSTAL NECKLACE,NEW BAROQUE SMALL NECKLACE BLACK,BLACK VINT ART DEC CRYSTAL NECKLACE,CRACKED GLAZE NECKLACE RED,WHITE VINTAGE CRYSTAL EARRINGS
BLACK WINE GLASS,BLACK CHAMPAGNE GLASS,BLACK SMALL GLASS CAKE STAND,JAM JAR WITH BLUE LID,BIRD ON BRANCH CANVAS SCREEN,SILVER AND BLACK ORBIT NECKLACE
BLACK+WHITE NECKLACE W TASSEL,CRACKED GLAZE EARRINGS BROWN,BLACK DROP EARRINGS W LONG BEADS,CROCHET DOG KEYRING,"FLOWER GLASS GARLD NECKL36""TURQUOIS",PINK/AMETHYST/GOLD NECKLACE
BLACK/BLUE POLKADOT UMBRELLA,RED RETROSPOT UMBRELLA,EDWARDIAN PARASOL RED,EDWARDIAN PARASOL NATURAL,EDWARDIAN PARASOL BLACK,EDWARDIAN PARASOL PINK
BLACK/WHITE GLASS/SILVER BRACELET,NEW BAROQUE B'FLY NECKLACE PINK,AMBER CHUNKY BEAD BRACELET W STRAP,AMETHYST CHUNKY BEAD BRACELET W STR,MIDNIGHT BLUE GLASS/SILVER BRACELET,PINK HEART OF GLASS BRACELET
BLACKCHRISTMAS TREE 30CM,DUSTY PINK CHRISTMAS TREE 30CM,PINK PARTY SUNGLASSES,POSY CANDY BAG,CHRYSANTHEMUM  JOURNAL,SILVER DISCO HANDBAG
BLING KEY RING STAND,"LETTER ""Y"" BLING KEY RING",CLEAR CRYSTAL STAR PHONE CHARM,WOVEN FROST CUSHION COVER,WOVEN ROSE GARDEN CUSHION COVER ,JARDIN ETCHED GLASS LARGE BELL JAR
BLOND DOLL DOORSTOP,LARGE CRYSTAL DIAMANTE HAIRSLIDE,ORANGE PENDANT TRIPLE SHELL NECKLAC,DIAMANTE HAIR GRIP PACK/2 PERIDOT,LARGE BLACK DIAMANTE HAIRSLIDE,DROP DIAMANTE EARRINGS GREEN
BLOSSOM  IMAGES NOTEBOOK SET,CURIOUS  IMAGES NOTEBOOK SET,ROMANTIC IMAGES NOTEBOOK SET,DAISY HAIR COMB,MONTANA DIAMOND CLUSTER EARRINGS,2 DAISIES HAIR COMB
BLOSSOM IMAGES GIFT WRAP SET,ROMANTIC IMAGES GIFT WRAP SET,CURIOUS IMAGES GIFT WRAP SET,ENVELOPE 50 BLOSSOM IMAGES,YULETIDE IMAGES GIFT WRAP SET,BOHEMIAN COLLAGE STATIONERY SET
BLOSSOM IMAGES SCRAP BOOK SET,SILVER T-LIGHT SETTING,WISE MAN STAR SHAPE EGG PAN,ROMANTIC IMAGES SCRAP BOOK SET,ANT COPPER TURQ BOUDICCA BRACELET,STRING OF STARS CARD HOLDER
BLUE  DIAMANTE PEN IN GIFT BOX,SILVER DIAMANTE PEN IN GIFT BOX,GREEN  DIAMANTE PEN IN GIFT BOX,LILAC DIAMANTE PEN IN GIFT BOX,FUNKY MONKEY MUG,SET/3 TALL GLASS CANDLE HOLDER PINK
BLUE  TILE HOOK,ASSTD COL BUTTERFLY/CRYSTAL W/CHIME,ACRYLIC GEOMETRIC LAMP,BIRD ON BRANCH CANVAS SCREEN,VINTAGE BEAD PINK JEWEL STAND,FRYING PAN RED POLKADOT 
BLUE  VOILE LAMPSHADE,GIRLY PINK TOOL SET,BLUE FLOCK CUSHION COVER ,VINTAGE NOTEBOOK BEAUTY GIRL,BLUE BREAKFAST CUP AND SAUCER ,BLACK BAROQUE WALL CLOCK 
BLUE & WHITE BREAKFAST TRAY,PINK & WHITE BREAKFAST TRAY,PACK 4 FLOWER/BUTTERFLY PATCHES,GIRLY PINK TOOL SET,MIRROR MOSAIC VOTIVE HOLDER,TUMBLER NEW ENGLAND
BLUE 3 PIECE POLKADOT CUTLERY SET,PINK 3 PIECE POLKADOT CUTLERY SET,RED 3 PIECE RETROSPOT CUTLERY SET,GREEN 3 PIECE POLKADOT CUTLERY SET,CHILDRENS CUTLERY POLKADOT PINK,CHILDRENS CUTLERY RETROSPOT RED 
BLUE BIRDHOUSE DECORATION,GREEN BIRDHOUSE DECORATION,RED PURSE WITH PINK HEART,FIVE CATS HANGING DECORATION,RETROSPOT CANDLE  MEDIUM,PURPLE DRESS JEWELLERY STAND
BLUE BLOSSOM HAIR CLIP,"GARLAND, MAGIC GARDEN 1.8M",DOORKNOB CERAMIC IVORY,DIAMANTE HAIR GRIP PACK/2 CRYSTAL,LARGE BLACK DIAMANTE HAIRSLIDE,DAISY HAIR COMB
BLUE BREAKFAST CUP AND SAUCER ,GIRLY PINK TOOL SET,PINK BREAKFAST CUP AND SAUCER ,BLUE FLOCK CUSHION COVER ,ROUND ARTICULATED PINK CLOCK W/SUCK,VINTAGE NOTEBOOK BEAUTY GIRL
BLUE BUNNY EASTER EGG BASKET,PINK BUNNY EASTER EGG BASKET,CREAM BUNNY EASTER EGG BASKET, I LOVE LONDON MINI RUCKSACK,SET 36 COLOURING PENCILS DOILEY,SET 12 COLOURING PENCILS DOILEY
BLUE CALCULATOR RULER,HEART CALCULATOR,CHOCOLATE CALCULATOR,UNION JACK FLAG LUGGAGE TAG,"SILICON CUBE 25W, BLUE",GLITTER SNOW PEAR TREE DECORATION
BLUE CAT BISCUIT BARREL PINK HEART,BIRD ON BRANCH CANVAS SCREEN,GOLD APERITIF GLASS,WHITE FRANGIPANI HAIR CLIP,JAM JAR WITH BLUE LID,MUMMY MOUSE RED GINGHAM RIBBON
BLUE CHARLIE+LOLA PERSONAL DOORSIGN,RED CHARLIE+LOLA PERSONAL DOORSIGN,CHARLIE+LOLA MY ROOM DOOR SIGN,"CHARLIE+LOLA""EXTREMELY BUSY"" SIGN",CHARLIE & LOLA WASTEPAPER BIN BLUE,CHARLIE & LOLA WASTEPAPER BIN FLORA
BLUE CHECK BAG W HANDLE 34X20CM,BLUE CHENILLE SHAGGY CUSHION COVER ,BLUE STRIPES SHOULDER BAG,CAROUSEL PONIES BABY BIB,BLUE CRUSOE CHECK LAMPSHADE,YELLOW/BLUE RETRO RADIO
BLUE CHENILLE SHAGGY CUSHION COVER ,GIRLY PINK TOOL SET,HEN HOUSE W CHICK IN NEST,BLACK FINE BEAD NECKLACE W TASSEL,POLYESTER FILLER PAD 60x40cm,ORANGE FELT VASE + FLOWERS
BLUE CIRCLES DESIGN MONKEY DOLL,STRIPES DESIGN MONKEY DOLL,FUNKY MONKEY MUG,GLASS CAKE COVER AND PLATE,HEN HOUSE W CHICK IN NEST,POLYESTER FILLER PAD 60x40cm
BLUE CIRCLES DESIGN TEDDY,STRIPES DESIGN TEDDY,STRIPES DESIGN MONKEY DOLL,RUBY DROP CHANDELIER EARRINGS,BLUE PADDED SOFT MOBILE,DOORKNOB CERAMIC IVORY
BLUE CLIMBING HYDRANGA ART FLOWER,SET 12 COLOURING PENCILS DOILEY, I LOVE LONDON MINI RUCKSACK,SET 36 COLOURING PENCILS DOILEY,BLUE DELPHINIUM ARTIFICIAL FLOWER,PLAYING CARDS VINTAGE DOILEY 
BLUE COAT RACK PARIS FASHION,RED COAT RACK PARIS FASHION,YELLOW COAT RACK PARIS FASHION,CHOCOLATE THIS WAY METAL SIGN,WOODEN PICTURE FRAME WHITE FINISH,I'M ON HOLIDAY METAL SIGN
BLUE CRUSOE CHECK LAMPSHADE,JET BLACK LAS VEGAS BRACELET ROUND,PINK CHERRY BLOSSOM CUP & SAUCER,RUBY DROP CHANDELIER EARRINGS,PURPLE LAS VEGAS BRACELET ROUND,SILVER FLOWR PINK SHELL NECKLACE
BLUE CUSHION COVER WITH FLOWER,PINK YELLOW PATCH CUSHION COVER,CANDY SPOT CUSHION COVER,PINK BUTTERFLY CUSHION COVER ,SOFT PINK ROSE TOWEL ,PADS TO MATCH ALL CUSHIONS
BLUE DAISY MOBILE,PURPLE DRESS JEWELLERY STAND,PINK/PURPLE CIRCLE CURTAIN,JAM JAR WITH BLUE LID,2 DAISIES HAIR COMB,MONTANA DIAMOND CLUSTER EARRINGS
BLUE DELPHINIUM ARTIFICIAL FLOWER,BLUE CLIMBING HYDRANGA ART FLOWER,CREAM DELPHINIUM ARTIFICIAL FLOWER,SET 12 COLOURING PENCILS DOILEY,SET 36 COLOURING PENCILS DOILEY, I LOVE LONDON MINI RUCKSACK
BLUE DINER WALL CLOCK,RED DINER WALL CLOCK,IVORY DINER WALL CLOCK,MINT DINER WALL CLOCK,PINK DINER WALL CLOCK,ALARM CLOCK BAKELIKE RED 
BLUE DISCO HANDBAG,PINK DISCO HANDBAG,SILVER DISCO HANDBAG,ASSTD RASTA KEY-CHAINS,BLUE PADDED SOFT MOBILE,DOTCOM POSTAGE
BLUE DRAGONFLY HELICOPTER,PURPLE FRANGIPANI NECKLACE,RED DRAGONFLY HELICOPTER,RED SHARK HELICOPTER,DIAMANTE HAIR GRIP PACK/2 BLACK DIA,DIAMANTE HAIR GRIP PACK/2 MONTANA
BLUE DRAWER KNOB ACRYLIC EDWARDIAN,PURPLE DRAWERKNOB ACRYLIC EDWARDIAN,GREEN DRAWER KNOB ACRYLIC EDWARDIAN,PINK DRAWER KNOB ACRYLIC EDWARDIAN,RED DRAWER KNOB ACRYLIC EDWARDIAN,CLEAR DRAWER KNOB ACRYLIC EDWARDIAN
BLUE EASTER EGG HUNT START POST,HEN HOUSE W CHICK IN NEST,GREEN EASTER EGG HUNT START POST,POLYESTER FILLER PAD 60x40cm,GLASS CAKE COVER AND PLATE,ORANGE FELT VASE + FLOWERS
BLUE EGG  SPOON,RED  EGG  SPOON,BLUE PUDDING SPOON,BLUE POLKADOT EGG CUP ,RED PUDDING SPOON,BLUE POLKADOT BEAKER 
BLUE FELT EASTER EGG BASKET,CREAM FELT EASTER EGG BASKET,EASTER TIN BUCKET,WHITE/PINK CHICK DECORATION,PINK FELT EASTER RABBIT GARLAND,PINK FELT EASTER EGG BASKET
BLUE FELT HANGING HEART WITH FLOWER,YELLOW FELT HANGING HEART W FLOWER,PINK FELT HANGING HEART W FLOWER,WOOD AND GLASS MEDICINE CABINET,TUSCAN VILLA DOVECOTE BIRD FEEDER,2 PICTURE BOOK EGGS EASTER CHICKS
BLUE FLOCK CUSHION COVER ,GIRLY PINK TOOL SET,PINK FLOCK SUEDE CUSHION COVER ,BLUE BREAKFAST CUP AND SAUCER ,NEW BAROQUE BLACK PHOTO ALBUM,VINTAGE NOTEBOOK BEAUTY GIRL
BLUE FLOCK GLASS CANDLEHOLDER,PINK BAROQUE FLOCK CANDLE HOLDER,BLUE MONTE CARLO HANDBAG,PINK FLOCK PHOTO FRAME ,PINK FLOCK GLASS CANDLEHOLDER,POP ART PUSH DOWN RUBBER 
BLUE FLOWER DES PURSE,FUSCHIA FLOWER PURSE WITH BEADS,BIRD ON BRANCH CANVAS SCREEN,GOLD APERITIF GLASS,JAM JAR WITH BLUE LID,BLUE STRIPES SHOULDER BAG
BLUE FLY SWAT,PINK FLY SWAT,SILVER FLOWR PINK SHELL NECKLACE,CANDY SPOT CUSHION COVER,FOLDING UMBRELLA PINKWHITE POLKADOT,BLACKCHRISTMAS TREE 30CM
BLUE GEISHA GIRL ,GREEN GEISHA GIRL ,JARDIN ETCHED GLASS BUTTER DISH,PINK PAINTED KASHMIRI CHAIR,VINTAGE BLUE TINSEL REEL,RED POLKADOT PUDDING BOWL
BLUE GIANT GARDEN THERMOMETER,GREEN GIANT GARDEN THERMOMETER,IVORY GIANT GARDEN THERMOMETER,YELLOW GIANT GARDEN THERMOMETER,GARDENERS KNEELING PAD KEEP CALM ,GARDENERS KNEELING PAD CUP OF TEA 
BLUE GINGHAM ROSE CUSHION COVER,POLYESTER FILLER PAD 65CMx65CM,PINK PAISLEY CUSHION COVER ,36 PENCILS TUBE POSY,"FLOWER FAIRY,5 SUMMER B'DRAW LINERS",TUB 24 PINK FLOWER PEGS
BLUE GLASS CHUNKY CHARM BRACELET,PEARL AND CHERRY QUARTZ BRACLET,NEW BAROQUE B'FLY NECKLACE PINK,MIDNIGHT BLUE GLASS/SILVER BRACELET,WHITE GLASS CHUNKY CHARM BRACELET,AMBER GLASS/SILVER BRACELET
BLUE GLASS GEMS IN BAG,BAG OF SILVER STONES,QUEEN OF THE SKIES HOLIDAY PURSE ,FIRST CLASS HOLIDAY PURSE ,HEN HOUSE W CHICK IN NEST,HAPPY BIRTHDAY CARD TEDDY/CAKE
BLUE GREEN EMBROIDERY COSMETIC BAG,DOTCOM POSTAGE,PINK GREEN EMBROIDERY COSMETIC BAG,IVORY GOLD METAL BAG CHARM,DANISH ROSE UMBRELLA STAND,VINTAGE KEEPSAKE BOX PINK FLOWER
BLUE HANGING GINGHAM EASTER HEN,BLUE HANGING GINGHAM EASTER HEN,EASTER CRAFT IVY WREATH WITH CHICK,BLUE STRIPES SHOULDER BAG,BLUE CHECK BAG W HANDLE 34X20CM,FUSCHIA TABLE RUN FLOWER 
BLUE HAPPY BIRTHDAY BUNTING,PINK HAPPY BIRTHDAY BUNTING,PARTY BUNTING,TEA TIME PARTY BUNTING,SPOTTY BUNTING,PAPER BUNTING RETROSPOT
BLUE HARMONICA IN BOX ,RED  HARMONICA IN BOX ,WOODEN BOX OF DOMINOES,VINTAGE SNAP CARDS,VINTAGE HEADS AND TAILS CARD GAME ,WORLD WAR 2 GLIDERS ASSTD DESIGNS
BLUE HEART COMPACT MIRROR,BLUE ROUND COMPACT MIRROR,BLUE SQUARE COMPACT MIRROR,PINK ROUND COMPACT MIRROR,PURPLE CHUNKY GLASS+BEAD NECKLACE,PURPLE FRANGIPANI HAIRCLIP
BLUE HOLE PUNCH,HANGING BAUBLE T-LIGHT HOLDER SMALL,JARDIN ETCHED GLASS LARGE BELL JAR,GREEN MURANO TWIST NECKLACE,BLUE EASTER EGG HUNT START POST,PINK FELT EASTER EGG BASKET
BLUE JUICY FRUIT PHOTO FRAME,GREEN JUICY FRUIT PHOTO FRAME,SILVER PHOTO FRAME,NEW BAROQUE B'FLY NECKLACE CRYSTAL,BEADED LOVE HEART JEWELLERY SET,LIGHT DECORATION BATTERY OPERATED
BLUE KNITTED EGG COSY,PINK KNITTED EGG COSY,PURPLE FRANGIPANI NECKLACE,FRENCH CHATEAU OVAL PLATTER,WHITE FRANGIPANI NECKLACE,DIAMANTE HAIR GRIP PACK/2 LT ROSE
BLUE KNITTED HEN ,PEACH KNITTED HEN ,BLACK GLASS BRACELET W HEART CHARMS,PACK 4 FLOWER/BUTTERFLY PATCHES,PINK FELT HANGING HEART W FLOWER,CITRUS GARLAND FELT FLOWERS 
BLUE LEAVES AND BEADS PHONE CHARM,BLUE LEAVES AND BEADS PHONE CHARM,DAIRY MAID  PUDDING BOWL,SILVER/NATURAL SHELL NECKLACE,BLUE POLKADOT PURSE ,BLACK GEMSTONE BRACELET
BLUE MONTE CARLO HANDBAG,BLUE MONTE CARLO HANDBAG,POP ART PUSH DOWN RUBBER ,YELLOW/ORANGE FLOWER DESIGN PLATE,FLOWERS HANDBAG blue and orange,YELLOW PINK FLOWER DESIGN BIG BOWL
BLUE MURANO TWIST BRACELET,GREEN MURANO TWIST BRACELET,VINTAGE ROSE BEAD BRACELET BLACK,TURQUOISE CRYSTAL+GLASS BRACELET,JADE CRYSTAL+GLASS BRACELET,FIRE POLISHED GLASS BRACELET BLACK
BLUE MURANO TWIST NECKLACE,PEARL AND CHERRY QUARTZ BRACLET,BLACK GLASS BRACELET W HEART CHARMS,PINK MURANO TWIST NECKLACE,BLACK DROP EARRINGS W LONG BEADS,MURANO STYLE GLASS BRACELET BLACK
BLUE NETTING STORAGE HANGER,WHITE FRANGIPANI NECKLACE,PACK 4 FLOWER/BUTTERFLY PATCHES,BLACK VINT ART DEC CRYSTAL BRACELET,ZINC HEART LATTICE 2 WALL PLANTER,BLACK CHUNKY BEAD BRACELET W STRAP
BLUE NEW BAROQUE CANDLESTICK CANDLE,PINK NEW BAROQUECANDLESTICK CANDLE,ORANGE PENDANT TRIPLE SHELL NECKLAC,DROP DIAMANTE EARRINGS GREEN,DOORKNOB CERAMIC IVORY,MONTANA DIAMOND CLUSTER EARRINGS
BLUE NEW BAROQUE FLOCK CANDLESTICK,PINK PAISLEY CUSHION COVER ,TOP SECRET PEN SET,TEATIME PEN CASE & PENS,WHITE STITCHED CUSHION COVER,JUNGLE POPSICLES ICE LOLLY HOLDERS
BLUE ORGANDY ROUND LAMPSHADE W BEA,FRUIT SALAD BAG CHARM,PAIR OF PINK FLOWER CLUSTER SLIDE,ORIGAMI VANILLA INCENSE CONES,CRYSTAL STUD EARRINGS CLEAR DISPLAY,GREEN ENAMEL+GLASS HAIR COMB
BLUE OWL SOFT TOY,PINK OWL SOFT TOY,FIVE CATS HANGING DECORATION,BLUE SCOTTIE DOG W FLOWER PATTERN,MOUSE TOY WITH PINK T-SHIRT,5 HOOK HANGER RED MAGIC TOADSTOOL
BLUE PADDED SOFT MOBILE,WHITE CHRISTMAS TREE 60CM,"ACRYLIC HANGING JEWEL,PINK",BEACH HUT DESIGN BLACKBOARD,BEADED CRYSTAL HEART BLUE SMALL,TOP SECRET PEN SET
BLUE PAINTED KASHMIRI CHAIR,GOLDIE LOOKING MIRROR,"RETRO ""TEA FOR ONE"" ",GOLD PHOTO FRAME,GLASS TWIST BON BON JAR,SILVER PHOTO FRAME
BLUE PAISLEY JOURNAL ,GREEN FERN JOURNAL ,GARDEN PATH JOURNAL,DAISY JOURNAL ,ABSTRACT CIRCLE JOURNAL ,CHRYSANTHEMUM  JOURNAL
BLUE PAISLEY NOTEBOOK,GREEN FERN NOTEBOOK,DAISY NOTEBOOK ,BLUE PAISLEY JOURNAL ,GARDEN PATH NOTEBOOK ,CHRYSANTHEMUM NOTEBOOK
BLUE PAISLEY POCKET BOOK,RED DAISY POCKET BOOK ,GREEN FERN POCKET BOOK,ABSTRACT CIRCLES POCKET BOOK,GARDEN PATH POCKET BOOK,CHRYSANTHEMUM POCKET BOOK 
BLUE PAISLEY SKETCHBOOK,GREEN FERN SKETCHBOOK ,ABSTRACT CIRCLES SKETCHBOOK ,GARDEN PATH SKETCHBOOK,CHRYSANTHEMUM SKETCHBOOK ,BLUE PAISLEY JOURNAL 
BLUE PAISLEY TISSUE BOX,PINK PAISLEY SQUARE TISSUE BOX ,RED RETROSPOT TISSUE BOX,MOTORING TISSUE BOX,EMPIRE TISSUE BOX,SWALLOW SQUARE TISSUE BOX
BLUE PAPER PARASOL ,RED PAPER PARASOL,PINK PAPER PARASOL ,PURPLE PAPER PARASOL,ASSORTED COLOURS SILK FAN,SUNFLOWER DECORATIVE PARASOL
BLUE PARTY BAGS ,PINK PARTY BAGS,TEA TIME PARTY BUNTING,PINK HAPPY BIRTHDAY BUNTING,PARTY CONES CARNIVAL ASSORTED,SET 20 NAPKINS FAIRY CAKES DESIGN 
BLUE PATCH PURSE PINK HEART,BLUE ROSE PATCH PURSE PINK BUTTERFL,DENIM PATCH PURSE PINK BUTTERFLY,BLUE/GREEN SHELL NECKLACE W PENDANT,LIGHT DECORATION BATTERY OPERATED,BIG POLKADOT MUG
BLUE POLKADOT BEAKER ,RED POLKADOT BEAKER ,BLUE POLKADOT COFFEE MUG,BLUE EGG  SPOON,DAIRY MAID TOASTRACK,CHARLIE AND LOLA TABLE TINS
BLUE POLKADOT BOWL,PINK POLKADOT BOWL,GREEN POLKADOT BOWL,RED RETROSPOT BOWL,BLUE POLKADOT PLATE ,BLUE POLKADOT CUP
BLUE POLKADOT COFFEE MUG,RED POLKADOT COFFEE  MUG,BLUE POLKADOT EGG CUP ,CUBIC MUG PINK POLKADOT,RED POLKADOT BEAKER ,BLUE POLKADOT BEAKER 
BLUE POLKADOT CUP,PINK  POLKADOT CUP,BLUE POLKADOT PLATE ,RED RETROSPOT CUP,BLUE POLKADOT BOWL,RED RETROSPOT PLATE 
BLUE POLKADOT EGG CUP ,BLUE POLKADOT COFFEE MUG,RED POLKADOT COFFEE  MUG,BLUE EGG  SPOON,RED  EGG  SPOON,ENAMEL BLUE RIM BISCUIT BIN
BLUE POLKADOT GARDEN PARASOL,PINK POLKADOT GARDEN PARASOL,ICE CREAM DESIGN GARDEN PARASOL,VINTAGE PHOTO ALBUM PARIS DAYS,MILK PAN BLUE POLKADOT,ROSE DU SUD CUSHION COVER
BLUE POLKADOT KIDS BAG,PINK DISCO HANDBAG,CAMOUFLAGE EAR MUFF HEADPHONES,DOTCOM POSTAGE,FIRST CLASS HOLIDAY PURSE ,PINK CHERRY BLOSSOM CUP & SAUCER
BLUE POLKADOT LUGGAGE TAG ,BLUE POLKADOT PASSPORT COVER,TROPICAL LUGGAGE TAG,RED RETROSPOT LUGGAGE TAG,FIRST CLASS LUGGAGE TAG ,PURPLE FRANGIPANI NECKLACE
BLUE POLKADOT PASSPORT COVER,BLUE POLKADOT LUGGAGE TAG ,CHERRY BLOSSOM PASSPORT COVER,FIRST CLASS PASSPORT COVER ,FIRST CLASS HOLIDAY PURSE ,BLACK FLOWER CANDLE PLATE
BLUE POLKADOT PLATE ,PINK  POLKADOT PLATE ,BLUE POLKADOT CUP,RED RETROSPOT PLATE ,BLUE POLKADOT BOWL,PINK  POLKADOT CUP
BLUE POLKADOT PUDDING BOWL,VINTAGE BLUE TINSEL REEL,ORANGE FLOWER MUG ,CHERRY BLOSSOM PURSE,TURQUOISE CHRISTMAS TREE ,CURIOUS IMAGES SCRAP BOOK SET
BLUE POLKADOT PURSE ,DOTCOM POSTAGE,BLUE/GREEN SHELL NECKLACE W PENDANT,BLUE LEAVES AND BEADS PHONE CHARM,IVORY GOLD METAL BAG CHARM,CRYSTAL CZECH CROSS PHONE CHARM
BLUE POLKADOT WASHING UP GLOVES,RETROSPOT RED WASHING UP GLOVES,FUNKY WASHING UP GLOVES ASSORTED,RECIPE BOX RETROSPOT ,CLOTHES PEGS RETROSPOT PACK 24 ,SET OF 6 HERB TINS SKETCHBOOK
BLUE POLKADOT WRAP,PINK POLKADOT WRAP ,RED RETROSPOT WRAP ,SKULLS AND CROSSBONES WRAP,WRAP ENGLISH ROSE ,WRAP PINK FAIRY CAKES 
BLUE POT PLANT CANDLE ,PINK POT PLANT CANDLE,SET/3 POT PLANT CANDLES,EIGHT PIECE CREEPY CRAWLIE SET,FLOOR CUSHION ELEPHANT CARNIVAL,SQUARE FLOOR CUSHION VINTAGE RED
BLUE PUDDING SPOON,RED PUDDING SPOON,RED  EGG  SPOON,BLUE EGG  SPOON,BLUE POLKADOT PUDDING BOWL,RED POLKADOT BEAKER 
BLUE REFECTORY CLOCK ,RED REFECTORY CLOCK ,IVORY REFECTORY CLOCK,BLUE DINER WALL CLOCK,RED DINER WALL CLOCK,MINT DINER WALL CLOCK
BLUE RETRO KITCHEN WALL CLOCK,RED RETRO KITCHEN WALL CLOCK,IVORY RETRO KITCHEN WALL CLOCK,DOORKNOB CERAMIC IVORY,PINK DAISY BAG CHARM,LARGE BLACK DIAMANTE HAIRSLIDE
BLUE ROSE FABRIC MIRROR,PINK ROSE FABRIC MIRROR,THREE CANVAS LUGGAGE TAGS,SILVER/NAT SHELL NECKLACE W PENDANT,RETRO BROWN BALL ASHTRAY ,DIAMANTE HAIR GRIP PACK/2 MONTANA
BLUE ROSE PATCH PURSE PINK BUTTERFL,BLUE PATCH PURSE PINK HEART,DENIM PATCH PURSE PINK BUTTERFLY,BIG POLKADOT MUG,RED PURSE WITH PINK HEART,"DECORATION HEN ON NEST, HANGING"
BLUE ROUND COMPACT MIRROR,GREEN ROUND COMPACT MIRROR,BLUE HEART COMPACT MIRROR,BLUE/GREEN SHELL NECKLACE W PENDANT,PACK 4 FLOWER/BUTTERFLY PATCHES,SCALLOP SHELL SOAP DISH
BLUE SAVANNAH PICNIC HAMPER FOR 2,PINK HAWAIIAN PICNIC HAMPER FOR 2,RED DAISY PAPER LAMPSHADE,VINTAGE BEAD PINK JEWEL STAND,ENAMEL MUG PANTRY,PINK CHRYSANTHEMUMS ART FLOWER
BLUE SCANDINAVIAN PAISLEY WRAP,PINK PAISLEY ROSE GIFT WRAP,GREEN PAIR HEART HAIR SLIDES,WRAP ENGLISH ROSE ,WRAP RED DOILEY,CHALKBOARD KITCHEN ORGANISER
BLUE SCOTTIE DOG W FLOWER PATTERN,PINK SCOTTIE DOG W FLOWER PATTERN,RABBIT EASTER DECORATION,LITTLE GREEN MONSTER SOFT TOY,BLACK 3 BEAD DROP EARRINGS,BLUE/YELLOW CERAMIC CANDLE HOLDER
BLUE SHARK HELICOPTER,BLUE WIRE SPIRAL CANDLE HOLDER,VANILLA INCENSE 40 CONES IN TIN,COLUMBIAN  CUBE CANDLE ,FROG SOCK PUPPET,CREAM HANGING HEART T-LIGHT HOLDER
BLUE SPOT CERAMIC DRAWER KNOB,RED SPOT CERAMIC DRAWER KNOB,RED STRIPE CERAMIC DRAWER KNOB,BLUE STRIPE CERAMIC DRAWER KNOB,WHITE SPOT BLUE CERAMIC DRAWER KNOB,WHITE SPOT RED CERAMIC DRAWER KNOB
BLUE SQUARE COMPACT MIRROR,PINK ROUND COMPACT MIRROR,SCALLOP SHELL SOAP DISH,BLUE HEART COMPACT MIRROR,GREEN HEART COMPACT MIRROR,BLUE ROUND COMPACT MIRROR
BLUE STONES ON WIRE FOR CANDLE,NEW BAROQUE BLACK BOXES,LARGE BLACK DIAMANTE HAIRSLIDE,DOORKNOB CERAMIC IVORY,ORANGE PENDANT TRIPLE SHELL NECKLAC,MONTANA DIAMOND CLUSTER EARRINGS
BLUE STRIPE CERAMIC DRAWER KNOB,RED STRIPE CERAMIC DRAWER KNOB,RED SPOT CERAMIC DRAWER KNOB,BLUE SPOT CERAMIC DRAWER KNOB,WHITE SPOT RED CERAMIC DRAWER KNOB,WHITE SPOT BLUE CERAMIC DRAWER KNOB
BLUE STRIPES SHOULDER BAG,PINK BUTTERFLY CUSHION COVER,FLOWERS HANDBAG blue and orange,"PET MUG, GOLDFISH",BLUE HANGING GINGHAM EASTER HEN,FUSCHIA TABLE RUN FLOWER 
BLUE SWEETHEART BRACELET,BLACK SWEETHEART BRACELET,PINK SWEETHEART BRACELET,LIGHT DECORATION BATTERY OPERATED,FIRE POLISHED GLASS BRACELET BLACK,JADE CRYSTAL+GLASS BRACELET
BLUE TABLE RUN FLOWER,FUSCHIA TABLE RUN FLOWER ,WHITE FRANGIPANI HAIR CLIP,ORANGE FLOWER MUG ,LILAC FEATHERS CURTAIN,LIGHT DECORATION BATTERY OPERATED
BLUE TEA TOWEL CLASSIC DESIGN,RED TEA TOWEL CLASSIC DESIGN,BLACK TEA TOWEL CLASSIC DESIGN,PLAYING CARDS VINTAGE DOILEY ,PINK FEATHERS CURTAIN,VINTAGE GLASS TEA CADDY
BLUE TEATIME PRINT BOWL ,WHITE ROSEBUD  PEARL EARRINGS,"RETRO TIN ASHTRAY,REVOLUTIONARY",RETRO PLASTIC DAISY TRAY,RETRO PLASTIC 70'S TRAY,BEADED CRYSTAL HEART BLUE SMALL
BLUE TILED TRAY,ZINC HEART LATTICE TRAY OVAL ,CAKES AND RABBITS DESIGN FLANNEL ,SMALL BLUE PROVENCAL CERAMIC BALL,FLORAL BATHROOM SET,IVORY WIRE SWEETHEART LETTER TRAY
BLUE TRAVEL FIRST AID KIT,RESIN NECKLACE W PASTEL BEADS,PACK 4 FLOWER/BUTTERFLY PATCHES,SET OF 3 PINK FLYING DUCKS,BLACK CHUNKY BEAD BRACELET W STRAP,DROP DIAMANTE EARRINGS BLACK DIAMON
BLUE TV TRAY TABLE ,PINK FLOCK PHOTO FRAME ,BLUE MONTE CARLO HANDBAG,ORANGE TV TRAY TABLE ,YELLOW/ORANGE FLOWER DESIGN PLATE,POP ART PUSH DOWN RUBBER 
BLUE VICTORIAN FABRIC OVAL BOX,RED VICTORIAN FABRIC OVAL BOX,TEATIME PUSH DOWN RUBBER,CLASSICAL ROSE CANDLESTAND,FLUTED ANTIQUE CANDLE HOLDER,YELLOW PINK FLOWER DESIGN BIG BOWL
BLUE VINTAGE SPOT BEAKER,PINK VINTAGE SPOT BEAKER,RED VINTAGE SPOT BEAKER,GREEN VINTAGE SPOT BEAKER,PINK  POLKADOT CUP,SET OF 60 PANTRY DESIGN CAKE CASES 
BLUE WHITE PLASTIC RINGS LAMPSHADE,PURPLE/COPPER HANGING LAMPSHADE,PINK CHERRY BLOSSOM CUP & SAUCER,RUBY DROP CHANDELIER EARRINGS,SILVER FLOWR PINK SHELL NECKLACE,WHITE VINTAGE CRYSTAL BRACELET
BLUE WIRE SPIRAL CANDLE HOLDER,SET/9 CHRISTMAS T-LIGHTS SCENTED ,WHITE HEART OF GLASS BRACELET,BLUE SHARK HELICOPTER,WHITE BEADED GARLAND STRING 20LIGHT,FINE SILVER NECKLACE W PASTEL FLOWE
BLUE/CREAM STRIPE CUSHION COVER ,RED/CREAM STRIPE CUSHION COVER ,UNION STRIPE CUSHION COVER ,SILVER FLOWR PINK SHELL NECKLACE,SET/12 FUNKY FELT FLOWER PEG IN BAG,POLYESTER FILLER PAD 40x40cm
BLUE/GREEN SHELL NECKLACE W PENDANT,BLUE LEAVES AND BEADS PHONE CHARM,DAIRY MAID  PUDDING BOWL,SILVER/NATURAL SHELL NECKLACE,BLUE POLKADOT PURSE ,BLACK GEMSTONE BRACELET
BLUE/NAT SHELL NECKLACE W PENDANT,BLUE/NAT SHELL NECKLACE W PENDANT,PINK/WHITE GLASS DEMI CHOKER,FILIGREE DIAMANTE EARRINGS,SILVER/NATURAL SHELL NECKLACE,GOLD DIAMANTE STAR BROOCH
BLUE/YELLOW CERAMIC CANDLE HOLDER,KNITTED RABBIT DOLL ,GREEN/BLUE CERAMIC CANDLE HOLDER,PURPLE/BLUE CERAMIC CANDLE HOLDER,PINK STRAWBERRY HANDBAG ,FLORAL PINK MONSTER
BLUE/YELLOW FLOWER DESIGN BIG MUG,YELLOW/PINK FLOWER DESIGN BIG MUG,GREEN/BLUE FLOWER DESIGN BIG MUG,PINK/GREEN FLOWER DESIGN BIG MUG,SET/3 FLORAL GARDEN TOOLS IN BAG,VINTAGE WOODEN BAR STOOL
BOHEMIAN COLLAGE STATIONERY SET,VINTAGE PAISLEY STATIONERY SET,MODERN FLORAL STATIONERY SET,FLORAL FOLK STATIONERY SET,CURIOUS IMAGES GIFT WRAP SET,BLOSSOM IMAGES GIFT WRAP SET
BOOM BOX SPEAKER BOYS,BOOM BOX SPEAKER GIRLS,PURPLE FRANGIPANI NECKLACE,GOLD EAR MUFF HEADPHONES,DIAMANTE HAIR GRIP PACK/2 MONTANA,DIAMANTE HAIR GRIP PACK/2 LT ROSE
BOOM BOX SPEAKER GIRLS,BOOM BOX SPEAKER BOYS,PINK CRYSTAL SKULL PHONE CHARM,SUMMER FUN DESIGN SHOWER CAP,GREY ACRYLIC FACETED BANGLE,FUNKY MONKEY CUSHION COVER
BOOZE & WOMEN GREETING CARD ,BANK ACCOUNT  GREETING  CARD ,GIN & TONIC DIET GREETING CARD ,CARD WEDDING DAY,I CAN ONLY PLEASE ONE PERSON MUG,UNION JACK HOT WATER BOTTLE 
BOTANICAL GARDENS WALL CLOCK ,HALL CABINET WITH 3 DRAWERS,PURPLE FRANGIPANI NECKLACE,CLASSIC CROME BICYCLE BELL ,DOILEY BISCUIT TIN,UTILTY CABINET WITH HOOKS
BOTANICAL LAVENDER BIRTHDAY CARD,BOTANICAL LILY GREETING CARD,BOTANICAL ROSE GREETING CARD,CARD CAT AND TREE ,RAINY LADIES BIRTHDAY CARD,CARD BILLBOARD FONT
BOTANICAL LAVENDER GIFT WRAP ,BOTANICAL ROSE GIFT WRAP,PURPLE FRANGIPANI NECKLACE,DIAMANTE HAIR GRIP PACK/2 BLACK DIA,DIAMANTE HAIR GRIP PACK/2 MONTANA,DIAMANTE HAIR GRIP PACK/2 RUBY
BOTANICAL LILY GIFT WRAP,GLASS CAKE COVER AND PLATE,POLYESTER FILLER PAD 60x40cm,HEN HOUSE W CHICK IN NEST,ORANGE FELT VASE + FLOWERS,ROSE DU SUD CUSHION COVER 
BOTANICAL LILY GREETING CARD,BOTANICAL LAVENDER BIRTHDAY CARD,BOTANICAL ROSE GREETING CARD,CARD GINGHAM ROSE ,PENNY FARTHING BIRTHDAY CARD,"BIRTHDAY CARD, RETRO SPOT"
BOTANICAL ROSE GIFT WRAP,BOTANICAL LAVENDER GIFT WRAP ,BOTANICAL LILY GIFT WRAP,GREY ACRYLIC FACETED BANGLE,WRAP GINGHAM ROSE ,WRAP ENGLISH ROSE 
BOTANICAL ROSE GREETING CARD,BOTANICAL LILY GREETING CARD,BOTANICAL LAVENDER BIRTHDAY CARD,FRESHWATER PEARL BRACELET GOLD,FIRE POLISHED GLASS NECKL GOLD,WHITE ANEMONE ARTIFICIAL FLOWER
BOTTLE BAG RETROSPOT ,WALL TIDY RETROSPOT ,RED RETROSPOT PICNIC BAG,RECYCLING BAG RETROSPOT ,JUMBO BAG TOYS ,JUMBO BAG RED RETROSPOT
BOUDOIR SQUARE TISSUE BOX,MOTORING TISSUE BOX,SWALLOW SQUARE TISSUE BOX,RED RETROSPOT TISSUE BOX,PINK PAISLEY SQUARE TISSUE BOX ,CARAVAN SQUARE TISSUE BOX
BOX OF 24 COCKTAIL PARASOLS,COCKTAIL SWORDS 50 PIECES,PARTY CHARMS 50 PIECES,PACK OF 6 COCKTAIL PARASOL STRAWS,PACK OF 6 SMALL FRUIT STRAWS,PACK OF 72 RETROSPOT CAKE CASES
BOX OF 6 ASSORTED COLOUR TEASPOONS,SET OF 16 VINTAGE PISTACHIO CUTLERY,SET OF 16 VINTAGE RED CUTLERY,SET OF 16 VINTAGE ROSE CUTLERY,NEW BAROQUE B'FLY NECKLACE RED,SET OF 16 VINTAGE SKY BLUE CUTLERY
BOX OF 6 CHRISTMAS CAKE DECORATIONS,VINTAGE CHRISTMAS CAKE FRILL,60 CAKE CASES VINTAGE CHRISTMAS,RABBIT NIGHT LIGHT,SET OF 12 FAIRY CAKE BAKING CASES,CHRISTMAS LIGHTS 10 REINDEER
BOX OF 6 MINI 50'S CRACKERS,BOX OF 6 MINI VINTAGE CRACKERS,GIANT 50'S CHRISTMAS CRACKER,PAPER CHAIN KIT 50'S CHRISTMAS ,6 GIFT TAGS 50'S CHRISTMAS ,ROLL WRAP 50'S CHRISTMAS
BOX OF 6 MINI VINTAGE CRACKERS,BOX OF 6 MINI 50'S CRACKERS,SET OF 20 VINTAGE CHRISTMAS NAPKINS,ROLL WRAP VINTAGE CHRISTMAS,PAPER CHAIN KIT VINTAGE CHRISTMAS,GIANT 50'S CHRISTMAS CRACKER
BOX OF 9 PEBBLE CANDLES,YELLOW POT PLANT CANDLE,S/4 CACTI CANDLES,CACTI T-LIGHT CANDLES,SILVER FLOWR PINK SHELL NECKLACE,PERIWINKLE T-LIGHT HOLDER
BOX OF VINTAGE ALPHABET BLOCKS,BOX OF VINTAGE JIGSAW BLOCKS ,WOODEN BOX OF DOMINOES,VINTAGE SNAP CARDS,WOODEN SCHOOL COLOURING SET,VINTAGE HEADS AND TAILS CARD GAME 
BOX OF VINTAGE JIGSAW BLOCKS ,BOX OF VINTAGE ALPHABET BLOCKS,WOODEN BOX OF DOMINOES,VINTAGE SNAP CARDS,VINTAGE SNAKES & LADDERS,WOODEN SCHOOL COLOURING SET
BOX/12 CHICK & EGG IN BASKET,METAL RABBIT LADDER EASTER ,PURPLE FOXGLOVE ARTIIFCIAL FLOWER,CREAM FELT EASTER EGG BASKET,3 PINK HEN+CHICKS IN BASKET,BLUE FELT EASTER EGG BASKET
BOYS ALPHABET IRON ON PATCHES,GIRLS ALPHABET IRON ON PATCHES ,HANGING HEART BASKET,MINI HIGHLIGHTER PENS,CHERRY BLOSSOM LUGGAGE TAG,PINK SPOTS CHOCOLATE NESTING BOXES 
BOYS VINTAGE TIN SEASIDE BUCKET,RED METAL BEACH SPADE ,GIRLS VINTAGE TIN SEASIDE BUCKET,PACK OF 6 SANDCASTLE FLAGS ASSORTED,DOLLY GIRL LUNCH BOX,VINTAGE SEASIDE JIGSAW PUZZLES
BREAD BIN DINER STYLE IVORY,BREAD BIN DINER STYLE RED ,BREAD BIN DINER STYLE MINT,IVORY KITCHEN SCALES,BREAD BIN DINER STYLE PINK,RED KITCHEN SCALES
BREAD BIN DINER STYLE MINT,BREAD BIN DINER STYLE PINK,BREAD BIN DINER STYLE RED ,BREAD BIN DINER STYLE IVORY,MINT KITCHEN SCALES,BLUE DINER WALL CLOCK
BREAD BIN DINER STYLE PINK,BREAD BIN DINER STYLE MINT,BREAD BIN DINER STYLE RED ,BREAD BIN DINER STYLE IVORY,MINT KITCHEN SCALES,RED KITCHEN SCALES
BREAD BIN DINER STYLE RED ,BREAD BIN DINER STYLE IVORY,BREAD BIN DINER STYLE MINT,BREAD BIN DINER STYLE PINK,RED KITCHEN SCALES,IVORY KITCHEN SCALES
"BREAD BIN, DINER STYLE, IVORY","BREAD BIN, DINER STYLE, MINT","RUSTIC WOODEN CABINET, GLASS DOORS",WHITE STITCHED CUSHION COVER,WHITE SAGE INCENSE,HAWAIIAN GRASS SKIRT 
"BREAD BIN, DINER STYLE, MINT","BREAD BIN, DINER STYLE, MINT","RUSTIC WOODEN CABINET, GLASS DOORS",WHITE STITCHED CUSHION COVER,WHITE SAGE INCENSE,HAWAIIAN GRASS SKIRT 
BRIGHT BLUES RIBBONS ,ROMANTIC PINKS RIBBONS ,CHOCOLATE BOX RIBBONS ,BABY BOOM RIBBONS ,SCANDINAVIAN REDS RIBBONS,URBAN BLACK RIBBONS 
BROCADE RING PURSE ,ASSORTED COLOURS SILK FAN,PAPER POCKET TRAVELING FAN ,CLEAR CRYSTAL STAR PHONE CHARM,SLEEPING CAT ERASERS,12 PENCILS SMALL TUBE SKULL
BROCANTE COAT RACK,MIRROR CORNICE,SET OF 16 VINTAGE BLACK CUTLERY,NEWSPAPER STAND,TRIANGULAR POUFFE VINTAGE ,3 HOOK PHOTO SHELF ANTIQUE WHITE
BROCANTE SHELF WITH HOOKS,SWEETHEART WIRE WALL TIDY,3 HOOK PHOTO SHELF ANTIQUE WHITE,SHELF WITH 4 HOOKS HOME SWEET HOME,WOODEN PICTURE FRAME WHITE FINISH,HELLO SAILOR BLUE SOAP HOLDER
BROWN  PIRATE TREASURE CHEST ,BLACK PIRATE TREASURE CHEST,RAIN PONCHO ,LADLE LOVE HEART PINK,EIGHT PIECE CREEPY CRAWLIE SET,SKULLS DESIGN FLANNEL
BROWN CHECK CAT DOORSTOP ,DOORSTOP RETROSPOT HEART,GINGHAM HEART  DOORSTOP RED,LILAC GAUZE BUTTERFLY LAMPSHADE,WHITE HANGING HEART T-LIGHT HOLDER,ZINC HERB GARDEN CONTAINER
BROWN KUKUI COCONUT SEED NECKLACE,SPOTTED WHITE NATURAL SEED NECKLACE,BILI NUT AND WOOD NECKLACE,RED KUKUI COCONUT SEED NECKLACE,PURPLE DRESS JEWELLERY STAND,LARGE BLACK DIAMANTE HAIRSLIDE
BUBBLEGUM RING ASSORTED,WORLD WAR 2 GLIDERS ASSTD DESIGNS,DOUGHNUT LIP GLOSS ,LUNCH BAG ALPHABET DESIGN,LUNCH BAG SUKI DESIGN ,ICE CREAM SUNDAE LIP GLOSS
BUFFALO BILL TREASURE BOOK BOX,GYMKHANA TREASURE BOOK BOX,TREASURE ISLAND BOOK BOX,ABC TREASURE BOOK BOX ,TREASURE TIN BUFFALO BILL ,REVOLVER WOODEN RULER 
BUFFALO BILL WALL ART ,ANIMALS AND NATURE WALL ART,TREASURE AHOY WALL ART,HORSE & PONY WALL ART,DOG LICENCE WALL ART,BICYCLE SAFTEY WALL ART
BULL DOG BOTTLE OPENER,BULL DOG BOTTLE TOP WALL CLOCK,OPEN CLOSED METAL SIGN,PARTY METAL SIGN ,CLASSIC CAFE SUGAR DISPENSER,TREASURE TIN BUFFALO BILL 
BULL DOG BOTTLE TOP WALL CLOCK,BULL DOG BOTTLE OPENER,RED DINER WALL CLOCK,PLEASE ONE PERSON METAL SIGN,MUM'S KITCHEN CLOCK,YOU'RE CONFUSING ME METAL SIGN 
BUNDLE OF 3 ALPHABET EXERCISE BOOKS,BUNDLE OF 3 RETRO NOTE BOOKS,BUNDLE OF 3 SCHOOL EXERCISE BOOKS  ,REVOLVER WOODEN RULER ,JUMBO BAG ALPHABET,RABBIT NIGHT LIGHT
BUNDLE OF 3 RETRO EXERCISE BOOKS,CANNISTER VINTAGE LEAF DESIGN,BISCUIT TIN VINTAGE LEAF,BAKING MOULD CHOCOLATE CUP CAKES,DOILEY BISCUIT TIN,PACK OF 6 PANETTONE GIFT BOXES
BUNDLE OF 3 RETRO NOTE BOOKS,BUNDLE OF 3 ALPHABET EXERCISE BOOKS,SET OF 4 KNICK KNACK TINS LEAF,BUNDLE OF 3 SCHOOL EXERCISE BOOKS  ,VINTAGE LEAF MAGNETIC NOTEPAD,STORAGE TIN VINTAGE LEAF
BUNDLE OF 3 SCHOOL EXERCISE BOOKS  ,BUNDLE OF 3 ALPHABET EXERCISE BOOKS,BUNDLE OF 3 RETRO NOTE BOOKS,REVOLVER WOODEN RULER ,GIRAFFE WOODEN RULER,MINI PLAYING CARDS GYMKHANA
BUNNY DECORATION MAGIC GARDEN,DECORATION WHITE CHICK MAGIC GARDEN,DECORATION  BUTTERFLY  MAGIC GARDEN,DECORATION  PINK CHICK MAGIC GARDEN,BIRDHOUSE DECORATION MAGIC GARDEN,BUNNY WOODEN PAINTED WITH BIRD 
BUNNY EGG BOX,SET/3 RABBITS FLOWER SKIPPPING ROPE,PINK FELT EASTER RABBIT GARLAND,FOUR RABBIT EASTER DECORATIONS,BLUE GLASS GEMS IN BAG,NECKLACE+BRACELET SET BLUE BLOSSOM
BUNNY EGG GARLAND,EASTER BUNNY GARLAND OF FLOWERS,METAL RABBIT LADDER EASTER ,S/12 MINI RABBIT EASTER,GREEN METAL SWINGING BUNNY,SET/3 RABBITS FLOWER SKIPPPING ROPE
BUNNY WOODEN PAINTED WITH BIRD ,BUNNY WOODEN PAINTED WITH FLOWER ,PAINTED PINK RABBIT ,JIGSAW TREE WITH BIRDHOUSE,JIGSAW RABBIT AND BIRDHOUSE,PAINTED YELLOW WOODEN DAISY
BUNNY WOODEN PAINTED WITH FLOWER ,BUNNY WOODEN PAINTED WITH BIRD ,PAINTED PINK RABBIT ,JIGSAW RABBIT AND BIRDHOUSE,JIGSAW TREE WITH BIRDHOUSE,PAINTED YELLOW WOODEN DAISY
"BUNTING , SPOTTY ","WALL ART,ONLY ONE PERSON ",5 STRAND GLASS NECKLACE AMETHYST,DIAMANTE NECKLACE BLACK ,CLASSIC DIAMANTE NECKLACE JET,BELL HEART DECORATION
BUTTERFLIES STICKERS,FLOWERS  STICKERS,HEARTS  STICKERS,SKULLS  STICKERS,LOVELY BONBON STICKER SHEET,WOODLAND  STICKERS
BUTTERFLY CROCHET FOOD COVER,RED FLOWER CROCHET FOOD COVER,PINK FLOWER CROCHET FOOD COVER,POLKA DOT RAFFIA FOOD COVER,FLOWER VINE RAFFIA FOOD COVER,CHERRY CROCHET FOOD COVER
BUTTERFLY CUSHION COVER,PURPLE GLASS TASSLE BAG CHARM,AMBER GLASS TASSLE BAG CHARM,GLASS SONGBIRD STORAGE JAR,PARTY CONES CANDY DECORATION,SILVER ROCCOCO CHANDELIER
BUTTERFLY HAIR BAND,GREEN ENAMEL FLOWER HAIR TIE,WHITE ENAMEL FLOWER HAIR TIE,PURPLE FRANGIPANI HAIRCLIP,FIRE POLISHED GLASS BRACELET BLACK,PURPLE ENAMEL FLOWER HAIR TIE
BUTTON BOX ,DELUXE SEWING KIT ,TRAVEL SEWING KIT,3D CHRISTMAS STAMPS STICKERS ,FELTCRAFT BUTTERFLY HEARTS,6 RIBBONS RUSTIC CHARM
BUTTONS AND STRIPES NOTEBOOK ,POTTING SHED SOW 'N' GROW SET,SET/6 IVORY BIRD T-LIGHT CANDLES,PINK YELLOW PATCH CUSHION COVER,WHITE STITCHED CUSHION COVER,TURQUOISE HEART OF GLASS BRACELET
Bank Charges,FUNKY MONKEY MUG,PINK POLKADOT KIDS BAG,VINTAGE BEAD PINK JEWEL STAND,VANILLA INCENSE 40 CONES IN TIN,"LETTER ""B"" BLING KEY RING"
CABIN BAG VINTAGE PAISLEY,CABIN BAG VINTAGE RETROSPOT,PACK 4 FLOWER/BUTTERFLY PATCHES,JAM JAR WITH BLUE LID,GOLD APERITIF GLASS,BIRD ON BRANCH CANVAS SCREEN
CABIN BAG VINTAGE RETROSPOT,CABIN BAG VINTAGE PAISLEY,WOODLAND DESIGN  COTTON TOTE BAG,EIGHT PIECE CREEPY CRAWLIE SET,FOLKART ZINC STAR CHRISTMAS DEC,SET OF 4 CAROUSEL PLACEMATS 
CACTI T-LIGHT CANDLES,SET OF 6 T-LIGHTS TOADSTOOLS,HYACINTH BULB T-LIGHT CANDLES,SET/6 FROG PRINCE T-LIGHT CANDLES,SET OF 6 T-LIGHTS CACTI ,S/4 CACTI CANDLES
CAKE PLATE LOVEBIRD PINK,CAKE PLATE LOVEBIRD WHITE,CAKE STAND LOVEBIRD 2 TIER PINK,NEW BAROQUE B'FLY NECKLACE RED,DANISH ROSE DELUXE COASTER,CAKE STAND 3 TIER MAGIC GARDEN
CAKE PLATE LOVEBIRD WHITE,CAKE PLATE LOVEBIRD PINK,CAKE STAND 3 TIER MAGIC GARDEN,CAKE STAND LOVEBIRD 2 TIER WHITE,BLACK AND WHITE DOG BOWL,CAKE STAND LOVEBIRD 2 TIER PINK
CAKE SHOP  STICKER SHEET,SWEETIES  STICKERS,ALPHABET HEARTS STICKER SHEET,72 CAKE CASES VINTAGE CHRISTMAS,PACK 4 FLOWER/BUTTERFLY PATCHES,LOVELY BONBON STICKER SHEET
CAKE STAND 3 TIER MAGIC GARDEN,CAKE PLATE LOVEBIRD PINK,CAKE PLATE LOVEBIRD WHITE,CAKE STAND LOVEBIRD 2 TIER PINK,CAKE STAND WHITE TWO TIER LACE,LARGE CAKE STAND HANGING HEARTS
CAKE STAND LACE WHITE,SET OF 72 GREEN PAPER DOILIES,MILK PAN PINK POLKADOT,PINK FLY SWAT,BLUE FLY SWAT,SEASIDE FLYING DISC
CAKE STAND LOVEBIRD 2 TIER PINK,CAKE PLATE LOVEBIRD PINK,CAKE STAND LOVEBIRD 2 TIER WHITE,MILK PAN BLUE POLKADOT,CAKE STAND WHITE TWO TIER LACE,CAKE STAND 3 TIER MAGIC GARDEN
CAKE STAND LOVEBIRD 2 TIER WHITE,CAKE STAND LOVEBIRD 2 TIER PINK,CAKE PLATE LOVEBIRD WHITE,CAKE STAND WHITE TWO TIER LACE,CAKE PLATE LOVEBIRD PINK,PINK POLKADOT PLATE 
CAKE STAND VICTORIAN FILIGREE LARGE,TURQ ICE CREAM BUM BAG ,SUNFLOWER DECORATIVE PARASOL,PINK BREAKFAST CUP AND SAUCER ,KITTENS DESIGN FLANNEL,CLAM SHELL SMALL 
CAKE STAND VICTORIAN FILIGREE MED,FRYING PAN RED POLKADOT ,PEG BAG APPLE DESIGN,SET/5 RED SPOTTY LID GLASS BOWLS,MISELTOE HEART WREATH CREAM,LUNCH BAG RED SPOTTY
CAKE STAND VICTORIAN FILIGREE SMALL,2 DAISIES HAIR COMB,DIAMANTE HAIR GRIP PACK/2 CRYSTAL,DOORKNOB CERAMIC IVORY,DROP DIAMANTE EARRINGS GREEN,DIAMANTE HAIR GRIP PACK/2 PERIDOT
CAKE STAND WHITE TWO TIER LACE,CAKE STAND LOVEBIRD 2 TIER PINK,CAKE STAND LOVEBIRD 2 TIER WHITE,CAKE STAND 3 TIER MAGIC GARDEN,PAPERWEIGHT VINTAGE PAISLEY,VINTAGE CREAM 3 BASKET CAKE STAND
CAKES AND BOWS GIFT  TAPE,STARS GIFT TAPE ,SKULLS TAPE,HEARTS GIFT TAPE,CUTE CATS TAPE,RED RETROSPOT TAPE
CAKES AND RABBITS DESIGN FLANNEL ,PARTY TIME DESIGN FLANNEL,KITTENS DESIGN FLANNEL,STRAWBERRIES  DESIGN FLANNEL ,CUTE RABBIT CEATURE SCREEN ,3 BIRDS CANVAS SCREEN
"CAKESTAND, 3 TIER, LOVEHEART",GLASS BELL JAR SMALL,GLASS BELL JAR LARGE,SET 3 WICKER OVAL BASKETS W LIDS,BULL DOG BOTTLE TOP WALL CLOCK,YELLOW GIANT GARDEN THERMOMETER
CALENDAR FAMILY FAVOURITES,CALENDAR IN SEASON DESIGN,CALENDAR PAPER CUT DESIGN,GIRLY PINK TOOL SET,DOTCOM POSTAGE,PHOTO CLIP LINE
CALENDAR IN SEASON DESIGN,CALENDAR PAPER CUT DESIGN,CALENDAR FAMILY FAVOURITES,NECKLACE+BRACELET SET BLUE BLOSSOM,SKETCHBOOK MAGNETIC SHOPPING LIST,RECIPE BOX BLUE SKETCHBOOK DESIGN
CALENDAR PAPER CUT DESIGN,CALENDAR IN SEASON DESIGN,CALENDAR FAMILY FAVOURITES,GINGERBREAD MAN COOKIE CUTTER,12 MESSAGE CARDS WITH ENVELOPES,SET/10 RED POLKADOT PARTY CANDLES
CAMOUFLAGE DESIGN TEDDY,SET/3 TALL GLASS CANDLE HOLDER PINK,BLUE PADDED SOFT MOBILE,GLASS CAKE COVER AND PLATE,PURPLE FRANGIPANI HAIRCLIP,POLYESTER FILLER PAD 60x40cm
CAMOUFLAGE EAR MUFF HEADPHONES,GOLD EAR MUFF HEADPHONES,BLACK EAR MUFF HEADPHONES,PINK POLKADOT KIDS BAG,FUNKY MONKEY MUG,FIRST CLASS HOLIDAY PURSE 
CAMOUFLAGE LED TORCH,ASSTD DESIGN RACING CAR PEN,10 COLOUR SPACEBOY PEN,ASSORTED CREEPY CRAWLIES,WORLD WAR 2 GLIDERS ASSTD DESIGNS,GREEN METAL BOX ARMY SUPPLIES
CAMPHOR WOOD PORTOBELLO MUSHROOM,SMALL TALL CAMPHOR WOOD TOADSTOOL,SMALL CAMPHOR WOOD FIELD  MUSHROOM,LARGE  TALL CAMPHOR WOOD TOADSTOOL ,LARGE CAMPHOR WOOD FIELD MUSHROOM ,SET/3 FLORAL GARDEN TOOLS IN BAG
CANDLE HOLDER SILVER MADELINE,FINE SILVER NECKLACE W PASTEL FLOWE,BIRD ON BRANCH CANVAS SCREEN,DOTCOM POSTAGE,JAM JAR WITH BLUE LID,GOLD APERITIF GLASS
CANDLE PLATE LACE WHITE,NEW BAROQUE B'FLY NECKLACE RED,RUBY DROP CHANDELIER EARRINGS,SILVER BLACK ORBIT DROP EARRINGS,ZINC HEART LATTICE CHARGER LARGE,FIRST CLASS HOLIDAY PURSE 
CANDLEHOLDER PINK HANGING HEART,RED HANGING HEART T-LIGHT HOLDER,WHITE HANGING HEART T-LIGHT HOLDER,HEART OF WICKER LARGE,LARGE WHITE HEART OF WICKER,SMALL WHITE HEART OF WICKER
CANDY HEART HANGING DECORATION,PURPLE DRESS JEWELLERY STAND,VIPPASSPORT COVER ,ROUND ARTICULATED PINK CLOCK W/SUCK,TEATIME PUSH DOWN RUBBER,SMALL CHOCOLATES PINK BOWL
CANDY SHOP  STICKER SHEET,CAKE SHOP  STICKER SHEET,PANDA AND BUNNIES STICKER SHEET,LOVELY BONBON STICKER SHEET,ALPHABET HEARTS STICKER SHEET,SWEET PUDDING STICKER SHEET
CANDY SPOT BUNNY,BABY MOUSE RED GINGHAM DRESS,RABBIT EASTER DECORATION,SPACE CADET WHITE,FUSCHIA RETRO BAR STOOL,VINTAGE WOODEN BAR STOOL
CANDY SPOT CUSHION COVER,BLUE CUSHION COVER WITH FLOWER,DOTCOM POSTAGE,DOLPHIN WINDMILL,COPPER AND BRASS BAG CHARM,ROBOT MUG IN DISPLAY BOX
CANDY SPOT EGG WARMER HARE,CANDY SPOT EGG WARMER RABBIT,PINK KNITTED EGG COSY,2 DAISIES HAIR COMB,DIAMANTE HAIR GRIP PACK/2 PERIDOT,LARGE BLACK DIAMANTE HAIRSLIDE
CANDY SPOT EGG WARMER RABBIT,CANDY SPOT EGG WARMER HARE,SET/4 MODERN VINTAGE COTTON NAPKINS,CHRISTMAS PUDDING TRINKET POT ,NINJA RABBIT BLACK,PINK KNITTED EGG COSY
CANDY SPOT HAND BAG,ASSTD RASTA KEY-CHAINS,DOTCOM POSTAGE,PACK 4 FLOWER/BUTTERFLY PATCHES,PINK DISCO HANDBAG,BLUE DISCO HANDBAG
CANDY SPOT HEART DECORATION,PEARL AND CHERRY QUARTZ BRACLET,PACK 4 FLOWER/BUTTERFLY PATCHES,WHITE TISSUE REAM,VINTAGE GLASS COFFEE CADDY,PURPLE FRANGIPANI NECKLACE
CANDY SPOT TEA COSY,S/3 PINK SQUARE PLANTERS ROSES,FROG SOCK PUPPET,"SMALL POP BOX,FUNKY MONKEY",SMALL KITCHEN FLOWER POTS PLAQUE,KITCHEN FLOWER POTS WALL PLAQUE
CANNABIS LEAF BEAD CURTAIN,JAM JAR WITH BLUE LID,GOLD APERITIF GLASS,BIRD ON BRANCH CANVAS SCREEN,ROUND ARTICULATED PINK CLOCK W/SUCK,TURQUOISE BERTIE GLASS BEAD CHARM
CANNISTER VINTAGE LEAF DESIGN,BISCUIT TIN VINTAGE LEAF,BUNDLE OF 3 RETRO EXERCISE BOOKS,BAKING MOULD CHOCOLATE CUP CAKES,DOILEY BISCUIT TIN,PACK OF 6 PANETTONE GIFT BOXES
CAPIZ CHANDELIER,PAINTED YELLOW WOODEN DAISY,CHRISTMAS TREE STAR DECORATION,DARK BIRD HOUSE TREE DECORATION,TWO DOOR CURIO CABINET,SWISS CHALET TREE DECORATION 
CARAVAN SQUARE TISSUE BOX,MOTORING TISSUE BOX,SWALLOW SQUARE TISSUE BOX,EMPIRE TISSUE BOX,RED RETROSPOT TISSUE BOX,PINK PAISLEY SQUARE TISSUE BOX 
CARD BILLBOARD FONT,"FANCY FONT BIRTHDAY CARD, ",SWALLOWS GREETING CARD,BANQUET BIRTHDAY  CARD  ,TEA PARTY BIRTHDAY CARD,CARD BIRTHDAY COWBOY
CARD BIRTHDAY COWBOY,VINTAGE KID DOLLY CARD ,COWBOYS AND INDIANS BIRTHDAY CARD ,SPACEBOY BIRTHDAY CARD,CARD CIRCUS PARADE,CARD DOLLY GIRL 
CARD CAT AND TREE ,CARD DOG AND BALL ,RAINY LADIES BIRTHDAY CARD,CARD SUKI BIRTHDAY,CARD PSYCHEDELIC APPLES,PENNY FARTHING BIRTHDAY CARD
CARD CHRISTMAS VILLAGE,CARD MOTORBIKE SANTA,WRAP CHRISTMAS VILLAGE,CHRISTMAS CARD STACK OF PRESENTS,ROLL WRAP VINTAGE CHRISTMAS,SPACEBOY BIRTHDAY CARD
CARD CIRCUS PARADE,ROBOT BIRTHDAY CARD,SPACEBOY BIRTHDAY CARD,CARD BIRTHDAY COWBOY,CARD PARTY GAMES ,TEA PARTY BIRTHDAY CARD
CARD DOG AND BALL ,CARD CAT AND TREE ,CARD BILLBOARD FONT,CARD SUKI BIRTHDAY,"FANCY FONT BIRTHDAY CARD, ",CARD CIRCUS PARADE
CARD DOLLY GIRL ,SPACEBOY BIRTHDAY CARD,TEA PARTY BIRTHDAY CARD,VINTAGE KID DOLLY CARD ,PENNY FARTHING BIRTHDAY CARD,CARD BIRTHDAY COWBOY
CARD GINGHAM ROSE ,"BIRTHDAY CARD, RETRO SPOT",PENNY FARTHING BIRTHDAY CARD,CARD DOLLY GIRL ,TEA PARTY BIRTHDAY CARD,BANQUET BIRTHDAY  CARD  
CARD HOLDER GINGHAM HEART,CARDHOLDER GINGHAM STAR,IVORY HANGING DECORATION  HEART,CREAM HEART CARD HOLDER,NATURAL SLATE HEART CHALKBOARD ,PLACE SETTING WHITE HEART
CARD HOLDER LOVE BIRD LARGE ,CARD HOLDER LOVE BIRD SMALL,PLACE SETTING WHITE STAR,WOODLAND MINI RUCKSACK ,WHITE HEARTS WIRE PLANT POT HOLDER,PLACE SETTING WHITE HEART
CARD HOLDER LOVE BIRD SMALL,CARD HOLDER LOVE BIRD LARGE ,WOODLAND MINI RUCKSACK ,DOVE DECORATION PAINTED ZINC ,YELLOW FLOWERS FELT HANDBAG KIT,PLACE SETTING WHITE HEART
CARD I LOVE LONDON ,WRAP I LOVE LONDON ,LONDON BUS COFFEE MUG,PACK OF 12 LONDON TISSUES ,LUNCH BOX I LOVE LONDON,QUEENS GUARD COFFEE MUG
CARD MOTORBIKE SANTA,CARD CHRISTMAS VILLAGE,COWBOYS AND INDIANS BIRTHDAY CARD ,TEA PARTY BIRTHDAY CARD,SPACEBOY BIRTHDAY CARD,VINTAGE KID DOLLY CARD 
CARD PARTY GAMES ,CARD CIRCUS PARADE,RING OF ROSES BIRTHDAY CARD,SPACEBOY BIRTHDAY CARD,VINTAGE KID DOLLY CARD ,ROBOT BIRTHDAY CARD
CARD PSYCHEDELIC APPLES,CARD SUKI BIRTHDAY,CARD CAT AND TREE ,CARD CIRCUS PARADE,CARD PARTY GAMES ,SWALLOWS GREETING CARD
CARD SUKI BIRTHDAY,ROBOT BIRTHDAY CARD,WRAP SUKI AND FRIENDS,SPACEBOY BIRTHDAY CARD,CARD DOLLY GIRL ,CARD CAT AND TREE 
CARD WEDDING DAY,SWALLOWS GREETING CARD,TEA PARTY BIRTHDAY CARD,RAINY LADIES BIRTHDAY CARD,WRAP WEDDING DAY,PENNY FARTHING BIRTHDAY CARD
CARDHOLDER GINGHAM CHRISTMAS TREE,RED STAR CARD HOLDER,DOORKNOB CRACKED GLAZE GREEN,PURPLE FRANGIPANI NECKLACE,DOORKNOB CRACKED GLAZE PINK,CARDHOLDER HOLLY WREATH METAL
CARDHOLDER GINGHAM STAR,CARD HOLDER GINGHAM HEART,WOOD STOCKING CHRISTMAS SCANDISPOT,PINK & WHITE ROSEBUD RING,WOODEN TREE CHRISTMAS SCANDINAVIAN,SWALLOW WOODEN CHRISTMAS DECORATION
CARDHOLDER HOLLY WREATH METAL,CARDHOLDER GINGHAM CHRISTMAS TREE,HEART TRELLIS TRIPLE T-LIGHT HOLDER,CARDHOLDER GINGHAM STAR,WOODEN ADVENT CALENDAR RED,WOODLAND MINI RUCKSACK 
CARNIVAL BRACELET,PINK/AMETHYST/GOLD NECKLACE,CROCHET DOG KEYRING,"FLOWER GLASS GARLD NECKL36""TURQUOIS",DIAMANTE BOW BROOCH RED COLOUR,WHITE HEART OF GLASS BRACELET
CAROUSEL DESIGN WASHBAG,SCOTTIES DESIGN WASHBAG,PACK 4 FLOWER/BUTTERFLY PATCHES,GOLD EAR MUFF HEADPHONES,CAMOUFLAGE EAR MUFF HEADPHONES,BOOM BOX SPEAKER BOYS
CAROUSEL PONIES BABY BIB,SET/4 MODERN VINTAGE COTTON NAPKINS,SCOTTIE DOGS BABY BIB,BLUE CHECK BAG W HANDLE 34X20CM,SET OF 4 PISTACHIO LOVEBIRD COASTER,"S/4 ICON COASTER,ELVIS LIVES"
CARRIAGE,DOORKNOB CRACKED GLAZE BLUE,FRYING PAN RED POLKADOT ,ROSE PENDANT TRIPLE SHELL NECKLACE,DOORKNOB CERAMIC IVORY,PURPLE ENAMEL FLOWER HAIR TIE
CARROT CHARLIE+LOLA COASTER SET,TOMATO CHARLIE+LOLA COASTER SET,"CHARLIE+LOLA""EXTREMELY BUSY"" SIGN",CHARLIE+LOLA MY ROOM DOOR SIGN,RED CHARLIE+LOLA PERSONAL DOORSIGN,CHARLIE & LOLA WASTEPAPER BIN FLORA
CARTOON  PENCIL SHARPENERS,PURPLE DRESS JEWELLERY STAND,PENS ASSORTED SPACEBALL,HOUSE SHAPE PENCIL SHARPENER,WHITE STITCHED WALL CLOCK,LETTER SHAPE PENCIL SHARPENER
CAST IRON HOOK GARDEN FORK,CAST IRON HOOK GARDEN TROWEL,NEW BAROQUE B'FLY NECKLACE PINK,PINK ROUND COMPACT MIRROR,POTTING SHED CANDLE CITRONELLA,FOLKART ZINC STAR CHRISTMAS DEC
CAST IRON HOOK GARDEN TROWEL,CAST IRON HOOK GARDEN FORK,POTTING SHED CANDLE CITRONELLA,PINK ROUND COMPACT MIRROR,NEW BAROQUE B'FLY NECKLACE PINK,BLACK/WHITE GLASS/SILVER BRACELET
CAT AND BIRD WALL ART,CAT AND BIRD WALL ART,VINTAGE POST OFFICE CABINET,DOLLY GIRL WALL ART,SPACEBOY WALL ART,NEWSPAPER STAND
CAT BOWL VINTAGE CREAM,DOG BOWL VINTAGE CREAM,VINTAGE CREAM DOG FOOD CONTAINER,VINTAGE CREAM CAT FOOD CONTAINER,3 TIER CAKE TIN RED AND CREAM,BREAD BIN DINER STYLE IVORY
CAT WITH SUNGLASSES BLANK CARD,YELLOW/BLUE RETRO RADIO,PINK/PURPLE RETRO RADIO,4 BLUE DINNER CANDLES SILVER FLOCK,4 PINK DINNER CANDLE SILVER FLOCK, 4 PURPLE FLOCK DINNER CANDLES
CD WALL TIDY BLUE OFFICE,CD WALL TIDY RED FLOWERS,JAM JAR WITH BLUE LID,GOLD APERITIF GLASS,BIRD ON BRANCH CANVAS SCREEN,PASTEL BLUE PHOTO ALBUM 
CD WALL TIDY RED FLOWERS,CD WALL TIDY BLUE OFFICE,JAM JAR WITH BLUE LID,BIRD ON BRANCH CANVAS SCREEN,GOLD APERITIF GLASS,ELVIS WALLHANGING / CURTAIN
CERAMIC BIRDHOUSE CRESTED TIT SMALL,WHITE BEADED GARLAND STRING 20LIGHT,TURQ ICE CREAM BUM BAG ,WHITE HEART OF GLASS BRACELET,S/3 PINK SQUARE PLANTERS ROSES,PINK/WHITE RIBBED MELAMINE JUG
CERAMIC BOWL WITH LOVE HEART DESIGN,LARGE CAKE STAND HANGING HEARTS,LOVE HEART TRINKET POT,CERAMIC CAKE BOWL + HANGING CAKES,PINK/GREEN FLOWER DESIGN BIG MUG,CERAMIC CAKE DESIGN SPOTTED MUG
CERAMIC BOWL WITH STRAWBERRY DESIGN,CERAMIC PLATE STRAWBERRY DESIGN,LARGE CAKE STAND  HANGING STRAWBERY,MINI CAKE STAND  HANGING STRAWBERY,CERAMIC STRAWBERRY DESIGN MUG,CERAMIC CAKE DESIGN SPOTTED PLATE
CERAMIC CAKE BOWL + HANGING CAKES,CERAMIC CAKE DESIGN SPOTTED PLATE,MINI CAKE STAND WITH HANGING CAKES,CERAMIC CAKE STAND + HANGING CAKES,CERAMIC BOWL WITH STRAWBERRY DESIGN,CERAMIC CAKE DESIGN SPOTTED MUG
CERAMIC CAKE DESIGN SPOTTED MUG,CERAMIC STRAWBERRY DESIGN MUG,CERAMIC CAKE DESIGN SPOTTED PLATE,STRAWBERRY FAIRY CAKE TEAPOT,CERAMIC CAKE BOWL + HANGING CAKES,MINI CAKE STAND WITH HANGING CAKES
CERAMIC CAKE DESIGN SPOTTED PLATE,CERAMIC CAKE BOWL + HANGING CAKES,CERAMIC PLATE STRAWBERRY DESIGN,CERAMIC CAKE DESIGN SPOTTED MUG,MINI CAKE STAND WITH HANGING CAKES,CERAMIC BOWL WITH STRAWBERRY DESIGN
CERAMIC CAKE STAND + HANGING CAKES,MINI CAKE STAND WITH HANGING CAKES,CERAMIC CAKE BOWL + HANGING CAKES,LARGE CAKE STAND  HANGING STRAWBERY,MINI CAKE STAND  HANGING STRAWBERY,CERAMIC BOWL WITH STRAWBERRY DESIGN
CERAMIC CHERRY CAKE MONEY BANK,CERAMIC STRAWBERRY CAKE MONEY BANK,CERAMIC HEART FAIRY CAKE MONEY BANK,STRAWBERRY CERAMIC TRINKET BOX,SWEETHEART CERAMIC TRINKET BOX,CERAMIC LOVE HEART MONEY BANK
CERAMIC HEART FAIRY CAKE MONEY BANK,CERAMIC STRAWBERRY CAKE MONEY BANK,CERAMIC CHERRY CAKE MONEY BANK,STRAWBERRY CERAMIC TRINKET BOX,SWEETHEART CERAMIC TRINKET BOX,CERAMIC STRAWBERRY DESIGN MUG
CERAMIC LOVE HEART MONEY BANK,PURPLE DRESS JEWELLERY STAND,CERAMIC CHERRY CAKE MONEY BANK,S/4 VALENTINE DECOUPAGE HEART BOX,PURPLE FRANGIPANI NECKLACE,CERAMIC STRAWBERRY DESIGN MUG
CERAMIC PIRATE CHEST MONEY BANK,CERAMIC HEART FAIRY CAKE MONEY BANK,CERAMIC CHERRY CAKE MONEY BANK,BLACK PIRATE TREASURE CHEST,LUNCH BAG  BLACK SKULL.,CERAMIC STRAWBERRY MONEY BOX
CERAMIC PLATE STRAWBERRY DESIGN,CERAMIC CAKE DESIGN SPOTTED PLATE,CERAMIC BOWL WITH STRAWBERRY DESIGN,CERAMIC STRAWBERRY DESIGN MUG,MINI CAKE STAND  HANGING STRAWBERY,LARGE CAKE STAND  HANGING STRAWBERY
CERAMIC STRAWBERRY CAKE MONEY BANK,CERAMIC HEART FAIRY CAKE MONEY BANK,CERAMIC CHERRY CAKE MONEY BANK,STRAWBERRY CERAMIC TRINKET BOX,SWEETHEART CERAMIC TRINKET BOX,CERAMIC STRAWBERRY DESIGN MUG
CERAMIC STRAWBERRY DESIGN MUG,CERAMIC CAKE DESIGN SPOTTED MUG,CERAMIC PLATE STRAWBERRY DESIGN,STRAWBERRY FAIRY CAKE TEAPOT,CERAMIC BOWL WITH STRAWBERRY DESIGN,MINI CAKE STAND  HANGING STRAWBERY
CERAMIC STRAWBERRY MONEY BOX,WHITE FRANGIPANI NECKLACE,PIGGY BANK RETROSPOT ,PURPLE FRANGIPANI NECKLACE,CERAMIC PIRATE CHEST MONEY BANK,MONEY BOX FIRST ADE DESIGN
CERAMIC STRAWBERRY TRINKET TRAY,PINK POLKADOT KIDS BAG,PINK PAINTED KASHMIRI CHAIR,FUNKY MONKEY MUG,BLACK FLOWER CANDLE PLATE,BLACK SIL'T SQU CANDLE PLATE 
CHALKBOARD KITCHEN ORGANISER,"GARLAND, MAGIC GARDEN 1.8M",LARGE BLACK DIAMANTE HAIRSLIDE,DOORKNOB CERAMIC IVORY,DROP DIAMANTE EARRINGS GREEN,DAISY HAIR COMB
CHAMBRE HOOK,HOME SWEET HOME HOOK,BATHROOM HOOK,LA PALMIERA TILE COASTER, I LOVE LONDON MINI RUCKSACK,SET 12 COLOURING PENCILS DOILEY
CHAMPAGNE TRAY BLANK CARD,HAPPY BIRTHDAY CARD STRIPEY TEDDY,3 BLACK CATS W HEARTS BLANK CARD,THE KING GIFT BAG,THE KING GIFT BAG 25x24x12cm,CAKE SHOP  STICKER SHEET
CHARLIE & LOLA WASTEPAPER BIN BLUE,CHARLIE & LOLA WASTEPAPER BIN FLORA,BLUE CHARLIE+LOLA PERSONAL DOORSIGN,RED CHARLIE+LOLA PERSONAL DOORSIGN,CHARLIE+LOLA MY ROOM DOOR SIGN,"CHARLIE+LOLA""EXTREMELY BUSY"" SIGN"
CHARLIE & LOLA WASTEPAPER BIN FLORA,CHARLIE & LOLA WASTEPAPER BIN BLUE,RED CHARLIE+LOLA PERSONAL DOORSIGN,CHARLIE+LOLA MY ROOM DOOR SIGN,BLUE CHARLIE+LOLA PERSONAL DOORSIGN,"CHARLIE+LOLA""EXTREMELY BUSY"" SIGN"
CHARLIE + LOLA BISCUITS TINS,CHARLIE AND LOLA TABLE TINS,CHARLIE AND LOLA FIGURES TINS,PURPLE ACRYLIC FACETED BANGLE,APRON MODERN VINTAGE COTTON,RED POLKADOT BEAKER 
CHARLIE + LOLA RED HOT WATER BOTTLE,CHARLIE+LOLA PINK HOT WATER BOTTLE,CHARLIE+LOLA RED HOT WATER BOTTLE ,CHARLIE+LOLA MY ROOM DOOR SIGN,CHARLIE LOLA BLUE HOT WATER BOTTLE ,TOMATO CHARLIE+LOLA COASTER SET
CHARLIE AND LOLA CHARLOTTE BAG,PINK CHERRY BLOSSOM CUP & SAUCER,SET/3 FLORAL GARDEN TOOLS IN BAG,RUBY DROP CHANDELIER EARRINGS,ROBOT MUG IN DISPLAY BOX,SILVER FLOWR PINK SHELL NECKLACE
CHARLIE AND LOLA FIGURES TINS,CHARLIE AND LOLA TABLE TINS,CHARLIE + LOLA BISCUITS TINS,CHARLIE & LOLA WASTEPAPER BIN FLORA,CHARLIE & LOLA WASTEPAPER BIN BLUE,RED POLKADOT BEAKER 
CHARLIE AND LOLA TABLE TINS,CHARLIE AND LOLA FIGURES TINS,CHARLIE + LOLA BISCUITS TINS,RED POLKADOT BEAKER ,CHARLIE & LOLA WASTEPAPER BIN BLUE,TEATIME PUSH DOWN RUBBER
CHARLIE LOLA BLUE HOT WATER BOTTLE ,CHARLIE+LOLA RED HOT WATER BOTTLE ,CHARLIE+LOLA PINK HOT WATER BOTTLE,CHARLIE + LOLA RED HOT WATER BOTTLE,WOVEN ROSE GARDEN CUSHION COVER ,QUEEN OF THE SKIES HOLIDAY PURSE 
CHARLIE+LOLA MY ROOM DOOR SIGN,"CHARLIE+LOLA""EXTREMELY BUSY"" SIGN",BLUE CHARLIE+LOLA PERSONAL DOORSIGN,RED CHARLIE+LOLA PERSONAL DOORSIGN,CARROT CHARLIE+LOLA COASTER SET,CHARLIE & LOLA WASTEPAPER BIN FLORA
CHARLIE+LOLA PINK HOT WATER BOTTLE,CHARLIE + LOLA RED HOT WATER BOTTLE,CHARLIE LOLA BLUE HOT WATER BOTTLE ,CHARLIE+LOLA RED HOT WATER BOTTLE ,TOMATO CHARLIE+LOLA COASTER SET,CHARLIE+LOLA MY ROOM DOOR SIGN
CHARLIE+LOLA RED HOT WATER BOTTLE ,CHARLIE LOLA BLUE HOT WATER BOTTLE ,CHARLIE+LOLA PINK HOT WATER BOTTLE,CLEAR LOVE BIRD T-LIGHT HOLDER,CHARLIE + LOLA RED HOT WATER BOTTLE,"WRAP, CAROUSEL"
"CHARLIE+LOLA""EXTREMELY BUSY"" SIGN",CHARLIE+LOLA MY ROOM DOOR SIGN,RED CHARLIE+LOLA PERSONAL DOORSIGN,BLUE CHARLIE+LOLA PERSONAL DOORSIGN,CARROT CHARLIE+LOLA COASTER SET,MOODY GIRL DOOR HANGER 
CHARLOTTE BAG ALPHABET  DESIGN,KIDS CUTLERY SPACEBOY ,DOLLCRAFT BOY JEAN-PAUL ,FOLDING MIRROR RED  ,LEAVES MAGNETIC  SHOPPING LIST,FOLDING MIRROR IVORY 
CHARLOTTE BAG APPLES DESIGN,WOODLAND CHARLOTTE BAG,STRAWBERRY CHARLOTTE BAG,CHARLOTTE BAG SUKI DESIGN,CHARLOTTE BAG VINTAGE ALPHABET ,RED RETROSPOT CHARLOTTE BAG
CHARLOTTE BAG DOLLY GIRL DESIGN,CHARLOTTE BAG SUKI DESIGN,WOODLAND CHARLOTTE BAG,STRAWBERRY CHARLOTTE BAG,RED RETROSPOT CHARLOTTE BAG,CHARLOTTE BAG PINK POLKADOT
CHARLOTTE BAG PINK POLKADOT,RED RETROSPOT CHARLOTTE BAG,STRAWBERRY CHARLOTTE BAG,CHARLOTTE BAG SUKI DESIGN,WOODLAND CHARLOTTE BAG,CHARLOTTE BAG APPLES DESIGN
CHARLOTTE BAG SUKI DESIGN,STRAWBERRY CHARLOTTE BAG,RED RETROSPOT CHARLOTTE BAG,WOODLAND CHARLOTTE BAG,CHARLOTTE BAG APPLES DESIGN,CHARLOTTE BAG PINK POLKADOT
CHARLOTTE BAG VINTAGE ALPHABET ,CHARLOTTE BAG APPLES DESIGN,CHARLOTTE BAG SUKI DESIGN,STRAWBERRY CHARLOTTE BAG,RED RETROSPOT CHARLOTTE BAG,WOODLAND CHARLOTTE BAG
CHERRY BLOSSOM  DECORATIVE FLASK,CHERRY BLOSSOM DECORATIVE FLASK,SET OF 3 REGENCY CAKE TINS,CUPID DESIGN SCENTED CANDLES,RECYCLED ACAPULCO MAT PINK,PURPLE FRANGIPANI NECKLACE
CHERRY BLOSSOM CANVAS ART PICTURE,PINK/WHITE GLASS DEMI CHOKER,BLUE/NAT SHELL NECKLACE W PENDANT,JAM JAR WITH BLUE LID,IVORY SHELL HEART EARRINGS,BIRD ON BRANCH CANVAS SCREEN
CHERRY BLOSSOM DECORATIVE FLASK,CHERRY BLOSSOM  DECORATIVE FLASK,RED PURSE WITH PINK HEART,SET OF 16 VINTAGE PISTACHIO CUTLERY,DROP DIAMANTE EARRINGS CRYSTAL,BLUE HOLE PUNCH
CHERRY BLOSSOM LUGGAGE TAG,DOTCOM POSTAGE,CHERRY BLOSSOM PASSPORT COVER,CRYSTAL CZECH CROSS PHONE CHARM,COPPER AND BRASS BAG CHARM,BEADED CRYSTAL HEART GREEN ON STICK
CHERRY BLOSSOM PASSPORT COVER,CHERRY BLOSSOM LUGGAGE TAG,BLUE POLKADOT PASSPORT COVER,FIRST CLASS HOLIDAY PURSE ,VINTAGE PHOTO ALBUM PARIS DAYS,TROPICAL PASSPORT COVER 
CHERRY BLOSSOM PURSE,CURIOUS IMAGES SCRAP BOOK SET,VINTAGE PHOTO ALBUM PARIS DAYS,TURQUOISE CHRISTMAS TREE ,BLUE POLKADOT PUDDING BOWL,ESSENTIAL BALM 3.5g TIN IN ENVELOPE
CHERRY BLOSSOM TABLE CLOCK ,FRENCH PAISLEY CUSHION COVER,CURIO CABINET LINEN AND LACE ,PINK PAISLEY CUSHION COVER ,SILVER  CANDLEPOT JARDIN ,NUMBER TILE VINTAGE FONT 0
CHERRY CROCHET FOOD COVER,RED FLOWER CROCHET FOOD COVER,FLOWER VINE RAFFIA FOOD COVER,PINK FLOWER CROCHET FOOD COVER,STRAWBERRY RAFFIA FOOD COVER,POLKA DOT RAFFIA FOOD COVER
CHERUB HEART DECORATION GOLD,REINDEER HEART DECORATION GOLD,CHRISTMAS TREE HANGING GOLD,CHERUB HEART DECORATION SILVER ,LAUREL HEART ANTIQUE GOLD,LAUREL STAR ANTIQUE GOLD
CHERUB HEART DECORATION SILVER ,CHERUB HEART DECORATION GOLD,REINDEER HEART DECORATION SILVER,CHRISTMAS TREE HANGING SILVER ,REINDEER HEART DECORATION GOLD,CHRISTMAS TREE HANGING GOLD
CHEST 7 DRAWER MA CAMPAGNE,CUPBOARD 3 DRAWER MA CAMPAGNE,KEY CABINET MA CAMPAGNE,FRENCH STYLE EMBOSSED HEART CABINET,BLACK GLASS BRACELET W HEART CHARMS,HOME SWEET HOME 2 DRAWER CABINET
CHEST NATURAL WOOD 20 DRAWERS,SET 12 COLOURING PENCILS DOILEY,ZINC PLANT POT HOLDER,PURPLE FRANGIPANI HAIRCLIP,SET 36 COLOURING PENCILS DOILEY, I LOVE LONDON MINI RUCKSACK
CHEST OF DRAWERS GINGHAM HEART ,WHITE FRANGIPANI NECKLACE,CREAM SWEETHEART MINI CHEST,KEY CABINET MA CAMPAGNE,"TRAY, BREAKFAST IN BED",MA CAMPAGNE CUTLERY BOX
CHICK GREY HOT WATER BOTTLE,BIRD HOUSE HOT WATER BOTTLE,RETROSPOT HEART HOT WATER BOTTLE,HAND WARMER BIRD DESIGN,FAWN BLUE HOT WATER BOTTLE,SCOTTIE DOG HOT WATER BOTTLE
CHILDREN'S APRON DOLLY GIRL ,CHILDRENS APRON SPACEBOY DESIGN,LUNCH BAG DOLLY GIRL DESIGN,RETROSPOT CHILDRENS APRON,PINK FAIRY CAKE CHILDRENS APRON,DOLLY GIRL LUNCH BOX
CHILDREN'S CIRCUS PARADE MUG,CHILDREN'S SPACEBOY MUG,CHILDRENS DOLLY GIRL MUG,CIRCUS PARADE CHILDRENS EGG CUP ,CHILDS BREAKFAST SET CIRCUS PARADE,CIRCUS PARADE LUNCH BOX 
CHILDREN'S SPACEBOY MUG,CHILDRENS DOLLY GIRL MUG,SPACEBOY CHILDRENS EGG CUP,CHILDREN'S CIRCUS PARADE MUG,DOLLY GIRL CHILDRENS EGG CUP,CIRCUS PARADE CHILDRENS EGG CUP 
CHILDRENS APRON APPLES DESIGN,CHILDRENS APRON SPACEBOY DESIGN,RETROSPOT CHILDRENS APRON,CHILDREN'S APRON DOLLY GIRL ,LUNCH BAG APPLE DESIGN,PINK FAIRY CAKE CHILDRENS APRON
CHILDRENS APRON SPACEBOY DESIGN,CHILDREN'S APRON DOLLY GIRL ,RETROSPOT CHILDRENS APRON,PINK FAIRY CAKE CHILDRENS APRON,CHILDRENS APRON APPLES DESIGN,SPACEBOY LUNCH BOX 
CHILDRENS CUTLERY CIRCUS PARADE,CHILDRENS CUTLERY DOLLY GIRL ,CHILDRENS CUTLERY SPACEBOY ,CHILDRENS CUTLERY POLKADOT PINK,SPACEBOY LUNCH BOX ,CHILDRENS CUTLERY POLKADOT BLUE
CHILDRENS CUTLERY DOLLY GIRL ,CHILDRENS CUTLERY SPACEBOY ,CHILDRENS CUTLERY CIRCUS PARADE,DOLLY GIRL CHILDRENS BOWL,SPACEBOY CHILDRENS BOWL,CHILDRENS CUTLERY POLKADOT PINK
CHILDRENS CUTLERY POLKADOT BLUE,CHILDRENS CUTLERY POLKADOT PINK,CHILDRENS CUTLERY RETROSPOT RED ,CHILDRENS CUTLERY POLKADOT GREEN ,CHILDRENS CUTLERY SPACEBOY ,PINK  POLKADOT CUP
CHILDRENS CUTLERY POLKADOT GREEN ,CHILDRENS CUTLERY RETROSPOT RED ,CHILDRENS CUTLERY POLKADOT BLUE,CHILDRENS CUTLERY POLKADOT PINK,GREEN 3 PIECE POLKADOT CUTLERY SET,GREEN POLKADOT BOWL
CHILDRENS CUTLERY POLKADOT PINK,CHILDRENS CUTLERY POLKADOT BLUE,CHILDRENS CUTLERY RETROSPOT RED ,CHILDRENS CUTLERY POLKADOT GREEN ,CHILDRENS CUTLERY SPACEBOY ,PINK  POLKADOT CUP
CHILDRENS CUTLERY RETROSPOT RED ,CHILDRENS CUTLERY POLKADOT GREEN ,CHILDRENS CUTLERY POLKADOT BLUE,CHILDRENS CUTLERY POLKADOT PINK,RED RETROSPOT CUP,RED RETROSPOT BOWL
CHILDRENS CUTLERY SPACEBOY ,CHILDRENS CUTLERY DOLLY GIRL ,CHILDRENS CUTLERY CIRCUS PARADE,CHILDRENS CUTLERY POLKADOT PINK,SPACEBOY CHILDRENS BOWL,CHILDRENS CUTLERY RETROSPOT RED 
CHILDRENS DOLLY GIRL MUG,CHILDREN'S SPACEBOY MUG,DOLLY GIRL CHILDRENS EGG CUP,CHILDREN'S CIRCUS PARADE MUG,SPACEBOY CHILDRENS EGG CUP,DOLLY GIRL LUNCH BOX
CHILDRENS GARDEN GLOVES BLUE,CHILDRENS GARDEN GLOVES PINK,CHILDS GARDEN TROWEL BLUE ,CHILDS GARDEN TROWEL PINK,CHILDS GARDEN FORK BLUE ,CHILDS GARDEN FORK PINK
CHILDRENS GARDEN GLOVES PINK,CHILDRENS GARDEN GLOVES BLUE,CHILDS GARDEN TROWEL PINK,CHILDS GARDEN FORK PINK,CHILDS GARDEN TROWEL BLUE ,CHILDS GARDEN FORK BLUE 
CHILDRENS SPACEBOY MUG,3 TRADITIONAL COOKIE CUTTERS  SET,RED   ACRYLIC FACETED BANGLE,HAND OPEN SHAPE DECO.WHITE,CLEAR ACRYLIC FACETED BANGLE,KIDS CUTLERY SPACEBOY 
CHILDRENS TOY COOKING UTENSIL SET,RETROSPOT TEA SET CERAMIC 11 PC ,DINOSAUR PARTY BAG + STICKER SET,BAKING SET 9 PIECE RETROSPOT ,DOLLY GIRL MINI BACKPACK,SPACEBOY MINI BACKPACK
CHILDS BREAKFAST SET CIRCUS PARADE,CHILDS BREAKFAST SET SPACEBOY ,CHILDS BREAKFAST SET DOLLY GIRL ,CHILDREN'S CIRCUS PARADE MUG,PLASTERS IN TIN CIRCUS PARADE ,CIRCUS PARADE LUNCH BOX 
CHILDS BREAKFAST SET DOLLY GIRL ,CHILDS BREAKFAST SET SPACEBOY ,CHILDS BREAKFAST SET CIRCUS PARADE,DOLLY GIRL LUNCH BOX,SPACEBOY LUNCH BOX ,CHILDRENS CUTLERY DOLLY GIRL 
CHILDS BREAKFAST SET SPACEBOY ,CHILDS BREAKFAST SET DOLLY GIRL ,CHILDS BREAKFAST SET CIRCUS PARADE,SPACEBOY LUNCH BOX ,CHILDRENS CUTLERY DOLLY GIRL ,SPACEBOY CHILDRENS CUP
CHILDS GARDEN BRUSH BLUE,CHILDS GARDEN BRUSH PINK,CHILDS GARDEN RAKE BLUE,CHILDS GARDEN TROWEL BLUE ,CHILDS GARDEN SPADE BLUE,CHILDS GARDEN SPADE PINK
CHILDS GARDEN BRUSH PINK,CHILDS GARDEN BRUSH BLUE,CHILDS GARDEN SPADE PINK,CHILDS GARDEN FORK PINK,CHILDS GARDEN RAKE PINK,CHILDS GARDEN SPADE BLUE
CHILDS GARDEN FORK BLUE ,CHILDS GARDEN FORK PINK,CHILDS GARDEN TROWEL BLUE ,CHILDS GARDEN TROWEL PINK,CHILDRENS GARDEN GLOVES BLUE,CHILDS GARDEN SPADE BLUE
CHILDS GARDEN FORK PINK,CHILDS GARDEN FORK BLUE ,CHILDS GARDEN TROWEL PINK,CHILDS GARDEN TROWEL BLUE ,CHILDRENS GARDEN GLOVES PINK,CHILDS GARDEN BRUSH PINK
CHILDS GARDEN RAKE BLUE,CHILDS GARDEN RAKE PINK,CHILDS GARDEN SPADE BLUE,CHILDS GARDEN SPADE PINK,CHILDS GARDEN BRUSH BLUE,CHILDS GARDEN BRUSH PINK
CHILDS GARDEN RAKE PINK,CHILDS GARDEN RAKE BLUE,CHILDS GARDEN SPADE PINK,CHILDS GARDEN SPADE BLUE,CHILDS GARDEN BRUSH PINK,CHILDS GARDEN FORK PINK
CHILDS GARDEN SPADE BLUE,CHILDS GARDEN SPADE PINK,CHILDS GARDEN RAKE BLUE,CHILDS GARDEN RAKE PINK,CHILDS GARDEN BRUSH PINK,CHILDS GARDEN FORK BLUE 
CHILDS GARDEN SPADE PINK,CHILDS GARDEN SPADE BLUE,CHILDS GARDEN RAKE PINK,CHILDS GARDEN RAKE BLUE,CHILDS GARDEN BRUSH PINK,CHILDS GARDEN FORK PINK
CHILDS GARDEN TROWEL BLUE ,CHILDS GARDEN TROWEL PINK,CHILDS GARDEN FORK BLUE ,CHILDS GARDEN FORK PINK,CHILDRENS GARDEN GLOVES BLUE,CHILDRENS GARDEN GLOVES PINK
CHILDS GARDEN TROWEL PINK,CHILDS GARDEN TROWEL BLUE ,CHILDS GARDEN FORK PINK,CHILDS GARDEN FORK BLUE ,CHILDRENS GARDEN GLOVES PINK,CHILDRENS GARDEN GLOVES BLUE
CHILLI LIGHTS,SET OF 10 LED DOLLY LIGHTS,BABUSHKA LIGHTS STRING OF 10,ALARM CLOCK BAKELIKE GREEN,ALARM CLOCK BAKELIKE CHOCOLATE,BOX OF 24 COCKTAIL PARASOLS
CHINESE DRAGON PAPER LANTERNS,RED PAPER PARASOL,PURPLE PAPER PARASOL,GOLD COSMETIC BAG PINK STAR,MULTICOLOUR HONEYCOMB PAPER GARLAND,MULTICOLOUR 3D BALLS GARLAND
CHOC TRUFFLE GOLD TRINKET POT ,PINK DOUGHNUT TRINKET POT ,SWEETHEART CERAMIC TRINKET BOX,STRAWBERRY CERAMIC TRINKET POT,LOVE HEART TRINKET POT,CERAMIC STRAWBERRY DESIGN MUG
CHOCOLATE 1 WICK MORRIS BOX CANDLE,ROSE 1 WICK MORRIS BOXED CANDLE,CHOCOLATE 3 WICK MORRIS BOX CANDLE,ROSE 3 WICK MORRIS BOX CANDLE,GARDENIA 1 WICK MORRIS BOXED CANDLE,3 WHITE CHOC MORRIS BOXED CANDLES
CHOCOLATE 3 WICK MORRIS BOX CANDLE,ROSE 3 WICK MORRIS BOX CANDLE,CHOCOLATE 1 WICK MORRIS BOX CANDLE,GARDENIA 3 WICK MORRIS BOXED CANDLE,3 WHITE CHOC MORRIS BOXED CANDLES,GARDENIA 1 WICK MORRIS BOXED CANDLE
CHOCOLATE BOX RIBBONS ,ROMANTIC PINKS RIBBONS ,BRIGHT BLUES RIBBONS ,BABY BOOM RIBBONS ,SCANDINAVIAN REDS RIBBONS,URBAN BLACK RIBBONS 
CHOCOLATE CALCULATOR,TOOTHPASTE TUBE PEN,BLUE CALCULATOR RULER,HEART CALCULATOR,3D SHEET OF DOG STICKERS,UNION JACK FLAG LUGGAGE TAG
CHOCOLATE HOT WATER BOTTLE,HOT WATER BOTTLE I AM SO POORLY,HOT WATER BOTTLE TEA AND SYMPATHY,HOT WATER BOTTLE KEEP CALM,SCOTTIE DOG HOT WATER BOTTLE,RETROSPOT HEART HOT WATER BOTTLE
CHOCOLATE THIS WAY METAL SIGN,HAND OVER THE CHOCOLATE   SIGN ,COOK WITH WINE METAL SIGN ,GIN + TONIC DIET METAL SIGN,PLEASE ONE PERSON METAL SIGN,BEWARE OF THE CAT METAL SIGN 
CHRISTMAS CARD SCREEN PRINT ,CHRISTMAS CARD STACK OF PRESENTS,WRAP CHRISTMAS SCREEN PRINT,CARD CHRISTMAS VILLAGE,CARD MOTORBIKE SANTA,WOODEN STAR CHRISTMAS SCANDINAVIAN
CHRISTMAS CARD SINGING ANGEL,CARD MOTORBIKE SANTA,CHRISTMAS CARD STACK OF PRESENTS,SET/3 FLORAL GARDEN TOOLS IN BAG,BLUE PADDED SOFT MOBILE,SCALLOP SHELL SOAP DISH
CHRISTMAS CARD STACK OF PRESENTS,CHRISTMAS CARD SCREEN PRINT ,CARD CHRISTMAS VILLAGE,PACK OF 12 CHRISTMAS FUN CARDS,CHRISTMAS CARD SINGING ANGEL,WRAP CHRISTMAS SCREEN PRINT
CHRISTMAS CRAFT HEART STOCKING ,PINK POLKADOT CHILDRENS UMBRELLA,IVORY ENCHANTED FOREST PLACEMAT,MONEY BOX BISCUITS DESIGN,DOLLY MIXTURE CHILDREN'S UMBRELLA,GOLD MUG BONE CHINA TREE OF LIFE
CHRISTMAS CRAFT LITTLE FRIENDS,CHRISTMAS CRAFT WHITE FAIRY ,CHRISTMAS CRAFT TREE TOP ANGEL,FELTCRAFT CHRISTMAS FAIRY,3 STRIPEY MICE FELTCRAFT,FELTCRAFT 6 FLOWER FRIENDS
CHRISTMAS CRAFT TREE TOP ANGEL,CHRISTMAS CRAFT LITTLE FRIENDS,CHRISTMAS CRAFT WHITE FAIRY ,FELTCRAFT CHRISTMAS FAIRY,3 STRIPEY MICE FELTCRAFT,PINK BLUE FELT CRAFT TRINKET BOX
CHRISTMAS CRAFT WHITE FAIRY ,CHRISTMAS CRAFT LITTLE FRIENDS,CHRISTMAS CRAFT TREE TOP ANGEL,FELTCRAFT CHRISTMAS FAIRY,FELTCRAFT BUTTERFLY HEARTS,3 STRIPEY MICE FELTCRAFT
CHRISTMAS DECOUPAGE CANDLE,SET OF 2 CHRISTMAS DECOUPAGE CANDLE,SET/3 CHRISTMAS DECOUPAGE CANDLES,DIAMANTE HAIR GRIP PACK/2 MONTANA,DIAMANTE HAIR GRIP PACK/2 RUBY,DIAMANTE HAIR GRIP PACK/2 BLACK DIA
"CHRISTMAS GARLAND STARS,TREES",WHITE CHRISTMAS GARLAND STARS TREES,MARIE ANTOIENETT TRINKET BOX GOLD,THE KING GIFT BAG,GLITTER CHRISTMAS HEART ,FUNKY FLOWER PICNIC BAG FOR 4
CHRISTMAS GINGHAM HEART,CHRISTMAS RETROSPOT HEART WOOD,CHRISTMAS GINGHAM STAR,CHALKBOARD KITCHEN ORGANISER,CHRISTMAS GINGHAM TREE,HEART WOODEN CHRISTMAS DECORATION
CHRISTMAS GINGHAM STAR,CHRISTMAS GINGHAM TREE,GINGHAM HEART DECORATION,STAR WOODEN CHRISTMAS DECORATION,CHRISTMAS GINGHAM HEART,HEART WOODEN CHRISTMAS DECORATION
CHRISTMAS GINGHAM TREE,CHRISTMAS GINGHAM STAR,GINGHAM HEART DECORATION,WOODEN STAR CHRISTMAS SCANDINAVIAN,CHRISTMAS RETROSPOT ANGEL WOOD,HEART WOODEN CHRISTMAS DECORATION
CHRISTMAS HANGING HEART WITH BELL,PINK EASTER HENS+FLOWER,PURPLE ANEMONE ARTIFICIAL FLOWER,BIRD BOX CHRISTMAS TREE DECORATION,HEN HOUSE W CHICK IN NEST,ORANGE FELT VASE + FLOWERS
CHRISTMAS HANGING SNOWFLAKE,PURPLE FRANGIPANI NECKLACE,GLITTER CHRISTMAS TREE WITH BELLS,PINK STOCKING CHRISTMAS DECORATION,STRING OF STARS CARD HOLDER,DIAMANTE HAIR GRIP PACK/2 RUBY
CHRISTMAS HANGING STAR WITH BELL,CHRISTMAS HANGING TREE WITH BELL,HANGING HEART WITH BELL,GLITTER HEART DECORATION,GLITTER CHRISTMAS STAR ,WOODEN STAR CHRISTMAS SCANDINAVIAN
CHRISTMAS HANGING TREE WITH BELL,CHRISTMAS HANGING STAR WITH BELL,HANGING HEART WITH BELL,GLITTER CHRISTMAS TREE,GLITTER HEART DECORATION,WOODEN TREE CHRISTMAS SCANDINAVIAN
CHRISTMAS LIGHTS 10 REINDEER,CHRISTMAS LIGHTS 10 SANTAS ,CHRISTMAS LIGHTS 10 VINTAGE BAUBLES,RABBIT NIGHT LIGHT,PAPER CHAIN KIT VINTAGE CHRISTMAS,BOX OF 6 CHRISTMAS CAKE DECORATIONS
CHRISTMAS LIGHTS 10 SANTAS ,CHRISTMAS LIGHTS 10 REINDEER,CHRISTMAS LIGHTS 10 VINTAGE BAUBLES,BOX OF 6 MINI 50'S CRACKERS,VINTAGE CHRISTMAS STOCKING ,BOX OF 6 MINI VINTAGE CRACKERS
CHRISTMAS LIGHTS 10 VINTAGE BAUBLES,CHRISTMAS LIGHTS 10 REINDEER,CHRISTMAS LIGHTS 10 SANTAS ,PAPER CHAIN KIT VINTAGE CHRISTMAS,VINTAGE CHRISTMAS TABLECLOTH,ALARM CLOCK BAKELIKE RED 
CHRISTMAS METAL POSTCARD WITH BELLS,FOLKART CLIP ON STARS,PAINTED METAL HEART WITH HOLLY BELL,PAINTED METAL STAR WITH HOLLY BELLS,SET OF 2 CHRISTMAS DECOUPAGE CANDLE,NEW BAROQUE B'FLY NECKLACE RED
CHRISTMAS METAL TAGS ASSORTED ,SET OF 20 VINTAGE CHRISTMAS NAPKINS,GLASS APOTHECARY BOTTLE PERFUME,ZINC FOLKART SLEIGH BELLS,PAPER CHAIN KIT VINTAGE CHRISTMAS,CHRISTMAS CRAFT LITTLE FRIENDS
CHRISTMAS MUSICAL ZINC HEART ,SET/4 GARDEN ROSE DINNER CANDLE,LUSH GREENS RIBBONS,CUPID SCENTED CANDLE IN GLASS,GREEN MURANO TWIST NECKLACE,FAIRY CAKE NOTEBOOK A5 SIZE
CHRISTMAS MUSICAL ZINC STAR,CHRISTMAS MUSICAL ZINC TREE,MUSICAL ZINC HEART DECORATION ,LAUREL STAR ANTIQUE GOLD,WOODEN HEART CHRISTMAS SCANDINAVIAN,HEART WOODEN CHRISTMAS DECORATION
CHRISTMAS MUSICAL ZINC TREE,CHRISTMAS MUSICAL ZINC STAR,MUSICAL ZINC HEART DECORATION ,HANGING BAUBLE T-LIGHT HOLDER SMALL,WHITE CHRISTMAS STAR DECORATION,SKETCHBOOK MAGNETIC SHOPPING LIST
CHRISTMAS PUDDING TRINKET POT ,PINK DOUGHNUT TRINKET POT ,LOVE HEART TRINKET POT,SWEETHEART CERAMIC TRINKET BOX,STRAWBERRY CERAMIC TRINKET BOX,SMALL CHOCOLATES PINK BOWL
CHRISTMAS RETROSPOT ANGEL WOOD,CHRISTMAS RETROSPOT TREE WOOD,CHRISTMAS RETROSPOT STAR WOOD,RETROSPOT WOODEN HEART DECORATION,WOOD STOCKING CHRISTMAS SCANDISPOT,ROCKING HORSE RED CHRISTMAS 
CHRISTMAS RETROSPOT HEART WOOD,CHRISTMAS GINGHAM HEART,WOODEN BOX ADVENT CALENDAR ,GLITTER CHRISTMAS HEART ,WHITE MURANO TWIST BRACELET,WHITE HEART OF GLASS BRACELET
CHRISTMAS RETROSPOT STAR WOOD,CHRISTMAS RETROSPOT TREE WOOD,CHRISTMAS RETROSPOT ANGEL WOOD,RETROSPOT WOODEN HEART DECORATION,WOOD STOCKING CHRISTMAS SCANDISPOT,ROCKING HORSE RED CHRISTMAS 
CHRISTMAS RETROSPOT TREE WOOD,CHRISTMAS RETROSPOT STAR WOOD,CHRISTMAS RETROSPOT ANGEL WOOD,RETROSPOT WOODEN HEART DECORATION,WOOD STOCKING CHRISTMAS SCANDISPOT,SET OF 3 WOODEN TREE DECORATIONS
CHRISTMAS STAR WISH LIST CHALKBOARD,WOODEN STAR CHRISTMAS SCANDINAVIAN,WOODEN HEART CHRISTMAS SCANDINAVIAN,CARROT CHARLIE+LOLA COASTER SET,WOODEN TREE CHRISTMAS SCANDINAVIAN,STAR DECORATION PAINTED ZINC 
CHRISTMAS TABLE CANDLE SILVER SPIKE,BAKING MOULD ROSE MILK CHOCOLATE,FRIDGE MAGNETS LA VIE EN ROSE,FRIDGE MAGNETS US DINER ASSORTED,RECYCLED ACAPULCO MAT LAVENDER,RECYCLED ACAPULCO MAT BLUE
CHRISTMAS TABLE SILVER CANDLE SPIKE,ZINC WILLIE WINKIE  CANDLE STICK,WHITE SQUARE TABLE CLOCK,ZINC FOLKART SLEIGH BELLS,BLOSSOM IMAGES GIFT WRAP SET,STAR T-LIGHT HOLDER WILLIE WINKIE
CHRISTMAS TOILET ROLL,HAND WARMER SCOTTY DOG DESIGN,PAPER CHAIN KIT 50'S CHRISTMAS ,SET OF 20 VINTAGE CHRISTMAS NAPKINS,SILVER STARS TABLE DECORATION,RETROSPOT CIGAR BOX MATCHES 
CHRISTMAS TREE DECORATION WITH BELL,CHRISTMAS TREE HEART DECORATION,CHRISTMAS TREE STAR DECORATION,WHITE CHRISTMAS STAR DECORATION,ROCKING HORSE RED CHRISTMAS ,PURPLE/TURQ FLOWERS HANDBAG
CHRISTMAS TREE HANGING GOLD,CHERUB HEART DECORATION GOLD,REINDEER HEART DECORATION GOLD,CHRISTMAS TREE HANGING SILVER ,LAUREL HEART ANTIQUE GOLD,LAUREL STAR ANTIQUE GOLD
CHRISTMAS TREE HANGING SILVER ,REINDEER HEART DECORATION SILVER,CHRISTMAS TREE HANGING GOLD,CHERUB HEART DECORATION SILVER ,LAUREL STAR ANTIQUE SILVER ,LAUREL STAR ANTIQUE GOLD
CHRISTMAS TREE HEART DECORATION,CHRISTMAS TREE STAR DECORATION,CHRISTMAS TREE DECORATION WITH BELL,WHITE CHRISTMAS STAR DECORATION,ROCKING HORSE RED CHRISTMAS ,ROCKING HORSE GREEN CHRISTMAS 
CHRISTMAS TREE PAINTED ZINC ,STAR DECORATION PAINTED ZINC ,ANGEL DECORATION PAINTED ZINC ,NOEL GARLAND PAINTED ZINC ,DOVE DECORATION PAINTED ZINC ,WOODEN TREE CHRISTMAS SCANDINAVIAN
CHRISTMAS TREE STAR DECORATION,CHRISTMAS TREE HEART DECORATION,CHRISTMAS TREE DECORATION WITH BELL,WHITE CHRISTMAS STAR DECORATION,ROCKING HORSE RED CHRISTMAS ,ROUND PURPLE CLOCK WITH SUCKER
CHRISTMAS TREE T-LIGHT HOLDER,STAR  T-LIGHT HOLDER ,PEARL AND CHERRY QUARTZ BRACLET,HEART T-LIGHT HOLDER ,BLUE MURANO TWIST NECKLACE,DIAMANTE HAIR GRIP PACK/2 MONTANA
CHRYSANTHEMUM  JOURNAL,GARDEN PATH JOURNAL,GREEN FERN JOURNAL ,ABSTRACT CIRCLE JOURNAL ,BLUE PAISLEY JOURNAL ,RUBY DROP CHANDELIER EARRINGS
CHRYSANTHEMUM NOTEBOOK,GARDEN PATH NOTEBOOK ,ABSTRACT CIRCLE JOURNAL ,DAISY NOTEBOOK ,GARDEN PATH JOURNAL,BLUE PAISLEY NOTEBOOK
CHRYSANTHEMUM POCKET BOOK ,ABSTRACT CIRCLES POCKET BOOK,GARDEN PATH POCKET BOOK,GREEN FERN POCKET BOOK,BLUE PAISLEY POCKET BOOK,GARDEN PATH NOTEBOOK 
CHRYSANTHEMUM SKETCHBOOK ,ABSTRACT CIRCLES SKETCHBOOK ,GREEN FERN SKETCHBOOK ,GARDEN PATH SKETCHBOOK,BLUE PAISLEY SKETCHBOOK,DAISY SKETCHBOOK 
CHUNKY SILVER NECKLACE PASTEL FLOWE,WHITE VINT ART DECO CRYSTAL NECKLAC,GLASS BEAD HOOP NECKLACE MONTANA,DROP DIAMANTE EARRINGS BLACK DIAMON,MIDNIGHT BLUE COPPER FLOWER NECKLAC,NEW BAROQUE SMALL NECKLACE BLACK
CINAMMON & ORANGE WREATH,PURPLE FRANGIPANI NECKLACE,ASSTD RASTA KEY-CHAINS,DIAMANTE HAIR GRIP PACK/2 MONTANA,WHITE FRANGIPANI NECKLACE,DIAMANTE HAIR GRIP PACK/2 LT ROSE
CINAMMON SET OF 9 T-LIGHTS,ORANGE SCENTED SET/9 T-LIGHTS,SET OF 2 CHRISTMAS DECOUPAGE CANDLE,EMBOSSED HEART TRINKET BOX,QUEEN OF SKIES LUGGAGE TAG,DIAMANTE HAIR GRIP PACK/2 MONTANA
CINDERELLA CHANDELIER ,WOODLAND MINI RUCKSACK ,BEADED CHANDELIER T-LIGHT HOLDER,FLOWERS CHANDELIER T-LIGHT HOLDER, I LOVE LONDON MINI RUCKSACK,ROSE PENDANT TRIPLE SHELL NECKLACE
CINNAMON SCENTED VOTIVE CANDLE,ORANGE VOTIVE CANDLE,OPIUM SCENTED VOTIVE CANDLE,STRAWBRY SCENTED VOTIVE CANDLE,JASMINE VOTIVE CANDLE,PURPLE DRESS JEWELLERY STAND
CIRCUS PARADE BABY GIFT SET,DOLLY GIRL BABY GIFT SET, SPACEBOY BABY GIFT SET,I LOVE LONDON BABY GIFT SET,SILVER BLACK ORBIT DROP EARRINGS,SPACEBOY LUNCH BOX 
CIRCUS PARADE CHILDRENS EGG CUP ,SPACEBOY CHILDRENS EGG CUP,DOLLY GIRL CHILDRENS EGG CUP,CHILDREN'S CIRCUS PARADE MUG,SOLDIERS EGG CUP ,CHILDREN'S SPACEBOY MUG
CIRCUS PARADE LUNCH BOX ,SPACEBOY LUNCH BOX ,DOLLY GIRL LUNCH BOX,LUNCH BOX I LOVE LONDON,ROUND SNACK BOXES SET OF4 WOODLAND ,ROUND SNACK BOXES SET OF 4 FRUITS 
CITRONELLA CANDLE FLOWERPOT,CITRONELLA CANDLE GARDEN POT,SILVER STARS TABLE DECORATION,NATURAL SLATE RECTANGLE CHALKBOARD,EIGHT PIECE CREEPY CRAWLIE SET,SILVER PLATE CANDLE BOWL SMALL
CITRONELLA CANDLE GARDEN POT,CITRONELLA CANDLE FLOWERPOT,GARDENERS KNEELING PAD CUP OF TEA ,POTTING SHED TWINE,POTTING SHED TEA MUG,WOODEN PICTURE FRAME WHITE FINISH
CITRUS GARLAND FELT FLOWERS ,SCALLOP SHELL SOAP DISH,BLUE KNITTED HEN ,KEEP CALM BIRTHDAY WRAP,BLUE STRIPES SHOULDER BAG,RETRO PINK BALL ASHTRAY 
CLAM SHELL LARGE,PERIWINKLE T-LIGHT HOLDER,PINK POLKADOT KIDS BAG,FUNKY MONKEY MUG,COCKLE SHELL DISH,"LETTER ""B"" BLING KEY RING"
CLAM SHELL SMALL ,COCKLE SHELL DISH,STARFISH SOAP DISH,CLAM SHELL LARGE,CAKE STAND VICTORIAN FILIGREE LARGE,"LETTER ""N"" BLING KEY RING"
CLASSIC BICYCLE CLIPS ,BICYCLE PUNCTURE REPAIR KIT ,CLASSIC CHROME BICYCLE BELL ,TRADTIONAL ALPHABET STAMP SET,BOX OF 6 CHRISTMAS CAKE DECORATIONS,RABBIT NIGHT LIGHT
CLASSIC CAFE SUGAR DISPENSER,POPCORN HOLDER,ALARM CLOCK BAKELIKE RED ,ALARM CLOCK BAKELIKE IVORY,PACK OF 72 RETROSPOT CAKE CASES,SET/5 RED RETROSPOT LID GLASS BOWLS
CLASSIC CHROME BICYCLE BELL ,CLASSIC BICYCLE CLIPS ,BICYCLE PUNCTURE REPAIR KIT ,TRADTIONAL ALPHABET STAMP SET,TRADITIONAL PICK UP STICKS GAME ,RABBIT NIGHT LIGHT
CLASSIC CROME BICYCLE BELL ,FRYING PAN RED POLKADOT ,PEG BAG APPLE DESIGN,MISELTOE HEART WREATH CREAM,LUNCH BAG RED SPOTTY,SET/5 RED SPOTTY LID GLASS BOWLS
CLASSIC DIAMANTE EARRINGS JET,DROP DIAMANTE EARRINGS GREEN,DOORKNOB CERAMIC IVORY,LARGE BLACK DIAMANTE HAIRSLIDE,DIAMANTE HAIR GRIP PACK/2 CRYSTAL,DIAMANTE HAIR GRIP PACK/2 PERIDOT
CLASSIC DIAMANTE NECKLACE JET,AMBER GLASS/SHELL/PEARL NECKLACE,DIAMANTE NECKLACE BLACK ,CLASSIC DIAMANTE NECKLACE JET,RUBY GLASS CLUSTER NECKLACE,JET BLACK LAS VEGAS NECKLACE 45CM
CLASSIC FRENCH STYLE BASKET BROWN,CLASSIC FRENCH STYLE BASKET GREEN ,CLASSIC FRENCH STYLE BASKET NATURAL,WHITE TRAVEL ALARM CLOCK,TROPICAL PASSPORT COVER ,AIRLINE BAG VINTAGE JET SET WHITE
CLASSIC FRENCH STYLE BASKET GREEN ,CLASSIC FRENCH STYLE BASKET BROWN,CLASSIC FRENCH STYLE BASKET NATURAL,CHARLIE AND LOLA TABLE TINS,PURPLE FRANGIPANI NECKLACE,VINTAGE BEAD PINK SHADE 
CLASSIC FRENCH STYLE BASKET NATURAL,CLASSIC FRENCH STYLE BASKET BROWN,CLASSIC FRENCH STYLE BASKET GREEN ,CHARLIE AND LOLA TABLE TINS,ROUND PURPLE CLOCK WITH SUCKER,LETTER SHAPE PENCIL SHARPENER
CLASSIC GLASS COOKIE JAR,GREEN REGENCY TEACUP AND SAUCER,IVORY CAFE HANGING LAMP ,GIANT 50'S CHRISTMAS CRACKER,SPOTTY BUNTING,BATHROOM METAL SIGN 
CLASSIC GLASS SWEET JAR,PLAYING CARDS VINTAGE DOILEY ,METAL HERB GERDEN CONTAINER,SET 36 COLOUR PENCILS DOILEY,CHARLOTTE BAG ALPHABET  DESIGN,MINITURE ANTIQUE ROSE HOOK IVORY
CLASSIC METAL BIRDCAGE PLANT HOLDER,WOODEN PICTURE FRAME WHITE FINISH,SMALL WHITE HEART OF WICKER,WOODEN FRAME ANTIQUE WHITE ,WHITE HANGING HEART T-LIGHT HOLDER,ZINC HERB GARDEN CONTAINER
CLASSIC SUGAR DISPENSER,GOLD APERITIF GLASS,JAM JAR WITH BLUE LID,MINITURE ANTIQUE ROSE HOOK IVORY,BIRD ON BRANCH CANVAS SCREEN,70'S ALPHABET WALL ART
CLASSIC WHITE FRAME,BLACK FLOWER CANDLE PLATE,WAY OUT METAL SIGN ,PINK EASTER HENS+FLOWER,"LETTER ""H"" BLING KEY RING",EDWARDIAN DROP EARRINGS JET BLACK
CLASSICAL ROSE CANDLESTAND,YELLOW PINK FLOWER DESIGN BIG BOWL,PURPLE DRESS JEWELLERY STAND,DAISY HAIR COMB,PURPLE ENAMEL FLOWER HAIR TIE,ROSE PENDANT TRIPLE SHELL NECKLACE
CLASSICAL ROSE SMALL VASE,PURPLE DRESS JEWELLERY STAND,"GARLAND, MAGIC GARDEN 1.8M",DOORKNOB CERAMIC IVORY,DROP DIAMANTE EARRINGS GREEN,DIAMANTE HAIR GRIP PACK/2 CRYSTAL
CLASSICAL ROSE TABLE LAMP,CREAM CLIMBING HYDRANGA ART FLOWER,BLUE CLIMBING HYDRANGA ART FLOWER,BLUE DELPHINIUM ARTIFICIAL FLOWER,PURPLE GEMSTONE BRACELET,CREAM DELPHINIUM ARTIFICIAL FLOWER
CLEAR ACRYLIC FACETED BANGLE,BLACK DIAMOND CLUSTER NECKLACE,NEW BAROQUE B'FLY NECKLACE PINK,NEW BAROQUE LARGE NECKLACE BLK/WHIT,5 STRAND GLASS NECKLACE CRYSTAL,CHILDRENS SPACEBOY MUG
CLEAR CRYSTAL STAR PHONE CHARM,CRYSTAL CZECH CROSS PHONE CHARM,"LETTER ""Y"" BLING KEY RING",FUNKY MONKEY MUG,PINK POLKADOT KIDS BAG,FIRST CLASS HOLIDAY PURSE 
CLEAR DRAWER KNOB ACRYLIC EDWARDIAN,PINK DRAWER KNOB ACRYLIC EDWARDIAN,GREEN DRAWER KNOB ACRYLIC EDWARDIAN,BLUE DRAWER KNOB ACRYLIC EDWARDIAN,PURPLE DRAWERKNOB ACRYLIC EDWARDIAN,RED DRAWER KNOB ACRYLIC EDWARDIAN
CLEAR LOVE BIRD T-LIGHT HOLDER,DAISY HAIR COMB,DOTCOM POSTAGE,2 DAISIES HAIR COMB,DOORKNOB CERAMIC IVORY,PINK & WHITE ROSEBUD RING
CLEAR MILKSHAKE GLASS,PACK 4 FLOWER/BUTTERFLY PATCHES,ST GEORGE SET OF 10 PARTY LIGHTS,PURPLE FRANGIPANI NECKLACE,"SILICON CUBE 25W, BLUE",S/3 POT POURI CUSHIONS BLUE COLOURS
CLEAR STATIONERY BOX SET ,HEART T-LIGHT HOLDER ,ZINC WIRE KITCHEN ORGANISER,BLACK EAR MUFF HEADPHONES,STEEL SWEETHEART ROUND TABLE CREAM,STAR  T-LIGHT HOLDER 
CLOCK MAGNET MUM'S KITCHEN,JAM CLOCK MAGNET,MUM'S KITCHEN CLOCK,WOODLAND MINI RUCKSACK ,MOTHER'S KITCHEN SPOON REST ,QUEEN OF THE SKIES HOLIDAY PURSE 
CLOTHES PEGS RETROSPOT PACK 24 ,RED RETROSPOT PEG BAG,PACK OF 72 RETROSPOT CAKE CASES,SET/5 RED RETROSPOT LID GLASS BOWLS,SET/20 RED RETROSPOT PAPER NAPKINS ,20 DOLLY PEGS RETROSPOT
COCKLE SHELL DISH,STARFISH SOAP DISH,CLAM SHELL SMALL ,PERIWINKLE T-LIGHT HOLDER,OYSTER TRINKET BOX,CLAM SHELL LARGE
COCKTAIL SWORDS 50 PIECES,PARTY CHARMS 50 PIECES,PACK OF 6 COCKTAIL PARASOL STRAWS,PACK OF 6 SMALL FRUIT STRAWS,BOX OF 24 COCKTAIL PARASOLS,PACK OF 6 LARGE FRUIT STRAWS 
COFFEE MUG APPLES DESIGN,COFFEE MUG PEARS  DESIGN,COFFEE MUG CAT + BIRD DESIGN,SET OF 2 TEA TOWELS APPLE AND PEARS,PACK OF 20 NAPKINS RED APPLES,COFFEE MUG DOG + BALL DESIGN
COFFEE MUG BLUE PAISLEY DESIGN,COFFEE MUG PINK PAISLEY DESIGN,FORKED CACTUS CANDLE,COFFEE MUG PEARS  DESIGN,COFFEE MUG APPLES DESIGN,PURPLE FRANGIPANI NECKLACE
COFFEE MUG CAT + BIRD DESIGN,COFFEE MUG DOG + BALL DESIGN,COFFEE MUG PEARS  DESIGN,COFFEE MUG APPLES DESIGN,LONDON BUS COFFEE MUG,QUEENS GUARD COFFEE MUG
COFFEE MUG DOG + BALL DESIGN,COFFEE MUG CAT + BIRD DESIGN,COFFEE MUG PEARS  DESIGN,COFFEE MUG APPLES DESIGN,ILLUSTRATED CAT BOWL ,LONDON BUS COFFEE MUG
COFFEE MUG PEARS  DESIGN,COFFEE MUG APPLES DESIGN,COFFEE MUG CAT + BIRD DESIGN,COFFEE MUG DOG + BALL DESIGN,SET OF 2 TEA TOWELS APPLE AND PEARS,PACK OF 20 NAPKINS RED APPLES
COFFEE MUG PINK PAISLEY DESIGN,COFFEE MUG BLUE PAISLEY DESIGN,CRYSTAL PAIR HEART HAIR SLIDES,PURPLE FRANGIPANI NECKLACE,DAISY HAIR BAND,DIAMANTE HAIR GRIP PACK/2 RUBY
COFFEE SCENT PILLAR CANDLE,IVORY SCULPTED RND CANDLE ,PURPLE FRANGIPANI NECKLACE,VINTAGE BEAD PINK SHADE ,LARGE MINT DIAMANTE HAIRSLIDE,GRAND CHOCOLATECANDLE
COLOUR GLASS T-LIGHT HOLDER HANGING,VICTORIAN GLASS HANGING T-LIGHT,HANGING JAM JAR T-LIGHT HOLDER,HANGING HEART ZINC T-LIGHT HOLDER,WHITE HANGING HEART T-LIGHT HOLDER,PARTY BUNTING
COLOUR GLASS. STAR T-LIGHT HOLDER,COLOURED GLASS STAR T-LIGHT HOLDER,GLASS STAR FROSTED T-LIGHT HOLDER,WHITE HANGING HEART T-LIGHT HOLDER,RED HANGING HEART T-LIGHT HOLDER,COLOUR GLASS T-LIGHT HOLDER HANGING
COLOURED GLASS STAR T-LIGHT HOLDER,COLOUR GLASS. STAR T-LIGHT HOLDER,RECTANGULAR SHAPED MIRROR,DOTCOM POSTAGE,SET/3 FLORAL GARDEN TOOLS IN BAG,PINK EASTER HENS+FLOWER
COLOURFUL FLOWER FRUIT BOWL,WINE BOTTLE DRESSING LT.BLUE,WINE BOTTLE DRESSING DARK BLUE,GREEN/BLUE FLOWER DESIGN BIG MUG,ORANGE FLOWER MUG ,IVORY SCULPTED RND CANDLE 
COLOURING PENCILS BROWN TUBE,12 PENCILS TALL TUBE POSY,JAZZ HEARTS PURSE NOTEBOOK,PENS ASSORTED FUNNY FACE,JAZZ HEARTS ADDRESS BOOK,POPART RECT PENCIL SHARPENER ASST
COLUMBIAN  CUBE CANDLE ,JAM JAR WITH BLUE LID,GOLD APERITIF GLASS,HEAVENS SCENT FRAGRANCE OILS ASSTD,BIRD ON BRANCH CANVAS SCREEN,ELVIS WALLHANGING / CURTAIN
COLUMBIAN CANDLE RECTANGLE,COLUMBIAN CUBE CANDLE,COLUMBIAN  CUBE CANDLE ,COLUMBIAN CANDLE ROUND ,3 BLACK CATS W HEARTS BLANK CARD,DOLPHIN WINDMILL
COLUMBIAN CANDLE ROUND,COLUMBIAN CANDLE ROUND ,COLUMBIAN CUBE CANDLE,SILVER/NATURAL SHELL NECKLACE,PURPLE FRANGIPANI NECKLACE,FENG SHUI PILLAR CANDLE
COLUMBIAN CANDLE ROUND ,COLUMBIAN CANDLE ROUND,COLUMBIAN CUBE CANDLE,COLUMBIAN CANDLE RECTANGLE,PERIWINKLE T-LIGHT HOLDER,BLUE LEAVES AND BEADS PHONE CHARM
COLUMBIAN CUBE CANDLE,COLUMBIAN CANDLE RECTANGLE,3 BLACK CATS W HEARTS BLANK CARD,MIDNIGHT BLUE CRYSTAL DROP EARRINGS,NECKLACE+BRACELET SET PINK DAISY,WHITE STONE/CRYSTAL EARRINGS
CONDIMENT TRAY 4 BOWLS AND 4 SPOONS,ORANGE FELT VASE + FLOWERS,GLASS CAKE COVER AND PLATE,HEN HOUSE W CHICK IN NEST,BAROQUE BUTTERFLY EARRINGS CRYSTAL,POLYESTER FILLER PAD 60x40cm
CONGRATULATIONS BUNTING,"WALL ART,ONLY ONE PERSON ","WALL ART , LOVES' SECRET ",PACK OF 12 DOILEY TISSUES,PLAYING CARDS VINTAGE DOILEY ,PINK/WHITE RIBBED MELAMINE JUG
COOK WITH WINE METAL SIGN ,GIN + TONIC DIET METAL SIGN,HAND OVER THE CHOCOLATE   SIGN ,PLEASE ONE PERSON METAL SIGN,CHOCOLATE THIS WAY METAL SIGN,METAL SIGN TAKE IT OR LEAVE IT 
COOKING SET RETROSPOT,GOLD COSMETIC BAG PINK STAR,CAKE SHOP  STICKER SHEET,EIGHT PIECE CREEPY CRAWLIE SET,SANDWICH BATH SPONGE,PACK 4 FLOWER/BUTTERFLY PATCHES
COPPER AND BRASS BAG CHARM,IVORY GOLD METAL BAG CHARM,METALIC LEAVES BAG CHARMS,GREEN WITH METAL BAG CHARM,WHITE WITH METAL BAG CHARM,DOTCOM POSTAGE
COPPER/OLIVE GREEN FLOWER NECKLACE,RASPBERRY ANT COPPER FLOWER NECKLAC,MIDNIGHT BLUE COPPER FLOWER NECKLAC,WHITE VINTAGE CRYSTAL BRACELET,NEW BAROQUE B'FLY NECKLACE GREEN,VINTAGE ENAMEL & CRYSTAL EARRINGS
CORDIAL GLASS JUG,PURPLE FRANGIPANI NECKLACE,DIAMANTE HAIR GRIP PACK/2 LT ROSE,DIAMANTE HAIR GRIP PACK/2 MONTANA,DIAMANTE HAIR GRIP PACK/2 RUBY,WHITE FRANGIPANI NECKLACE
CORDIAL JUG,GREEN METAL BOX TOP SECRET,LARGE JEWELLERY STAND,DOORKNOB CRACKED GLAZE IVORY,SMALL JEWELLERY STAND,KIDS CUTLERY SPACEBOY 
CORONA MEXICAN TRAY,PINK EASTER HENS+FLOWER,PACK 4 FLOWER/BUTTERFLY PATCHES,GREEN POP ART MAO CUSHION COVER ,"PEARL & SHELL 42""NECKL. GREEN",FIRE POLISHED GLASS NECKL GOLD
COSMETIC BAG VINTAGE ROSE PAISLEY,WASH BAG VINTAGE ROSE PAISLEY,OVERNIGHT BAG VINTAGE ROSE PAISLEY,PINK ROSE FABRIC MIRROR,BLUE ROSE FABRIC MIRROR,VINTAGE PAISLEY STATIONERY SET
COSY HOUR CIGAR BOX MATCHES ,RETROSPOT CIGAR BOX MATCHES ,SILVER STARS TABLE DECORATION,RETROSPOT SMALL TUBE MATCHES,REX CASH+CARRY JUMBO SHOPPER,GREY HEART HOT WATER BOTTLE
COSY HOUR GIANT TUBE MATCHES,SET/3 TALL GLASS CANDLE HOLDER PINK,BIRD BOX CHRISTMAS TREE DECORATION,JARDIN ETCHED GLASS BUTTER DISH,VINTAGE BLUE TINSEL REEL,CHRISTMAS MUSICAL ZINC HEART 
COSY SLIPPER SHOES LARGE GREEN,COSY SLIPPER SHOES SMALL GREEN,POLKADOT MUG PINK ,FUNKY MONKEY MUG,PINK POLKADOT KIDS BAG,LIGHT DECORATION BATTERY OPERATED
COSY SLIPPER SHOES SMALL  RED ,COSY SLIPPER SHOES SMALL GREEN,EIGHT PIECE CREEPY CRAWLIE SET,MISELTOE HEART WREATH CREAM,LIGHT DECORATION BATTERY OPERATED,PEG BAG APPLE DESIGN
COSY SLIPPER SHOES SMALL GREEN,COSY SLIPPER SHOES SMALL  RED ,DIAMANTE HAIR GRIP PACK/2 LT ROSE,COSY SLIPPER SHOES LARGE GREEN,PAIR OF PINK FLOWER CLUSTER SLIDE,PURPLE FRANGIPANI NECKLACE
COTE D'AZURE NECKLACE,BLACK VINT ART DEC CRYSTAL BRACELET,ORANGE/WHT/FUSCHIA STONES NECKLACE,WHITE/PINK MINI CRYSTALS NECKLACE,WHITE ROSEBUD & PEARL NECKLACE,ST TROPEZ NECKLACE
COTTON APRON PANTRY DESIGN,SET 2 PANTRY DESIGN TEA TOWELS,PACK OF 20 NAPKINS PANTRY DESIGN,SET OF 4 PANTRY JELLY MOULDS,SET OF 3 CAKE TINS PANTRY DESIGN ,SET OF 36 DOILIES PANTRY DESIGN
COWBOYS AND INDIANS BIRTHDAY CARD ,VINTAGE KID DOLLY CARD ,"ELEPHANT, BIRTHDAY CARD, ",SPACEBOY BIRTHDAY CARD,TEA PARTY BIRTHDAY CARD,CARD BIRTHDAY COWBOY
CRACKED GLAZE EARRINGS BROWN,NEW BAROQUE SMALL NECKLACE BLACK,BLACK CRYSTAL DROP EARRINGS,WHITE VINTAGE CRYSTAL EARRINGS,BLACK VINT ART DEC CRYSTAL NECKLACE,BLACK+WHITE NECKLACE W TASSEL
CRACKED GLAZE EARRINGS RED,RUBY GLASS CLUSTER EARRINGS,DROP EARRINGS W FLOWER & LEAF,5 STRAND GLASS NECKLACE AMBER,DIAMANTE NECKLACE GREEN,SILVER 2 STRAND NECKLACE-LEAF CHARM
CRACKED GLAZE NECKLACE IVORY,GLASS BEAD HOOP NECKLACE GREEN,IVORY PENDANT TRIPLE SHELL NECKLACE,GOLD WASHBAG,SILVER DROP EARRINGS WITH FLOWER,SILVER/M.O.P PENDANT ORBIT NECKLACE
CRACKED GLAZE NECKLACE RED,CRACKED GLAZE EARRINGS RED,WHITE/PINK MINI CRYSTALS NECKLACE,RUBY GLASS CLUSTER EARRINGS,ORANGE/WHT/FUSCHIA STONES NECKLACE,WHITE ROSEBUD & PEARL NECKLACE
CRAZY DAISY HEART DECORATION,FIRST CLASS HOLIDAY PURSE ,THREE CANVAS LUGGAGE TAGS,QUEEN OF THE SKIES HOLIDAY PURSE ,ROSE DU SUD OVEN GLOVE,SPACE CADET WHITE
CREAM AND PINK FLOWERS PONY ,BABY MOUSE RED GINGHAM DRESS,SET OF 36 VINTAGE CHRISTMAS DOILIES,SMALL ZINC/GLASS CANDLEHOLDER,WALL ART THE MAGIC FOREST ,BEADED CRYSTAL HEART BLUE SMALL
CREAM BUNNY EASTER EGG BASKET,BLUE BUNNY EASTER EGG BASKET,PINK BUNNY EASTER EGG BASKET,PAINT YOUR OWN EGGS IN CRATE,BLACK LOVE BIRD T-LIGHT HOLDER,CRAZY DAISY HEART DECORATION
CREAM CLIMBING HYDRANGA ART FLOWER,CLASSICAL ROSE TABLE LAMP,BLUE CLIMBING HYDRANGA ART FLOWER,WHITE HYDRANGEA ART FLOWER,BLUE DELPHINIUM ARTIFICIAL FLOWER,PURPLE GEMSTONE BRACELET
CREAM CUPID HEARTS COAT HANGER,METAL 4 HOOK HANGER FRENCH CHATEAU,ENCHANTED BIRD COATHANGER 5 HOOK,TRIPLE HOOK ANTIQUE IVORY ROSE,FOUR HOOK  WHITE LOVEBIRDS,WOOD S/3 CABINET ANT WHITE FINISH
CREAM DELPHINIUM ARTIFICIAL FLOWER,BLUE DELPHINIUM ARTIFICIAL FLOWER,RED ROSE AND LACE C/COVER,PINK BOUDOIR T-LIGHT HOLDER,PURPLE ANEMONE ARTIFICIAL FLOWER,WHITE ANEMONE ARTIFICIAL FLOWER
CREAM FELT EASTER EGG BASKET,BLUE FELT EASTER EGG BASKET,EASTER TIN BUCKET,EASTER CRAFT 4 CHICKS ,PINK FELT EASTER RABBIT GARLAND,YELLOW EASTER EGG HUNT START POST
CREAM HANGING HEART T-LIGHT HOLDER,POLYESTER FILLER PAD 60x40cm,HEN HOUSE W CHICK IN NEST,GLASS CAKE COVER AND PLATE,ORANGE FELT VASE + FLOWERS,DUSTY PINK CHRISTMAS TREE 60CM
CREAM HEART CARD HOLDER,BLACK HEART CARD HOLDER,WHITE HANGING HEART T-LIGHT HOLDER,SMALL WHITE HEART OF WICKER,HEART OF WICKER SMALL,NATURAL SLATE HEART CHALKBOARD 
CREAM SLICE FLANNEL CHOCOLATE SPOT ,CREAM SLICE FLANNEL PINK SPOT ,"SWISS ROLL TOWEL, CHOCOLATE  SPOTS",GOLD COSMETIC BAG PINK STAR,FAIRY CAKE FLANNEL ASSORTED COLOUR,EIGHT PIECE CREEPY CRAWLIE SET
CREAM SLICE FLANNEL PINK SPOT ,CREAM SLICE FLANNEL CHOCOLATE SPOT ,LARGE CAKE TOWEL PINK SPOTS,SWISS ROLL TOWEL PINK  SPOTS,FAIRY CAKE FLANNEL ASSORTED COLOUR,GOLD COSMETIC BAG PINK STAR
CREAM SWEETHEART EGG HOLDER,SWEETHEART CAKESTAND 3 TIER,WHITE WIRE EGG HOLDER,SWEETHEART RECIPE BOOK STAND,SOAP DISH BROCANTE,6 EGG HOUSE PAINTED WOOD
CREAM SWEETHEART LETTER RACK,MEDINA STAMPED METAL STOOL,PICTURE FRAME WOOD TRIPLE PORTRAIT,SET OF 3 PINK FLYING DUCKS,"LETTER ""H"" BLING KEY RING",PINK CRYSTAL GUITAR PHONE CHARM
CREAM SWEETHEART MINI CHEST,WOOD S/3 CABINET ANT WHITE FINISH,WOOD 2 DRAWER CABINET WHITE FINISH,WOOD BLACK BOARD ANT WHITE FINISH,WHITE HANGING HEART T-LIGHT HOLDER,LOVE BUILDING BLOCK WORD
CREAM SWEETHEART WALL CABINET,PINK POLKADOT KIDS BAG,FUNKY MONKEY MUG,BLACK FLOWER CANDLE PLATE,"LETTER ""B"" BLING KEY RING","LETTER ""V"" BLING KEY RING"
CREAM WALL PLANTER HEART SHAPED,WHITE HANGING HEART T-LIGHT HOLDER,LOVE BUILDING BLOCK WORD,HEART OF WICKER SMALL,CREAM HEART CARD HOLDER,WOODEN PICTURE FRAME WHITE FINISH
CROCHET BEAR RED/BLUE  KEYRING,"FLOWER GLASS GARLD NECKL36""TURQUOIS",PINK/AMETHYST/GOLD NECKLACE,CROCHET DOG KEYRING,5 STRAND GLASS NECKLACE BLACK,NINJA RABBIT PINK
CROCHET DOG KEYRING,"FLOWER GLASS GARLD NECKL36""TURQUOIS",CROCHET DOG KEYRING,CROCHET BEAR RED/BLUE  KEYRING,5 STRAND GLASS NECKLACE BLACK,"FLOWER GLASS GARLAND NECKL.36""BLACK"
CROCHET LILAC/RED BEAR KEYRING,MIRRORED WALL ART FOXY,VIP PASSPORT COVER ,ROSE DU SUD COSMETICS BAG,PSYCHEDELIC TILE COASTER,WOODLAND LARGE RED FELT HEART
CROCHET ROSE DES CLOTHES HANGER,GOLD SCROLL GLASS T-LIGHT HOLDER,BLUE  TILE HOOK,VEGETABLE GARDEN CHOPPING BOARD,SMALL CAMPHOR WOOD FIELD  MUSHROOM,SNACK TRAY RED VINTAGE DOILY
CROCHET ROSE PURSE WITH SUEDE BACK,CUTE BIRD CEATURE SCREEN,CRACKED GLAZE NECKLACE IVORY,TIGRIS EYE CHUNKY CHARM BRACELET,CUTE RABBIT CEATURE SCREEN ,FUNKY FLOWER PICNIC BAG FOR 4
CROCHET WHITE RABBIT KEYRING ,GOLD APERITIF GLASS,JAM JAR WITH BLUE LID,BIRD ON BRANCH CANVAS SCREEN,CD WALL TIDY BLUE OFFICE,ROUND ARTICULATED PINK CLOCK W/SUCK
CRYSTAL CHANDELIER T-LIGHT HOLDER,PAPER LANTERN 9 POINT HOLLY STAR 40,VINTAGE ENGRAVED HEART,PAPER LANTERN 5 POINT STUDDED STAR,PAPER LANTERN 9 POINT HOLLY STAR 23,PAPER LANTERN 5 POINT STAR MOON 30
CRYSTAL CZECH CROSS PHONE CHARM,DOTCOM POSTAGE,CLEAR CRYSTAL STAR PHONE CHARM,PINK CRYSTAL SKULL PHONE CHARM,BEADED CRYSTAL HEART GREEN ON STICK,IVORY GOLD METAL BAG CHARM
CRYSTAL DIAMANTE EXPANDABLE RING,PURPLE CHUNKY GLASS+BEAD NECKLACE,NEW BAROQUE B'FLY NECKLACE PINK,LASER CUT MULTI STRAND NECKLACE,AMBER DIAMANTE EXPANDABLE RING,DIAMANTE BOW BROOCH RED COLOUR
CRYSTAL DIAMANTE STAR BROOCH,TURQ STONE/CRYSTAL EARRINGS,IVORY SHELL HEART EARRINGS,PINK/WHITE GLASS DEMI CHOKER,"PEARL & SHELL 42""NECKL. IVORY",BLUE/NAT SHELL NECKLACE W PENDANT
CRYSTAL FROG PHONE CHARM,COPPER AND BRASS BAG CHARM,IVORY GOLD METAL BAG CHARM,CRYSTAL STILETTO PHONE CHARM,METALIC LEAVES BAG CHARMS,PACK 4 FLOWER/BUTTERFLY PATCHES
CRYSTAL HOOP EARRING FLORAL LEAF,SILVER/AMETHYST DROP EARRINGS LEAF,TURQ STONE/CRYSTAL EARRINGS,AMETHYST HOOP EARRING FLORAL LEAF,PINK VINTAGE VICTORIAN EARRINGS,PINK/WHITE GLASS DEMI CHOKER
CRYSTAL PAIR HEART HAIR SLIDES,PURPLE FRANGIPANI NECKLACE,PAIR OF ENAMEL BUTTERFLY HAIRCLIP,DAISY HAIR BAND,ROSE COLOUR PAIR HEART HAIR SLIDES,DIAMANTE HAIR GRIP PACK/2 MONTANA
CRYSTAL SEA HORSE PHONE CHARM,DOTCOM POSTAGE,CRYSTAL FROG PHONE CHARM,IVORY GOLD METAL BAG CHARM,CRYSTAL CZECH CROSS PHONE CHARM,PINK ENAMEL FLOWER HAIR TIE
CRYSTAL STILETTO PHONE CHARM,GREEN WITH METAL BAG CHARM,WHITE WITH METAL BAG CHARM,CRYSTAL FROG PHONE CHARM,COPPER AND BRASS BAG CHARM,IVORY GOLD METAL BAG CHARM
CRYSTAL STUD EARRINGS ASSORTED COL ,CRYSTAL STUD EARRINGS CLEAR DISPLAY,JADE CRYSTAL+GLASS BRACELET,GOLD APERITIF GLASS,FIRE POLISHED GLASS BRACELET BLACK,JAM JAR WITH BLUE LID
CRYSTAL STUD EARRINGS CLEAR DISPLAY,CRYSTAL STUD EARRINGS ASSORTED COL ,FIRE POLISHED GLASS BRACELET BLACK,JAM JAR WITH BLUE LID,JADE CRYSTAL+GLASS BRACELET,GOLD APERITIF GLASS
CUBIC MUG FLOCK BLUE ON BROWN,CUBIC MUG FLOCK PINK ON BROWN,CUBIC MUG PINK POLKADOT,"PET MUG, GOLDFISH",APRON MODERN VINTAGE COTTON,FRENCH CHATEAU OVAL PLATTER
CUBIC MUG FLOCK PINK ON BROWN,CUBIC MUG FLOCK BLUE ON BROWN,PURPLE FRANGIPANI NECKLACE,RED PURSE WITH PINK HEART,BLACK BIRD GARDEN DESIGN MUG,DIAMANTE HAIR GRIP PACK/2 LT ROSE
CUBIC MUG PINK POLKADOT,CUBIC MUG FLOCK BLUE ON BROWN,BLUE POLKADOT COFFEE MUG,RED POLKADOT COFFEE  MUG,CHARLIE AND LOLA TABLE TINS,YELLOW BREAKFAST CUP AND SAUCER
CUPBOARD 3 DRAWER MA CAMPAGNE,KEY CABINET MA CAMPAGNE,CHEST 7 DRAWER MA CAMPAGNE,SWEETHEART WIRE WALL TIDY,PARISIENNE CURIO CABINET,MA CAMPAGNE CUTLERY BOX
CUPCAKE LACE PAPER SET 6,JAM MAKING SET PRINTED,60 TEATIME FAIRY CAKE CASES,PACK OF 72 RETROSPOT CAKE CASES,SET OF 60 PANTRY DESIGN CAKE CASES ,SET OF 4 PANTRY JELLY MOULDS
CUPID DESIGN SCENTED CANDLES,PURPLE FRANGIPANI NECKLACE,GREEN PAIR HEART HAIR SLIDES,ORIGAMI ROSE INCENSE/CANDLE SET ,DIAMANTE HAIR GRIP PACK/2 MONTANA,DIAMANTE HAIR GRIP PACK/2 LT ROSE
CUPID SCENTED CANDLE IN GLASS,LADLE LOVE HEART RED ,SET/4 GARDEN ROSE DINNER CANDLE,LADLE LOVE HEART PINK,CHRISTMAS MUSICAL ZINC HEART ,BOTANICAL ROSE GREETING CARD
CURIO CABINET LINEN AND LACE ,CHERRY BLOSSOM TABLE CLOCK ,PHOTO FRAME LINEN AND LACE LARGE,HOME SWEET HOME 2 DRAWER CABINET,HOME SWEET HOME KEY HOLDER,ZINC SWEETHEART SOAP DISH
CURIOUS  IMAGES NOTEBOOK SET,BLOSSOM  IMAGES NOTEBOOK SET,ROMANTIC IMAGES NOTEBOOK SET,ORANGE TV TRAY TABLE ,PEACE SMALL WOOD LETTERS,CREAM SWEETHEART WALL CABINET
CURIOUS IMAGES GIFT WRAP SET,BLOSSOM IMAGES GIFT WRAP SET,ROMANTIC IMAGES GIFT WRAP SET,YULETIDE IMAGES GIFT WRAP SET,ENVELOPE 50 BLOSSOM IMAGES,BOHEMIAN COLLAGE STATIONERY SET
CURIOUS IMAGES SCRAP BOOK SET,CURIOUS IMAGES SCRAP BOOK SET,VINTAGE PHOTO ALBUM PARIS DAYS,TURQUOISE CHRISTMAS TREE ,BLUE POLKADOT PUDDING BOWL,ESSENTIAL BALM 3.5g TIN IN ENVELOPE
CUSHION COVER PINK UNION JACK,POLYESTER FILLER PAD 45x30cm,SQUARECUSHION COVER PINK UNION FLAG,SQUARECUSHION COVER PINK UNION JACK,QUEEN OF THE SKIES HOLIDAY PURSE ,SQUARE FLOOR CUSHION VINTAGE RED
CUT GLASS HEXAGON T-LIGHT HOLDER,BIG POLKADOT MUG,CUT GLASS T-LIGHT HOLDER OCTAGON,GOLD PRINT PAPER BAG,5 STRAND GLASS NECKLACE BLACK,AMETHYST DIAMANTE EXPANDABLE RING
CUT GLASS T-LIGHT HOLDER OCTAGON,CUT GLASS HEXAGON T-LIGHT HOLDER,AMBER CHUNKY BEAD BRACELET W STRAP,PACK 4 FLOWER/BUTTERFLY PATCHES,NEW BAROQUE B'FLY NECKLACE PINK,IVORY PILLAR CANDLE SILVER FLOCK
CUTE BIRD CEATURE SCREEN,CUTE RABBIT CEATURE SCREEN ,3 BIRDS CANVAS SCREEN,LIGHT PINK FLOCK GLASS CANDLEHOLDER,PSYCHEDELIC METAL SIGN CALENDAR,"RETRO TIN ASHTRAY,REVOLUTIONARY"
CUTE CATS TAPE,STARS GIFT TAPE ,RED RETROSPOT TAPE,CAKES AND BOWS GIFT  TAPE,SKULLS TAPE,HEARTS GIFT TAPE
CUTE RABBIT CEATURE SCREEN ,CUTE RABBIT CEATURE SCREEN ,3 BIRDS CANVAS SCREEN,LIGHT PINK FLOCK GLASS CANDLEHOLDER,PSYCHEDELIC METAL SIGN CALENDAR,"RETRO TIN ASHTRAY,REVOLUTIONARY"
DAIRY MAID  PUDDING BOWL,BLUE LEAVES AND BEADS PHONE CHARM,BLUE/GREEN SHELL NECKLACE W PENDANT,SILVER/NATURAL SHELL NECKLACE,"DECORATION HEN ON NEST, HANGING",BLUE POLKADOT PURSE 
DAIRY MAID LARGE MILK JUG,DAIRY MAID TRADITIONAL TEAPOT ,RETROSPOT LARGE MILK JUG,RED RETROSPOT SMALL MILK JUG,DAIRY MAID STRIPE MUG,DAIRY MAID TOASTRACK
DAIRY MAID STRIPE MUG,DAIRY MAID TOASTRACK,DAIRY MAID LARGE MILK JUG,DAIRY MAID TRADITIONAL TEAPOT ,RED POLKADOT BEAKER ,PURPLE DRESS JEWELLERY STAND
DAIRY MAID TOASTRACK,DAIRY MAID STRIPE MUG,DAIRY MAID LARGE MILK JUG,DAIRY MAID TRADITIONAL TEAPOT ,BLUE POLKADOT BEAKER ,MOTORING TISSUE BOX
DAIRY MAID TRADITIONAL TEAPOT ,DAIRY MAID LARGE MILK JUG,DAIRY MAID STRIPE MUG,DAIRY MAID TOASTRACK,TEA COSY BLUE STRIPE,RED RETROSPOT BUTTER DISH
DAISIES  HONEYCOMB GARLAND ,STRAWBERRY HONEYCOMB  GARLAND ,MULTICOLOUR 3D BALLS GARLAND,SKULL AND CROSSBONES  GARLAND ,DOLLY HONEYCOMB GARLAND,TROPICAL  HONEYCOMB PAPER GARLAND 
DAISY FOLKART HEART DECORATION,ROSE FOLKART HEART DECORATIONS,WINE BOTTLE DRESSING LT.BLUE,HAPPY BIRTHDAY CARD TEDDY/CAKE,PINK BOUDOIR T-LIGHT HOLDER,SCALLOP SHELL SOAP DISH
DAISY GARDEN MARKER,WATERING CAN GARDEN MARKER,BIRDHOUSE GARDEN MARKER ,POTTING SHED SEED ENVELOPES,BATHROOM SET LOVE HEART DESIGN,LOVE GARLAND PAINTED ZINC 
DAISY HAIR BAND,PAIR OF ENAMEL BUTTERFLY HAIRCLIP,PINK ENAMEL FLOWER HAIR TIE,PURPLE FRANGIPANI NECKLACE,DROP DIAMANTE EARRINGS PURPLE,DIAMANTE HAIR GRIP PACK/2 LT ROSE
DAISY HAIR COMB,DROP DIAMANTE EARRINGS GREEN,DOORKNOB CERAMIC IVORY,LARGE BLACK DIAMANTE HAIRSLIDE,DIAMANTE HAIR GRIP PACK/2 CRYSTAL,DIAMANTE HAIR GRIP PACK/2 PERIDOT
DAISY JOURNAL ,GREEN FERN JOURNAL ,BLUE PAISLEY JOURNAL ,GARDEN PATH JOURNAL,PURPLE FRANGIPANI NECKLACE,CHRYSANTHEMUM  JOURNAL
DAISY NOTEBOOK ,BLUE PAISLEY NOTEBOOK,GREEN FERN NOTEBOOK,CHRYSANTHEMUM NOTEBOOK,DAISY JOURNAL ,BIG POLKADOT MUG
DAISY SKETCHBOOK ,GARDEN PATH SKETCHBOOK,GREEN FERN SKETCHBOOK ,ABSTRACT CIRCLES SKETCHBOOK ,CHRYSANTHEMUM SKETCHBOOK ,BLUE PAISLEY SKETCHBOOK
DANISH ROSE BEDSIDE CABINET,GLASS CAKE COVER AND PLATE,HEN HOUSE W CHICK IN NEST,ORANGE FELT VASE + FLOWERS,POLYESTER FILLER PAD 60x40cm,DUSTY PINK CHRISTMAS TREE 60CM
DANISH ROSE DECORATIVE PLATE,DANISH ROSE DELUXE COASTER,DANISH ROSE TRINKET TRAYS,DANISH ROSE ROUND SEWING BOX,DANISH ROSE FOLDING CHAIR,PURPLE DRESS JEWELLERY STAND
DANISH ROSE DELUXE COASTER,DANISH ROSE ROUND SEWING BOX,DANISH ROSE DECORATIVE PLATE,DANISH ROSE TRINKET TRAYS,PURPLE DRESS JEWELLERY STAND,DANISH ROSE FOLDING CHAIR
DANISH ROSE FOLDING CHAIR,DANISH ROSE DELUXE COASTER,VINTAGE PINK DECORATIVE PARASOL,DANISH ROSE DECORATIVE PLATE,DANISH ROSE ROUND SEWING BOX,"SWISS ROLL TOWEL, PINK  SPOTS"
DANISH ROSE PHOTO FRAME,DANISH ROSE TRINKET TRAYS,DANISH ROSE ROUND SEWING BOX,YELLOW PINK FLOWER DESIGN BIG BOWL,PURPLE DRESS JEWELLERY STAND,DANISH ROSE DECORATIVE PLATE
DANISH ROSE ROUND SEWING BOX,DANISH ROSE DELUXE COASTER,DANISH ROSE TRINKET TRAYS,DANISH ROSE DECORATIVE PLATE,DANISH ROSE FOLDING CHAIR,PAPERWEIGHT VINTAGE PAISLEY
DANISH ROSE TRINKET TRAYS,DANISH ROSE DECORATIVE PLATE,DANISH ROSE ROUND SEWING BOX,PURPLE DRESS JEWELLERY STAND,DANISH ROSE DELUXE COASTER,NEW BAROQUE B'FLY NECKLACE RED
DANISH ROSE UMBRELLA STAND,VINTAGE KEEPSAKE BOX PINK FLOWER,SWEETHEART CARRY-ALL BASKET,BLUE GREEN EMBROIDERY COSMETIC BAG,PINK RIVIERA HANDBAG,PINK GREEN EMBROIDERY COSMETIC BAG
DARK BIRD HOUSE TREE DECORATION,SWISS CHALET TREE DECORATION ,PAINTED METAL HEART WITH HOLLY BELL,WOODEN STAR CHRISTMAS SCANDINAVIAN,WOODEN HEART CHRISTMAS SCANDINAVIAN,WOODEN TREE CHRISTMAS SCANDINAVIAN
DECORATION  BUTTERFLY  MAGIC GARDEN,DECORATION  PINK CHICK MAGIC GARDEN,BIRDHOUSE DECORATION MAGIC GARDEN,BUNNY DECORATION MAGIC GARDEN,DECORATION WHITE CHICK MAGIC GARDEN,PACK OF 12 STICKY BUNNIES
DECORATION  PINK CHICK MAGIC GARDEN,DECORATION  BUTTERFLY  MAGIC GARDEN,DECORATION WHITE CHICK MAGIC GARDEN,BUNNY DECORATION MAGIC GARDEN,BIRDHOUSE DECORATION MAGIC GARDEN,BUNNY WOODEN PAINTED WITH FLOWER 
"DECORATION , WOBBLY CHICKEN, METAL ","DECORATION , WOBBLY RABBIT , METAL ",YELLOW METAL CHICKEN HEART ,EASTER DECORATION SITTING BUNNY,EASTER TREE YELLOW BIRDS,HEN HOUSE DECORATION
"DECORATION , WOBBLY RABBIT , METAL ","DECORATION , WOBBLY CHICKEN, METAL ",HANGING CHICK  YELLOW DECORATION,YELLOW METAL CHICKEN HEART ,HANGING CHICK CREAM DECORATION,HANGING METAL RABBIT DECORATION
"DECORATION HEN ON NEST, HANGING",DAIRY MAID  PUDDING BOWL,RETRO BROWN BALL ASHTRAY ,RED DAISY PAPER LAMPSHADE,"STRING OF 8 BUTTERFLIES,PINK",ASS COL LARGE SAND FROG P'WEIGHT
DECORATION SITTING BUNNY,MINI PAINTED GARDEN DECORATION ,DECORATION WOBBLY RABBIT METAL ,PURPLE FRANGIPANI NECKLACE,DECORATION WOBBLY CHICKEN,PINK STOCKING CHRISTMAS DECORATION
DECORATION WHITE CHICK MAGIC GARDEN,BUNNY DECORATION MAGIC GARDEN,DECORATION  PINK CHICK MAGIC GARDEN,DECORATION  BUTTERFLY  MAGIC GARDEN,BIRDHOUSE DECORATION MAGIC GARDEN,GARLAND WOODEN HAPPY EASTER
DECORATION WOBBLY CHICKEN,DECORATION WOBBLY RABBIT METAL ,TURQUOISE BERTIE GLASS BEAD CHARM,EASTER DECORATION EGG BUNNY ,DECORATION SITTING BUNNY,PURPLE DRESS JEWELLERY STAND
DECORATION WOBBLY RABBIT METAL ,DECORATION WOBBLY CHICKEN,EASTER DECORATION HANGING BUNNY,EASTER DECORATION EGG BUNNY ,DECORATION SITTING BUNNY,TURQUOISE BERTIE GLASS BEAD CHARM
DECORATIVE CATS BATHROOM BOTTLE,DECORATIVE FLORE BATHROOM BOTTLE,DECORATIVE ROSE BATHROOM BOTTLE,GLASS JAR DAISY FRESH COTTON WOOL,EMERGENCY FIRST AID TIN ,GLASS JAR DIGESTIVE BISCUITS
DECORATIVE FLORE BATHROOM BOTTLE,DECORATIVE ROSE BATHROOM BOTTLE,DECORATIVE CATS BATHROOM BOTTLE,GLASS JAR DIGESTIVE BISCUITS,GLASS JAR DAISY FRESH COTTON WOOL,GLASS JAR KINGS CHOICE
DECORATIVE HANGING SHELVING UNIT,BLACK GLASS BRACELET W HEART CHARMS,AQUA BERTIE GLASS BEAD BAG CHARM,BLUE MURANO TWIST NECKLACE,WHITE HAND TOWEL WITH BUTTERFLY,PINK MURANO TWIST NECKLACE
DECORATIVE PLANT POT WITH FRIEZE,PURPLE ANEMONE ARTIFICIAL FLOWER,PURPLE FRANGIPANI HAIRCLIP,PACK 4 FLOWER/BUTTERFLY PATCHES,RED ROSE AND LACE C/COVER,WHITE CHRYSANTHEMUMS ART FLOWER
DECORATIVE ROSE BATHROOM BOTTLE,DECORATIVE FLORE BATHROOM BOTTLE,DECORATIVE CATS BATHROOM BOTTLE,WHITE SOAP RACK WITH 2 BOTTLES,GLASS JAR DIGESTIVE BISCUITS,GLASS JAR PEACOCK BATH SALTS
DECORATIVE VINTAGE COFFEE  BOX,ROSE PENDANT TRIPLE SHELL NECKLACE,"GARLAND, MAGIC GARDEN 1.8M",GREEN EASTER EGG HUNT START POST,DOORKNOB CERAMIC IVORY,ORANGE PENDANT TRIPLE SHELL NECKLAC
DECORATIVE WICKER HEART LARGE,IVORY WICKER HEART LARGE,DECORATIVE WICKER HEART MEDIUM,IVORY WICKER HEART MEDIUM,LARGE WHITE HEART OF WICKER,DECORATIVE WICKER HEART SMALL
DECORATIVE WICKER HEART MEDIUM,IVORY WICKER HEART MEDIUM,DECORATIVE WICKER HEART LARGE,DECORATIVE WICKER HEART SMALL,IVORY WICKER HEART LARGE,HEART OF WICKER LARGE
DECORATIVE WICKER HEART SMALL,IVORY WICKER HEART SMALL,DECORATIVE WICKER HEART MEDIUM,DECORATIVE WICKER HEART LARGE,IVORY WICKER HEART LARGE,IVORY WICKER HEART MEDIUM
"DECOUPAGE,GREETING CARD,",GREEN PAIR HEART HAIR SLIDES,2 DAISIES HAIR COMB,DROP DIAMANTE EARRINGS GREEN,"GARLAND, MAGIC GARDEN 1.8M",PINK DAISY BAG CHARM
DECROTIVEVINTAGE COFFEE GRINDER BOX,SILVER BLACK ORBIT DROP EARRINGS,DIAMANTE HAIR GRIP PACK/2 PERIDOT,"GARLAND, MAGIC GARDEN 1.8M",BLACK 3 BEAD DROP EARRINGS,ROSE PENDANT TRIPLE SHELL NECKLACE
DELUXE SEWING KIT ,TRAVEL SEWING KIT,BUTTON BOX ,GENTLEMAN SHIRT REPAIR KIT ,JAM MAKING SET WITH JARS,6 RIBBONS RUSTIC CHARM
DENIM PATCH PURSE PINK BUTTERFLY,BLUE ROSE PATCH PURSE PINK BUTTERFL,BLUE PATCH PURSE PINK HEART,BLUE BLOSSOM HAIR CLIP,RED PURSE WITH PINK HEART,RIBBONS PURSE 
DIAMANTE BOW BROOCH BLACK COLOUR,DIAMANTE BOW BROOCH RED COLOUR,SILVER/NAT SHELL NECKLACE W PENDANT,PURPLE AMETHYST NECKLACE W TASSEL,AMETHYST HOOP EARRING FLORAL LEAF,BLUE/NAT SHELL NECKLACE W PENDANT
DIAMANTE BOW BROOCH GREEN COLOUR,DIAMANTE BOW BROOCH RED COLOUR,LILY BROOCH OLIVE COLOUR,LILY BROOCH AMETHYST COLOUR,AMETHYST HOOP EARRING FLORAL LEAF,ANT SILVER FUSCHIA BOUDICCA RING
DIAMANTE BOW BROOCH RED COLOUR,DIAMANTE BOW BROOCH GREEN COLOUR,DIAMANTE BOW BROOCH BLACK COLOUR,LILY BROOCH OLIVE COLOUR,LILY BROOCH AMETHYST COLOUR,SILVER FLOWR PINK SHELL NECKLACE
DIAMANTE HAIR GRIP PACK/2 BLACK DIA,DIAMANTE HAIR GRIP PACK/2 BLACK DIA,DIAMANTE HAIR GRIP PACK/2 RUBY,PURPLE FRANGIPANI NECKLACE,DIAMANTE HAIR GRIP PACK/2 LT ROSE,WHITE FRANGIPANI NECKLACE
DIAMANTE HAIR GRIP PACK/2 CRYSTAL,DROP DIAMANTE EARRINGS GREEN,DOORKNOB CERAMIC IVORY,LARGE BLACK DIAMANTE HAIRSLIDE,DIAMANTE HAIR GRIP PACK/2 CRYSTAL,DIAMANTE HAIR GRIP PACK/2 PERIDOT
DIAMANTE HAIR GRIP PACK/2 LT ROSE,PAIR OF PINK FLOWER CLUSTER SLIDE,PURPLE FRANGIPANI NECKLACE,DIAMANTE HAIR GRIP PACK/2 RUBY,DIAMANTE HAIR GRIP PACK/2 BLACK DIA,WHITE FRANGIPANI NECKLACE
DIAMANTE HAIR GRIP PACK/2 MONTANA,DIAMANTE HAIR GRIP PACK/2 BLACK DIA,DIAMANTE HAIR GRIP PACK/2 RUBY,PURPLE FRANGIPANI NECKLACE,DIAMANTE HAIR GRIP PACK/2 LT ROSE,WHITE FRANGIPANI NECKLACE
DIAMANTE HAIR GRIP PACK/2 PERIDOT,DROP DIAMANTE EARRINGS GREEN,DOORKNOB CERAMIC IVORY,LARGE BLACK DIAMANTE HAIRSLIDE,DIAMANTE HAIR GRIP PACK/2 CRYSTAL,DIAMANTE HAIR GRIP PACK/2 PERIDOT
DIAMANTE HAIR GRIP PACK/2 RUBY,DIAMANTE HAIR GRIP PACK/2 BLACK DIA,DIAMANTE HAIR GRIP PACK/2 RUBY,PURPLE FRANGIPANI NECKLACE,DIAMANTE HAIR GRIP PACK/2 LT ROSE,WHITE FRANGIPANI NECKLACE
"DIAMANTE HEART SHAPED WALL MIRROR, ", OVAL WALL MIRROR DIAMANTE ,"LETTER ""K"" BLING KEY RING",ROUND PINK HEART MIRROR,SET/6 PINK  BUTTERFLY T-LIGHTS,"LETTER ""N"" BLING KEY RING"
DIAMANTE NECKLACE,DIAMANTE NECKLACE GREEN,DIAMANTE NECKLACE PURPLE,RASTA IN BATH W SPLIFF ASHTRAY,GREEN ENAMEL+GLASS HAIR COMB,DIAMANTE BOW BROOCH GREEN COLOUR
DIAMANTE NECKLACE BLACK ,AMBER GLASS/SHELL/PEARL NECKLACE,DIAMANTE NECKLACE BLACK ,CLASSIC DIAMANTE NECKLACE JET,RUBY GLASS CLUSTER NECKLACE,JET BLACK LAS VEGAS NECKLACE 45CM
DIAMANTE NECKLACE GREEN,RUBY GLASS CLUSTER EARRINGS,DIAMANTE NECKLACE PURPLE,CRACKED GLAZE EARRINGS RED,DIAMANTE NECKLACE,GOLD M.O.P. ORBIT NECKLACE
DIAMANTE NECKLACE PURPLE,DIAMANTE NECKLACE GREEN,RUBY GLASS CLUSTER NECKLACE,RUBY GLASS CLUSTER EARRINGS,AMBER GLASS/SHELL/PEARL NECKLACE,5 STRAND GLASS NECKLACE AMETHYST
DIAMANTE RING ASSORTED IN BOX.,PURPLE DRESS JEWELLERY STAND,GOLD DIAMANTE STAR BROOCH,RED   ACRYLIC FACETED BANGLE,PURPLE ENAMEL+GLASS HAIR COMB,PINK MONTE CARLO HANDBAG
DIAMOND LAS VEGAS NECKLACE 45CM,DIAMANTE NECKLACE BLACK ,5 STRAND GLASS NECKLACE AMETHYST,RESIN NECKLACE W PASTEL BEADS,RUBY GLASS CLUSTER NECKLACE,CLASSIC DIAMANTE NECKLACE JET
DINOSAUR HEIGHT CHART STICKER SET,WOODLAND  HEIGHT CHART STICKERS ,"GREETING CARD, TWO SISTERS.",PLASTERS IN TIN WOODLAND ANIMALS,PLASTERS IN TIN SPACEBOY,SEASIDE FLYING DISC
DINOSAUR KEYRINGS ASSORTED,ASSORTED CREEPY CRAWLIES,SKULLS  STICKERS,BALLOON WATER BOMB PACK OF 35,ASSTD DESIGN RACING CAR PEN,BUTTERFLIES STICKERS
DINOSAUR LUNCH BOX WITH CUTLERY,STRAWBERRY LUNCH BOX WITH CUTLERY,SKULL LUNCH BOX WITH CUTLERY ,LUNCH BOX WITH CUTLERY RETROSPOT ,CIRCUS PARADE LUNCH BOX ,LUNCH BAG SUKI DESIGN 
DINOSAUR PARTY BAG + STICKER SET,WOODLAND PARTY BAG + STICKER SET,RETROSPOT PARTY BAG + STICKER SET,SKULLS PARTY BAG + STICKER SET,PARTY INVITES DINOSAURS,GREEN POLKADOT PLATE 
DINOSAURS  WRITING SET ,BALLOONS  WRITING SET ,SKULLS WRITING SET ,MONSTERS STENCIL CRAFT,CHRISTMAS CRAFT WHITE FAIRY ,HAPPY STENCIL CRAFT
DISCO BALL CHRISTMAS DECORATION,GLITTER CHRISTMAS STAR ,STAR DECORATION RUSTIC,GLITTER HEART DECORATION,CHRISTMAS HANGING STAR WITH BELL,BOX OF 24 COCKTAIL PARASOLS
DISCO BALL ROTATOR BATTERY OPERATED,MIRRORED DISCO BALL ,"LETTER ""D"" BLING KEY RING",DISCO BALL CHRISTMAS DECORATION,CALENDAR FAMILY FAVOURITES,TROPICAL PASSPORT COVER 
DO NOT TOUCH MY STUFF DOOR HANGER ,TOXIC AREA  DOOR HANGER ,MOODY GIRL DOOR HANGER ,MOODY BOY  DOOR HANGER ,DOOR HANGER  MUM + DADS ROOM,NO JUNK MAIL METAL SIGN
DOCTOR'S BAG SOFT TOY,TOOL BOX SOFT TOY ,NURSE'S BAG SOFT TOY,FIRST CLASS LUGGAGE TAG ,TROPICAL PASSPORT COVER ,FIRST CLASS HOLIDAY PURSE 
DOG AND BALL WALL ART,CAT AND BIRD WALL ART,VINTAGE POST OFFICE CABINET,DOLLY GIRL WALL ART,SPACEBOY WALL ART,NEWSPAPER STAND
DOG BOWL CHASING BALL DESIGN,ILLUSTRATED CAT BOWL ,COFFEE MUG DOG + BALL DESIGN,COFFEE MUG CAT + BIRD DESIGN,PINK DOG BOWL,COFFEE MUG APPLES DESIGN
DOG BOWL VINTAGE CREAM,CAT BOWL VINTAGE CREAM,VINTAGE CREAM DOG FOOD CONTAINER,VINTAGE CREAM CAT FOOD CONTAINER,BREAD BIN DINER STYLE IVORY,ROUND CAKE TIN VINTAGE RED
DOG LICENCE WALL ART,BICYCLE SAFTEY WALL ART,TREASURE AHOY WALL ART,STOP FOR TEA WALL ART,BUFFALO BILL WALL ART ,VILLAGE SHOW WALL ART
DOG TOY WITH PINK CROCHET SKIRT,MOUSE TOY WITH PINK T-SHIRT,RED GINGHAM TEDDY BEAR ,HILDA CANDY SPOT RABBIT,BLUE CIRCLES DESIGN TEDDY,FLORAL SOFT CAR TOY
DOGGY RUBBER,SLEEPING CAT ERASERS,KITTY PENCIL ERASERS,3 BLACK CATS W HEARTS BLANK CARD,PARTY TIME PENCIL ERASERS,GLOW IN DARK DOLPHINS
DOILEY BISCUIT TIN,3 TRADITIONAL COOKIE CUTTERS  SET,CANNISTER VINTAGE LEAF DESIGN,DOORKNOB CRACKED GLAZE IVORY,BISCUIT TIN VINTAGE LEAF,DOORKNOB CRACKED GLAZE BLUE
DOILEY STORAGE TIN,SET OF 4 KNICK KNACK TINS DOILEY ,SET OF TEA COFFEE SUGAR TINS PANTRY,LUNCH BAG DOILEY PATTERN ,SET OF 3 REGENCY CAKE TINS,STORAGE TIN VINTAGE LEAF
DOILY THANK YOU CARD,A PRETTY THANK YOU CARD,PAISLEY PARK CARD,WRAP A PRETTY THANK YOU,SWALLOWS GREETING CARD,"FANCY FONT BIRTHDAY CARD, "
DOLLCRAFT BOY JEAN-PAUL ,DOLLCRAFT GIRL AMELIE KIT,DOLLCRAFT GIRL NICOLE,DOLLCRAFT GIRL AMELIE,PLAYING CARDS VINTAGE DOILEY ,FOLDING MIRROR RED  
DOLLCRAFT GIRL AMELIE,DOLLCRAFT BOY JEAN-PAUL ,"WALL ART,ONLY ONE PERSON ",FOLDING MIRROR HOT PINK ,DOLLCRAFT GIRL NICOLE,"WALL ART ,PUDDINGS "
DOLLCRAFT GIRL AMELIE KIT,DOLLCRAFT BOY JEAN-PAUL ,DOLLCRAFT GIRL NICOLE,SET 12 COLOURING PENCILS DOILEY,SET 36 COLOURING PENCILS DOILEY, I LOVE LONDON MINI RUCKSACK
DOLLCRAFT GIRL NICOLE,DOLLCRAFT BOY JEAN-PAUL ,DOLLCRAFT GIRL AMELIE KIT,DOLLCRAFT GIRL AMELIE,CANNISTER VINTAGE LEAF DESIGN,CLASSIC CROME BICYCLE BELL 
DOLLY CABINET 2 DRAWERS ,HOME SWEET HOME 2 DRAWER CABINET,CLEAR STATIONERY BOX SET ,DOLLY CABINET 3 DRAWERS ,WOODLAND STORAGE BOX SMALL,GIANT MEDINA STAMPED METAL BOWL 
DOLLY CABINET 3 DRAWERS ,DOORKNOB CRACKED GLAZE BLUE,DOLLY CABINET 2 DRAWERS ,CLASSIC DIAMANTE EARRINGS JET,DIAMANTE HAIR GRIP PACK/2 CRYSTAL,DAISY HAIR COMB
DOLLY GIRL BABY GIFT SET, SPACEBOY BABY GIFT SET,CIRCUS PARADE BABY GIFT SET,I LOVE LONDON BABY GIFT SET,DOLLY GIRL LUNCH BOX,SPACEBOY LUNCH BOX 
DOLLY GIRL CHILDRENS BOWL,DOLLY GIRL CHILDRENS CUP,SPACEBOY CHILDRENS BOWL,SPACEBOY CHILDRENS CUP, DOLLY GIRL BEAKER,SPACEBOY LUNCH BOX 
DOLLY GIRL CHILDRENS CUP,DOLLY GIRL CHILDRENS BOWL,SPACEBOY CHILDRENS CUP,SPACEBOY CHILDRENS BOWL, DOLLY GIRL BEAKER,SPACEBOY BEAKER
DOLLY GIRL CHILDRENS EGG CUP,SPACEBOY CHILDRENS EGG CUP,CIRCUS PARADE CHILDRENS EGG CUP ,CHILDRENS DOLLY GIRL MUG,CHILDREN'S SPACEBOY MUG,SOLDIERS EGG CUP 
DOLLY GIRL LUNCH BOX,SPACEBOY LUNCH BOX ,CIRCUS PARADE LUNCH BOX , DOLLY GIRL BEAKER,SPACEBOY BEAKER,LUNCH BAG DOLLY GIRL DESIGN
DOLLY GIRL MINI BACKPACK,SPACEBOY MINI BACKPACK,WOODLAND MINI BACKPACK, I LOVE LONDON MINI BACKPACK, DOLLY GIRL BEAKER,DOLLY GIRL LUNCH BOX
DOLLY GIRL MINI RUCKSACK,ROSE PENDANT TRIPLE SHELL NECKLACE,ORANGE PENDANT TRIPLE SHELL NECKLAC,2 DAISIES HAIR COMB,DROP DIAMANTE EARRINGS GREEN,BLACK 3 BEAD DROP EARRINGS
DOLLY GIRL WALL ART,SPACEBOY WALL ART,ANIMALS AND NATURE WALL ART,SET 36 COLOUR PENCILS DOILEY,SET 12 COLOUR PENCILS DOILEY,CAT AND BIRD WALL ART
DOLLY HONEYCOMB GARLAND,STRAWBERRY HONEYCOMB  GARLAND ,DAISIES  HONEYCOMB GARLAND ,IVORY SHELL HEART EARRINGS,BIRD ON BRANCH CANVAS SCREEN,MARIE ANTOIENETT TRINKET BOX GOLD
DOLLY MIXTURE CHILDREN'S UMBRELLA,STRAWBERRY DREAM CHILDS UMBRELLA,RED RETROSPOT CHILDRENS UMBRELLA,FOLDING UMBRELLA BLACKBLUE POLKADOT,"GREETING CARD, TWO SISTERS.",FIRST CLASS PASSPORT COVER 
DOLPHIN WINDMILL,TEATIME PUSH DOWN RUBBER,CANDY SPOT CUSHION COVER,ENGLISH ROSE NOTEBOOK A6 SIZE,4 BLUE DINNER CANDLES SILVER FLOCK,COLUMBIAN CANDLE RECTANGLE
DONKEY TAIL GAME ,IVORY WIRE KITCHEN ORGANISER,GYMKHANNA TREASURE BOOK BOX,CLASSIC GLASS SWEET JAR,SMALL CERAMIC TOP STORAGE JAR ,WRAP RED DOILEY
DOOR HANGER  MUM + DADS ROOM,MOODY BOY  DOOR HANGER ,TOXIC AREA  DOOR HANGER ,MOODY GIRL DOOR HANGER ,DO NOT TOUCH MY STUFF DOOR HANGER ,KEEP OUT BOYS DOOR HANGER 
DOORKNOB CERAMIC IVORY,DROP DIAMANTE EARRINGS GREEN,DOORKNOB CERAMIC IVORY,LARGE BLACK DIAMANTE HAIRSLIDE,DIAMANTE HAIR GRIP PACK/2 CRYSTAL,DIAMANTE HAIR GRIP PACK/2 PERIDOT
DOORKNOB CRACKED GLAZE BLUE,DOORKNOB CRACKED GLAZE IVORY,2 DAISIES HAIR COMB,DIAMANTE HAIR GRIP PACK/2 PERIDOT,DIAMANTE HAIR GRIP PACK/2 CRYSTAL,"GARLAND, MAGIC GARDEN 1.8M"
DOORKNOB CRACKED GLAZE GREEN,DOORKNOB CRACKED GLAZE GREEN,2 DAISIES HAIR COMB,PURPLE ENAMEL FLOWER HAIR TIE,CLASSIC DIAMANTE EARRINGS JET,LARGE BLACK DIAMANTE HAIRSLIDE
DOORKNOB CRACKED GLAZE IVORY,DOORKNOB CRACKED GLAZE BLUE,DOORKNOB CRACKED GLAZE GREEN,DOORKNOB CRACKED GLAZE PINK,DAISY HAIR COMB,2 DAISIES HAIR COMB
DOORKNOB CRACKED GLAZE PINK,DOORKNOB CRACKED GLAZE GREEN,2 DAISIES HAIR COMB,PURPLE ENAMEL FLOWER HAIR TIE,CLASSIC DIAMANTE EARRINGS JET,LARGE BLACK DIAMANTE HAIRSLIDE
DOORMAT 3 SMILEY CATS,DOORMAT WELCOME PUPPIES,DOORMAT HEARTS,DOORMAT TOPIARY,DOORMAT MULTICOLOUR STRIPE,DOORMAT FAIRY CAKE
DOORMAT AIRMAIL ,DOORMAT RESPECTABLE HOUSE,DOORMAT NEIGHBOURHOOD WITCH ,DOORMAT WELCOME PUPPIES,DOORMAT UNION FLAG,DOORMAT KEEP CALM AND COME IN
DOORMAT BLACK FLOCK ,DOORMAT MULTICOLOUR STRIPE,DOORMAT ENGLISH ROSE ,DOORMAT FANCY FONT HOME SWEET HOME,DOORMAT RED RETROSPOT,DOORMAT SPOTTY HOME SWEET HOME
DOORMAT CHRISTMAS VILLAGE,DOORMAT MERRY CHRISTMAS RED ,DOORMAT PEACE ON EARTH BLUE,DIAMANTE HAIR GRIP PACK/2 CRYSTAL,2 DAISIES HAIR COMB,DIAMANTE HAIR GRIP PACK/2 PERIDOT
DOORMAT ENGLISH ROSE ,DOORMAT NEW ENGLAND,DOORMAT RED RETROSPOT,DOORMAT HEARTS,DOORMAT SPOTTY HOME SWEET HOME,DOORMAT HOME SWEET HOME BLUE 
DOORMAT FAIRY CAKE,DOORMAT HEARTS,DOORMAT FANCY FONT HOME SWEET HOME,DOORMAT SPOTTY HOME SWEET HOME,DOORMAT RED RETROSPOT,DOORMAT 3 SMILEY CATS
DOORMAT FANCY FONT HOME SWEET HOME,DOORMAT FAIRY CAKE,DOORMAT SPOTTY HOME SWEET HOME,DOORMAT HEARTS,DOORMAT NEW ENGLAND,DOORMAT RED RETROSPOT
DOORMAT HEARTS,DOORMAT RED RETROSPOT,DOORMAT WELCOME PUPPIES,DOORMAT NEW ENGLAND,DOORMAT ENGLISH ROSE ,DOORMAT FAIRY CAKE
DOORMAT HOME SWEET HOME BLUE ,DOORMAT KEEP CALM AND COME IN,DOORMAT RED RETROSPOT,DOORMAT HEARTS,DOORMAT UNION FLAG,DOORMAT NEW ENGLAND
DOORMAT I LOVE LONDON,NEWSPAPER STAND,LUNCH BOX I LOVE LONDON,DOORMAT KEEP CALM AND COME IN,DOORMAT UNION JACK GUNS AND ROSES,DOORMAT UNION FLAG
DOORMAT KEEP CALM AND COME IN,DOORMAT UNION FLAG,DOORMAT HOME SWEET HOME BLUE ,HOT WATER BOTTLE KEEP CALM,GARDENERS KNEELING PAD KEEP CALM ,DOORMAT RED RETROSPOT
DOORMAT MERRY CHRISTMAS RED ,DOORMAT CHRISTMAS VILLAGE,DOORMAT SPOTTY HOME SWEET HOME,DOORMAT KEEP CALM AND COME IN,DOORMAT HOME SWEET HOME BLUE ,DOORMAT WELCOME TO OUR HOME
DOORMAT MULTICOLOUR STRIPE,DOORMAT RED RETROSPOT,DOORMAT BLACK FLOCK ,DOORMAT 3 SMILEY CATS,DOORMAT ENGLISH ROSE ,DOORMAT HEARTS
DOORMAT NEIGHBOURHOOD WITCH ,DOORMAT 3 SMILEY CATS,DOORMAT RESPECTABLE HOUSE,DOORMAT AIRMAIL ,FIRST CLASS HOLIDAY PURSE ,DOORMAT WELCOME PUPPIES
DOORMAT NEW ENGLAND,DOORMAT SPOTTY HOME SWEET HOME,DOORMAT ENGLISH ROSE ,DOORMAT WELCOME TO OUR HOME,DOORMAT HEARTS,DOORMAT WELCOME PUPPIES
DOORMAT PEACE ON EARTH BLUE,DOORMAT CHRISTMAS VILLAGE,DOORKNOB CRACKED GLAZE BLUE,DOORMAT HOME SWEET HOME BLUE ,CLASSIC DIAMANTE EARRINGS JET,SET/5 RED SPOTTY LID GLASS BOWLS
DOORMAT RED RETROSPOT,DOORMAT HEARTS,DOORMAT ENGLISH ROSE ,DOORMAT SPOTTY HOME SWEET HOME,DOORMAT UNION FLAG,DOORMAT HOME SWEET HOME BLUE 
DOORMAT RESPECTABLE HOUSE,DOORMAT AIRMAIL ,DOORMAT NEIGHBOURHOOD WITCH ,DOORMAT FAIRY CAKE,DOORMAT KEEP CALM AND COME IN,DOORMAT FANCY FONT HOME SWEET HOME
DOORMAT SPOTTY HOME SWEET HOME,DOORMAT NEW ENGLAND,DOORMAT WELCOME TO OUR HOME,DOORMAT RED RETROSPOT,DOORMAT FANCY FONT HOME SWEET HOME,DOORMAT ENGLISH ROSE 
DOORMAT TOPIARY,DOORMAT 3 SMILEY CATS,DOORMAT WELCOME PUPPIES,DOORMAT ENGLISH ROSE ,DOORMAT NEW ENGLAND,DOORMAT HEARTS
DOORMAT UNION FLAG,DOORMAT KEEP CALM AND COME IN,DOORMAT RED RETROSPOT,DOORMAT HOME SWEET HOME BLUE ,DOORMAT SPOTTY HOME SWEET HOME,DOORMAT HEARTS
DOORMAT UNION JACK GUNS AND ROSES,DOORMAT 3 SMILEY CATS,DOORMAT FAIRY CAKE,DOORMAT FANCY FONT HOME SWEET HOME,DOORMAT SPOTTY HOME SWEET HOME,DOORMAT ENGLISH ROSE 
DOORMAT VINTAGE LEAF,DOORMAT VINTAGE LEAVES DESIGN ,DOORMAT RED RETROSPOT,DOORMAT MULTICOLOUR STRIPE,DOORMAT FANCY FONT HOME SWEET HOME,DOORMAT HOME SWEET HOME BLUE 
DOORMAT VINTAGE LEAVES DESIGN ,DOORMAT VINTAGE LEAF,DOORMAT WELCOME PUPPIES,DOORMAT WELCOME SUNRISE,DOORMAT HEARTS,DOORMAT 3 SMILEY CATS
DOORMAT WELCOME PUPPIES,DOORMAT 3 SMILEY CATS,DOORMAT HEARTS,DOORMAT NEW ENGLAND,DOORMAT RED RETROSPOT,DOORMAT TOPIARY
DOORMAT WELCOME SUNRISE,DOORMAT HOME SWEET HOME BLUE ,DOORMAT VINTAGE LEAVES DESIGN ,DOORMAT 3 SMILEY CATS,DOORMAT WELCOME PUPPIES,DOORMAT VINTAGE LEAF
DOORMAT WELCOME TO OUR HOME,DOORMAT NEW ENGLAND,DOORMAT SPOTTY HOME SWEET HOME,DOORMAT FANCY FONT HOME SWEET HOME,DOORMAT RED RETROSPOT,DOORMAT HOME SWEET HOME BLUE 
DOORSTOP FOOTBALL DESIGN,DOORSTOP RACING CAR DESIGN,GINGHAM BABUSHKA DOORSTOP,BLACK FLOWER CANDLE PLATE,RETROSPOT BABUSHKA DOORSTOP,SET OF 2 TEA TOWELS PING MICROWAVE
DOORSTOP RACING CAR DESIGN,GINGHAM BABUSHKA DOORSTOP,RETROSPOT BABUSHKA DOORSTOP,PAPERWEIGHT KINGS CHOICE ,FIRST CLASS HOLIDAY PURSE ,DOORSTOP FOOTBALL DESIGN
DOORSTOP RETROSPOT HEART,GINGHAM HEART  DOORSTOP RED,MEMO BOARD RETROSPOT  DESIGN,HEART OF WICKER SMALL,HEART OF WICKER LARGE,SMALL WHITE HEART OF WICKER
DOTCOM POSTAGE,CRYSTAL CZECH CROSS PHONE CHARM,IVORY GOLD METAL BAG CHARM,COPPER AND BRASS BAG CHARM,BEADED CRYSTAL HEART GREEN ON STICK,LARGE ZINC GLASS CANDLEHOLDER
DOTCOMGIFTSHOP TEA TOWEL,CHILDS GARDEN RAKE BLUE,RED/CREAM STRIPE CUSHION COVER ,BLUE/CREAM STRIPE CUSHION COVER ,CHILDS GARDEN RAKE PINK,BIG DOUGHNUT FRIDGE MAGNETS
DOUBLE CERAMIC PARLOUR HOOK,LUNCH BAG RED SPOTTY,FRYING PAN RED POLKADOT ,PEG BAG APPLE DESIGN,ENAMEL DINNER PLATE PANTRY,SET/5 RED SPOTTY LID GLASS BOWLS
DOUGHNUT LIP GLOSS ,ICE CREAM PEN LIP GLOSS ,ICE CREAM SUNDAE LIP GLOSS,BUBBLEGUM RING ASSORTED,WORLD WAR 2 GLIDERS ASSTD DESIGNS,CERAMIC STRAWBERRY CAKE MONEY BANK
DOVE DECORATION PAINTED ZINC ,CHRISTMAS TREE PAINTED ZINC ,STAR DECORATION PAINTED ZINC ,HEART DECORATION PAINTED ZINC ,WOODLAND MINI RUCKSACK ,PINK ENAMEL FLOWER HAIR TIE
DRAGONS BLOOD INCENSE,LOVE POTION MASALA INCENSE,FAIRY DREAMS INCENSE ,TRANQUILITY MASALA INCENSE,WHITE SAGE INCENSE,PINK ACRYLIC JEWEL SNOWFLAKE
DRAWER KNOB CERAMIC BLACK,DRAWER KNOB CERAMIC RED,DRAWER KNOB CERAMIC IVORY,DRAWER KNOB CRACKLE GLAZE IVORY,DRAWER KNOB CRACKLE GLAZE BLUE,PURPLE DRAWERKNOB ACRYLIC EDWARDIAN
DRAWER KNOB CERAMIC IVORY,DRAWER KNOB CERAMIC BLACK,DRAWER KNOB CERAMIC RED,DRAWER KNOB CRACKLE GLAZE IVORY,DRAWER KNOB CRACKLE GLAZE GREEN,DRAWER KNOB CRACKLE GLAZE PINK
DRAWER KNOB CERAMIC RED,DRAWER KNOB CERAMIC BLACK,DRAWER KNOB CERAMIC IVORY,RED DRAWER KNOB ACRYLIC EDWARDIAN,RED SPOT CERAMIC DRAWER KNOB,BLUE SPOT CERAMIC DRAWER KNOB
DRAWER KNOB CRACKLE GLAZE BLUE,DRAWER KNOB CRACKLE GLAZE PINK,DRAWER KNOB CRACKLE GLAZE GREEN,DRAWER KNOB CRACKLE GLAZE IVORY,DRAWER KNOB CERAMIC BLACK,GREEN DRAWER KNOB ACRYLIC EDWARDIAN
DRAWER KNOB CRACKLE GLAZE GREEN,DRAWER KNOB CRACKLE GLAZE PINK,DRAWER KNOB CRACKLE GLAZE BLUE,DRAWER KNOB CRACKLE GLAZE IVORY,DRAWER KNOB CERAMIC IVORY,DRAWER KNOB CERAMIC BLACK
DRAWER KNOB CRACKLE GLAZE IVORY,DRAWER KNOB CRACKLE GLAZE BLUE,DRAWER KNOB CRACKLE GLAZE GREEN,DRAWER KNOB CRACKLE GLAZE PINK,DRAWER KNOB CERAMIC IVORY,DRAWER KNOB CERAMIC BLACK
DRAWER KNOB CRACKLE GLAZE PINK,DRAWER KNOB CRACKLE GLAZE GREEN,DRAWER KNOB CRACKLE GLAZE BLUE,DRAWER KNOB CRACKLE GLAZE IVORY,DRAWER KNOB CERAMIC IVORY,DRAWER KNOB CERAMIC BLACK
DRAWER KNOB VINTAGE GLASS BALL,DRAWER KNOB VINTAGE GLASS HEXAGON,DRAWER KNOB VINTAGE GLASS STAR,DRAWER KNOB CERAMIC IVORY,DRAWER KNOB CRACKLE GLAZE IVORY,BLUE STRIPE CERAMIC DRAWER KNOB
DRAWER KNOB VINTAGE GLASS HEXAGON,DRAWER KNOB VINTAGE GLASS BALL,DRAWER KNOB CRACKLE GLAZE BLUE,DRAWER KNOB CRACKLE GLAZE PINK,DRAWER KNOB VINTAGE GLASS STAR,DRAWER KNOB CRACKLE GLAZE GREEN
DRAWER KNOB VINTAGE GLASS STAR,DRAWER KNOB VINTAGE GLASS BALL,DRAWER KNOB VINTAGE GLASS HEXAGON,DRAWER KNOB CERAMIC IVORY,DRAWER KNOB CERAMIC RED,DRAWER KNOB CRACKLE GLAZE BLUE
DROP DIAMANTE EARRINGS BLACK DIAMON,SILVER/CRYSTAL DROP EARRINGS W LEAF,GLASS BEAD HOOP NECKLACE BLACK,GREEN DROP EARRINGS W BEAD CLUSTER,ANTIQUE RASPBERRY FLOWER EARRINGS,GOLD/AMBER DROP EARRINGS W LEAF
DROP DIAMANTE EARRINGS CRYSTAL,AMETHYST DIAMANTE EXPANDABLE RING,2 DAISIES HAIR COMB,GLASS BEAD HOOP NECKLACE BLACK,DROP DIAMANTE EARRINGS GREEN,DIAMANTE HAIR GRIP PACK/2 CRYSTAL
DROP DIAMANTE EARRINGS GREEN,DROP DIAMANTE EARRINGS GREEN,DOORKNOB CERAMIC IVORY,LARGE BLACK DIAMANTE HAIRSLIDE,DIAMANTE HAIR GRIP PACK/2 CRYSTAL,DIAMANTE HAIR GRIP PACK/2 PERIDOT
DROP DIAMANTE EARRINGS PURPLE,PURPLE FRANGIPANI NECKLACE,DAISY HAIR BAND,DIAMANTE HAIR GRIP PACK/2 BLACK DIA,DIAMANTE HAIR GRIP PACK/2 MONTANA,WHITE FRANGIPANI NECKLACE
DROP EARRINGS W FLOWER & LEAF,SILVER 2 STRAND NECKLACE-LEAF CHARM,CRACKED GLAZE EARRINGS RED,RUBY GLASS CLUSTER EARRINGS,DIAMANTE NECKLACE GREEN,BAROQUE BUTTERFLY EARRINGS BLACK
DUSTY PINK CHRISTMAS TREE 30CM,DUSTY PINK CHRISTMAS TREE 30CM,PINK PARTY SUNGLASSES,POSY CANDY BAG,CHRYSANTHEMUM  JOURNAL,SILVER DISCO HANDBAG
DUSTY PINK CHRISTMAS TREE 60CM,GLASS CAKE COVER AND PLATE,HEN HOUSE W CHICK IN NEST,ORANGE FELT VASE + FLOWERS,POLYESTER FILLER PAD 60x40cm,VINTAGE PHOTO ALBUM PARIS DAYS
EASTER BUNNY GARLAND OF FLOWERS,BUNNY EGG GARLAND,GREEN METAL SWINGING BUNNY,HANGING SPRING FLOWER EGG LARGE,S/12 MINI RABBIT EASTER,SET/3 RABBITS FLOWER SKIPPPING ROPE
EASTER BUNNY HANGING GARLAND,GIRLY PINK TOOL SET,BLUE FLOCK CUSHION COVER ,VINTAGE NOTEBOOK BEAUTY GIRL,BLUE BREAKFAST CUP AND SAUCER ,NEW BAROQUE BLACK PHOTO ALBUM
EASTER BUNNY WITH BASKET ON BACK,3 PINK HEN+CHICKS IN BASKET,BLUE EASTER EGG HUNT START POST,HEN HOUSE W FAMILY IN BARN & NEST,HEN HOUSE W CHICK IN NEST,POLYESTER FILLER PAD 60x40cm
EASTER BUNNY WREATH,GLASS CAKE COVER AND PLATE,BLUE EASTER EGG HUNT START POST,POLYESTER FILLER PAD 60x40cm,ORANGE FELT VASE + FLOWERS,HEN HOUSE W CHICK IN NEST
EASTER CRAFT 4 CHICKS ,FELTCRAFT BUTTERFLY HEARTS,3 STRIPEY MICE FELTCRAFT,FELTCRAFT 6 FLOWER FRIENDS,PINK CREAM FELT CRAFT TRINKET BOX ,CREAM FELT EASTER EGG BASKET
EASTER CRAFT IVY WREATH WITH CHICK,PINK HANGING GINGHAM EASTER HEN,BLUE HANGING GINGHAM EASTER HEN,WHITE/PINK CHICK EASTER DECORATION,WHITE/PINK CHICK DECORATION,POLYESTER FILLER PAD 30CMx30CM
EASTER DECORATION EGG BUNNY ,EASTER DECORATION HANGING BUNNY,EASTER DECORATION SITTING BUNNY,DECORATION WOBBLY RABBIT METAL ,DECORATION WOBBLY CHICKEN,BUNNY WOODEN PAINTED WITH FLOWER 
EASTER DECORATION HANGING BUNNY,EASTER DECORATION EGG BUNNY ,DECORATION WOBBLY RABBIT METAL ,EASTER DECORATION SITTING BUNNY,EGG CUP NATURAL CHICKEN,HANGING WOOD AND FELT BUTTERFLY 
EASTER DECORATION NATURAL CHICK,IVORY HANGING DECORATION  BIRD,HANGING CHICK GREEN DECORATION,HANGING CHICK CREAM DECORATION,HANGING METAL CHICKEN DECORATION,HANGING CHICK  YELLOW DECORATION
EASTER DECORATION SITTING BUNNY,EASTER DECORATION EGG BUNNY ,EASTER DECORATION HANGING BUNNY,"DECORATION , WOBBLY CHICKEN, METAL ",EGG CUP NATURAL CHICKEN,IVORY HANGING DECORATION  BIRD
EASTER TIN BUCKET,BLUE FELT EASTER EGG BASKET,CREAM FELT EASTER EGG BASKET,PINK POLKADOT PLATE ,PINK METAL SWINGING BUNNY,GREEN EASTER EGG HUNT START POST
EASTER TIN BUNNY BOUQUET,EASTER TIN CHICKS PINK DAISY,EASTER TIN KEEPSAKE,EASTER TIN CHICKS IN GARDEN,SET 3 PAPER VINTAGE CHICK PAPER EGG,SET 3 SONG BIRD PAPER EGGS ASSORTED
EASTER TIN CHICKS IN GARDEN,EASTER TIN KEEPSAKE,EASTER TIN CHICKS PINK DAISY,EASTER TIN BUNNY BOUQUET,ASSORTED EASTER GIFT TAGS,SET 3 SONG BIRD PAPER EGGS ASSORTED
EASTER TIN CHICKS PINK DAISY,EASTER TIN KEEPSAKE,EASTER TIN BUNNY BOUQUET,EASTER TIN CHICKS IN GARDEN,SET 3 PAPER VINTAGE CHICK PAPER EGG,ASSORTED EASTER GIFT TAGS
EASTER TIN KEEPSAKE,EASTER TIN CHICKS PINK DAISY,EASTER TIN BUNNY BOUQUET,EASTER TIN CHICKS IN GARDEN,SET 3 PAPER VINTAGE CHICK PAPER EGG,ASSORTED EASTER GIFT TAGS
EASTER TREE YELLOW BIRDS,"DECORATION , WOBBLY CHICKEN, METAL ",MONEY BOX FIRST ADE DESIGN,GREEN METAL SWINGING BUNNY,S/12 MINI RABBIT EASTER,PINK KNITTED EGG COSY
EAU DE NIL LOVE BIRD CANDLE,PINK LOVE BIRD CANDLE,IVORY LOVE BIRD CANDLE,"LETTER ""P"" BLING KEY RING",FUNKY MONKEY MUG,MUMMY MOUSE RED GINGHAM RIBBON
EAU DE NILE HEART SHAPE PHOTO FRAME,EAU DE NILE JEWELLED PHOTOFRAME,PINK SMALL JEWELLED PHOTOFRAME,PINK FLOCK PHOTO FRAME ,PINK/AMETHYST/GOLD NECKLACE,"PEARL & SHELL 42""NECKL. IVORY"
EAU DE NILE JEWELLED PHOTOFRAME,EAU DE NILE HEART SHAPE PHOTO FRAME,PURPLE FRANGIPANI NECKLACE,PINK HEART SHAPE PHOTO FRAME,DIAMANTE HAIR GRIP PACK/2 LT ROSE,DIAMANTE HAIR GRIP PACK/2 BLACK DIA
EAU DE NILE JEWELLED T-LIGHT HOLDER,MIDNIGHT BLUE GLASS/SILVER BRACELET,TIGRIS EYE CHUNKY CHARM BRACELET,ROUND PINK HEART MIRROR,"LETTER ""I"" BLING KEY RING",RUBY GLASS CLUSTER BRACELET
ECONOMY HOLIDAY PURSE,BLACK DROP EARRINGS W LONG BEADS,TURQ PENDANT TRIPLE SHELL NECKLACE,MURANO STYLE GLASS BRACELET BLACK,RESIN BRACELET W PASTEL BEADS,GREEN PENDANT TRIPLE SHELL NECKLACE
ECONOMY LUGGAGE TAG,QUEEN OF SKIES LUGGAGE TAG,FIRST CLASS LUGGAGE TAG ,TROPICAL LUGGAGE TAG,QUEEN OF THE SKIES PASSPORT COVER ,FIRST CLASS HOLIDAY PURSE 
EDWARDIAN DROP EARRINGS JET BLACK,GREEN PENDANT TRIPLE SHELL NECKLACE,TURQ PENDANT TRIPLE SHELL NECKLACE,AMBER DIAMANTE EXPANDABLE RING,"GARLAND, MAGIC GARDEN 1.8M",PURPLE ENAMEL FLOWER HAIR TIE
EDWARDIAN HEART PHOTO FRAME,EDWARDIAN PHOTO FRAME,MIDNIGHT BLUE VINTAGE EARRINGS,2 DAISIES HAIR COMB,3 TRADITIONAL COOKIE CUTTERS  SET,DAISY HAIR COMB
EDWARDIAN PARASOL BLACK,EDWARDIAN PARASOL RED,EDWARDIAN PARASOL NATURAL,EDWARDIAN PARASOL PINK,BLACK/BLUE POLKADOT UMBRELLA,RED RETROSPOT UMBRELLA
EDWARDIAN PARASOL NATURAL,EDWARDIAN PARASOL BLACK,EDWARDIAN PARASOL RED,EDWARDIAN PARASOL PINK,RED RETROSPOT UMBRELLA,BLACK/BLUE POLKADOT UMBRELLA
EDWARDIAN PARASOL PINK,EDWARDIAN PARASOL RED,EDWARDIAN PARASOL NATURAL,EDWARDIAN PARASOL BLACK,BLACK/BLUE POLKADOT UMBRELLA,RED RETROSPOT UMBRELLA
EDWARDIAN PARASOL RED,EDWARDIAN PARASOL BLACK,EDWARDIAN PARASOL NATURAL,EDWARDIAN PARASOL PINK,BLACK/BLUE POLKADOT UMBRELLA,RED RETROSPOT UMBRELLA
EDWARDIAN PHOTO FRAME,EDWARDIAN HEART PHOTO FRAME,DROP DIAMANTE EARRINGS GREEN,DOORKNOB CERAMIC IVORY,3 TRADITIONAL COOKIE CUTTERS  SET,DIAMANTE HAIR GRIP PACK/2 PERIDOT
EGG CUP HENRIETTA HEN CREAM ,EGG CUP HENRIETTA HEN PINK,EGG CUP MILKMAID INGRID,EGG CUP MILKMAID HEIDI,EGG CUP MILKMAID HELGA ,RETO LEAVES MAGNETIC SHOPPING LIST
EGG CUP HENRIETTA HEN PINK,EGG CUP HENRIETTA HEN CREAM ,DOORKNOB CERAMIC IVORY,DIAMANTE NECKLACE BLACK ,DIAMANTE HAIR GRIP PACK/2 CRYSTAL,2 DAISIES HAIR COMB
EGG CUP MILKMAID HEIDI,EGG CUP MILKMAID HELGA ,EGG CUP MILKMAID INGRID,EGG CUP HENRIETTA HEN CREAM ,MILK MAIDS MUG ,EGG CUP HENRIETTA HEN PINK
EGG CUP MILKMAID HELGA ,EGG CUP MILKMAID HEIDI,EGG CUP MILKMAID INGRID,EGG CUP HENRIETTA HEN CREAM ,MISELTOE HEART WREATH CREAM,LUNCH BAG RED SPOTTY
EGG CUP MILKMAID INGRID,EGG CUP MILKMAID HEIDI,EGG CUP MILKMAID HELGA ,EGG CUP HENRIETTA HEN CREAM ,MILK MAIDS MUG ,RETO LEAVES MAGNETIC SHOPPING LIST
EGG CUP NATURAL CHICKEN,EASTER DECORATION HANGING BUNNY,EASTER DECORATION EGG BUNNY ,EASTER DECORATION SITTING BUNNY,FELT EGG COSY BLUE RABBIT ,FELT EGG COSY WHITE RABBIT 
EGG FRYING PAN BLUE ,EGG FRYING PAN PINK ,EGG FRYING PAN MINT ,EGG FRYING PAN RED ,EGG FRYING PAN IVORY ,CREAM HANGING HEART T-LIGHT HOLDER
EGG FRYING PAN IVORY ,EGG FRYING PAN MINT ,EGG FRYING PAN PINK ,EGG FRYING PAN RED ,EGG FRYING PAN BLUE ,SET OF 5 MINI GROCERY MAGNETS
EGG FRYING PAN MINT ,EGG FRYING PAN PINK ,EGG FRYING PAN IVORY ,EGG FRYING PAN BLUE ,EGG FRYING PAN RED ,PURPLE FRANGIPANI NECKLACE
EGG FRYING PAN PINK ,EGG FRYING PAN MINT ,EGG FRYING PAN BLUE ,EGG FRYING PAN IVORY ,EGG FRYING PAN RED ,CREAM HANGING HEART T-LIGHT HOLDER
EGG FRYING PAN RED ,EGG FRYING PAN BLUE ,EGG FRYING PAN IVORY ,EGG FRYING PAN PINK ,EGG FRYING PAN MINT ,MILK PAN RED RETROSPOT
EIGHT PIECE CREEPY CRAWLIE SET,GOLD COSMETIC BAG PINK STAR,PACK 4 FLOWER/BUTTERFLY PATCHES,PINK POLKADOT KIDS BAG,FUNKY MONKEY MUG,"LETTER ""D"" BLING KEY RING"
EIGHT PIECE DINOSAUR SET,EIGHT PIECE SNAKE  SET,PACK 4 FLOWER/BUTTERFLY PATCHES,ASSORTED CREEPY CRAWLIES,INFLATABLE POLITICAL GLOBE ,LITTLE PINK MONSTER SOFT TOY
EIGHT PIECE SNAKE  SET,EIGHT PIECE DINOSAUR SET,ASSORTED CREEPY CRAWLIES,VINTAGE PHOTO ALBUM PARIS DAYS,VIP PASSPORT COVER ,RED WHITE SCARF  HOT WATER BOTTLE
ELEPHANT BIRTHDAY CARD ,COWBOYS AND INDIANS BIRTHDAY CARD ,VINTAGE KID DOLLY CARD ,SPACEBOY BIRTHDAY CARD,CARD BIRTHDAY COWBOY,"ELEPHANT, BIRTHDAY CARD, "
ELEPHANT CARNIVAL POUFFE,FLOOR CUSHION ELEPHANT CARNIVAL,TRIANGULAR POUFFE VINTAGE ,PURPLE FRANGIPANI NECKLACE,DIAMANTE HAIR GRIP PACK/2 RUBY,WHITE FRANGIPANI NECKLACE
ELEPHANT CLIP W SUCTION CUP,PINK/AMETHYST/GOLD NECKLACE,MUMMY MOUSE RED GINGHAM RIBBON,CROCHET DOG KEYRING,"FLOWER GLASS GARLD NECKL36""TURQUOIS",5 STRAND GLASS NECKLACE BLACK
"ELEPHANT, BIRTHDAY CARD, ",VINTAGE KID DOLLY CARD ,COWBOYS AND INDIANS BIRTHDAY CARD ,SPACEBOY BIRTHDAY CARD,TEA PARTY BIRTHDAY CARD,CARD BIRTHDAY COWBOY
ELVIS WALLHANGING / CURTAIN,BIRD ON BRANCH CANVAS SCREEN,GOLD APERITIF GLASS,CD WALL TIDY RED FLOWERS,JAM JAR WITH BLUE LID,COLUMBIAN  CUBE CANDLE 
EMBOSSED GLASS TEALIGHT HOLDER,VICTORIAN GLASS HANGING T-LIGHT,SILVER HANGING T-LIGHT HOLDER,HEART FILIGREE DOVE  SMALL,VINTAGE GLASS T-LIGHT HOLDER,COLOUR GLASS T-LIGHT HOLDER HANGING
EMBOSSED HEART TRINKET BOX,SMALL SINGLE FLAME CANDLE HOLDER,HEART MINI PORTRAIT FRAME,VINTAGE EMBOSSED HEART,CINAMMON SET OF 9 T-LIGHTS,PHOTO FRAME LINEN AND LACE SMALL
EMBROIDERED RIBBON REEL CLAIRE,EMBROIDERED RIBBON REEL DAISY ,EMBROIDERED RIBBON REEL RUBY ,EMBROIDERED RIBBON REEL SOPHIE  ,EMBROIDERED RIBBON REEL SALLY ,EMBROIDERED RIBBON REEL SUSIE 
EMBROIDERED RIBBON REEL DAISY ,EMBROIDERED RIBBON REEL SUSIE ,EMBROIDERED RIBBON REEL EMILY ,EMBROIDERED RIBBON REEL ROSIE,EMBROIDERED RIBBON REEL RACHEL ,EMBROIDERED RIBBON REEL SALLY 
EMBROIDERED RIBBON REEL EMILY ,EMBROIDERED RIBBON REEL SALLY ,EMBROIDERED RIBBON REEL ROSIE,EMBROIDERED RIBBON REEL DAISY ,EMBROIDERED RIBBON REEL REBECCA ,EMBROIDERED RIBBON REEL SUSIE 
EMBROIDERED RIBBON REEL RACHEL ,EMBROIDERED RIBBON REEL DAISY ,EMBROIDERED RIBBON REEL REBECCA ,EMBROIDERED RIBBON REEL SUSIE ,EMBROIDERED RIBBON REEL EMILY ,EMBROIDERED RIBBON REEL SOPHIE  
EMBROIDERED RIBBON REEL REBECCA ,EMBROIDERED RIBBON REEL EMILY ,EMBROIDERED RIBBON REEL RACHEL ,EMBROIDERED RIBBON REEL SALLY ,EMBROIDERED RIBBON REEL DAISY ,EMBROIDERED RIBBON REEL SUSIE 
EMBROIDERED RIBBON REEL ROSIE,EMBROIDERED RIBBON REEL EMILY ,EMBROIDERED RIBBON REEL SALLY ,EMBROIDERED RIBBON REEL DAISY ,EMBROIDERED RIBBON REEL SOPHIE  ,EMBROIDERED RIBBON REEL SUSIE 
EMBROIDERED RIBBON REEL RUBY ,EMBROIDERED RIBBON REEL SOPHIE  ,EMBROIDERED RIBBON REEL CLAIRE,EMBROIDERED RIBBON REEL EMILY ,EMBROIDERED RIBBON REEL ROSIE,EMBROIDERED RIBBON REEL REBECCA 
EMBROIDERED RIBBON REEL SALLY ,EMBROIDERED RIBBON REEL EMILY ,EMBROIDERED RIBBON REEL SUSIE ,EMBROIDERED RIBBON REEL ROSIE,EMBROIDERED RIBBON REEL DAISY ,EMBROIDERED RIBBON REEL REBECCA 
EMBROIDERED RIBBON REEL SOPHIE  ,EMBROIDERED RIBBON REEL ROSIE,EMBROIDERED RIBBON REEL RUBY ,EMBROIDERED RIBBON REEL DAISY ,EMBROIDERED RIBBON REEL RACHEL ,EMBROIDERED RIBBON REEL REBECCA 
EMBROIDERED RIBBON REEL SUSIE ,EMBROIDERED RIBBON REEL SALLY ,EMBROIDERED RIBBON REEL DAISY ,EMBROIDERED RIBBON REEL EMILY ,EMBROIDERED RIBBON REEL RACHEL ,EMBROIDERED RIBBON REEL ROSIE
EMERGENCY FIRST AID TIN ,FIRST AID TIN,PHARMACIE FIRST AID TIN,MONEY BOX FIRST ADE DESIGN,DECORATIVE CATS BATHROOM BOTTLE,WHITE SOAP RACK WITH 2 BOTTLES
EMPIRE BIRTHDAY CARD,TEA PARTY BIRTHDAY CARD,RAINY LADIES BIRTHDAY CARD,SPACEBOY BIRTHDAY CARD,BANQUET BIRTHDAY  CARD  ,COWBOYS AND INDIANS BIRTHDAY CARD 
EMPIRE DESIGN ROSETTE,VINTAGE UNION JACK PENNANT,POLYESTER FILLER PAD 60x40cm,HEN HOUSE W CHICK IN NEST,PINK CHERRY BLOSSOM CUP & SAUCER,CLEAR STATIONERY BOX SET 
EMPIRE GIFT WRAP,FANCY FONTS BIRTHDAY WRAP,WRAP ALPHABET DESIGN,WRAP POPPIES  DESIGN,WRAP VINTAGE LEAF DESIGN,EMPIRE BIRTHDAY CARD
EMPIRE TISSUE BOX,MOTORING TISSUE BOX,RED RETROSPOT TISSUE BOX,CARAVAN SQUARE TISSUE BOX,BLUE PAISLEY TISSUE BOX,SWALLOW SQUARE TISSUE BOX
EMPIRE UNION JACK TV DINNER TRAY,TV DINNER TRAY VINTAGE PAISLEY,SKULL DESIGN TV DINNER TRAY,TV DINNER TRAY AIR HOSTESS ,FIRST CLASS HOLIDAY PURSE ,GOLD MINI TAPE MEASURE 
ENAMEL BLUE RIM BISCUIT BIN,ENAMEL BLUE RIM COFFEE CONTAINER,ENAMEL PINK TEA CONTAINER,PURPLE FRANGIPANI NECKLACE,YELLOW PINK FLOWER DESIGN BIG BOWL,DIAMANTE HAIR GRIP PACK/2 BLACK DIA
ENAMEL BLUE RIM COFFEE CONTAINER,ENAMEL BLUE RIM BISCUIT BIN,2 DAISIES HAIR COMB,PINK DAISY BAG CHARM,"PEARL & SHELL 42""NECKL. GREEN",PURPLE ENAMEL FLOWER HAIR TIE
ENAMEL BLUE RIM TEA CONTAINER,PINK CHERRY BLOSSOM CUP & SAUCER,SILVER FLOWR PINK SHELL NECKLACE,RUBY DROP CHANDELIER EARRINGS,WHITE VINTAGE CRYSTAL BRACELET,SILVER DROP EARRINGS WITH FLOWER
ENAMEL BOWL PANTRY,ENAMEL BOWL PANTRY,ENAMEL DINNER PLATE PANTRY,ENAMEL MUG PANTRY,LEAVES MAGNETIC  SHOPPING LIST,BAKING MOULD CHOCOLATE CUP CAKES
ENAMEL BREAD BIN CREAM,ENAMEL COLANDER CREAM,ENAMEL MEASURING JUG CREAM,ENAMEL FLOWER JUG CREAM,ENAMEL FIRE BUCKET CREAM,ENAMEL WASH BOWL CREAM
ENAMEL COLANDER CREAM,ENAMEL MEASURING JUG CREAM,ENAMEL BREAD BIN CREAM,ENAMEL WASH BOWL CREAM,ENAMEL FLOWER JUG CREAM,IVORY KITCHEN SCALES
ENAMEL DINNER PLATE PANTRY,ENAMEL JUG PANTRY,ENAMEL BOWL PANTRY,DOUBLE CERAMIC PARLOUR HOOK,3D HEARTS  HONEYCOMB PAPER GARLAND,CLOCK MAGNET MUM'S KITCHEN
ENAMEL FIRE BUCKET CREAM,ENAMEL MEASURING JUG CREAM,ENAMEL BREAD BIN CREAM,ENAMEL COLANDER CREAM,ENAMEL WASH BOWL CREAM,BULL DOG BOTTLE OPENER
ENAMEL FLOWER JUG CREAM,ENAMEL WASH BOWL CREAM,ENAMEL WATERING CAN CREAM,ENAMEL MEASURING JUG CREAM,ENAMEL BREAD BIN CREAM,ENAMEL COLANDER CREAM
ENAMEL JUG PANTRY,ENAMEL BOWL PANTRY,ENAMEL DINNER PLATE PANTRY,ENAMEL MUG PANTRY,LEAVES MAGNETIC  SHOPPING LIST,BAKING MOULD CHOCOLATE CUP CAKES
ENAMEL MEASURING JUG CREAM,ENAMEL COLANDER CREAM,ENAMEL WASH BOWL CREAM,ENAMEL BREAD BIN CREAM,ENAMEL FLOWER JUG CREAM,IVORY KITCHEN SCALES
ENAMEL MUG PANTRY,LEAVES MAGNETIC  SHOPPING LIST,ENAMEL BOWL PANTRY,ENAMEL JUG PANTRY,BAKING MOULD CHOCOLATE CUP CAKES,CLASSIC GLASS SWEET JAR
ENAMEL PINK COFFEE CONTAINER,ENAMEL PINK TEA CONTAINER,FRENCH STYLE STORAGE JAR BONBONS,"WHITE TEA,COFFEE,SUGAR JARS",BLUE POLKADOT COFFEE MUG,BREAD BIN DINER STYLE PINK
ENAMEL PINK TEA CONTAINER,ENAMEL PINK COFFEE CONTAINER,ENAMEL BLUE RIM BISCUIT BIN,BLUE POLKADOT COFFEE MUG,BOTANICAL LILY GREETING CARD,"WHITE TEA,COFFEE,SUGAR JARS"
ENAMEL WASH BOWL CREAM,ENAMEL MEASURING JUG CREAM,ENAMEL FLOWER JUG CREAM,ENAMEL COLANDER CREAM,FRENCH ENAMEL WATER BASIN,ENAMEL BREAD BIN CREAM
ENAMEL WATERING CAN CREAM,ENAMEL FLOWER JUG CREAM,ENAMEL COLANDER CREAM,ENAMEL WASH BOWL CREAM,ENAMEL BREAD BIN CREAM,ENAMEL MEASURING JUG CREAM
ENCHANTED BIRD COATHANGER 5 HOOK,CREAM CUPID HEARTS COAT HANGER,METAL 4 HOOK HANGER FRENCH CHATEAU,TRIPLE HOOK ANTIQUE IVORY ROSE,FOUR HOOK  WHITE LOVEBIRDS,WOODEN PICTURE FRAME WHITE FINISH
ENCHANTED BIRD PLANT CAGE,ZINC HEART LATTICE 2 WALL PLANTER,FUNKY MONKEY CUSHION COVER,VINTAGE NOTEBOOK BEAUTY GIRL,PURPLE FRANGIPANI NECKLACE,GREEN EASTER EGG HUNT START POST
ENGLISH ROSE GARDEN SECATEURS,ASS FLORAL PRINT MULTI SCREWDRIVER,ENGLISH ROSE SPIRIT LEVEL ,SCANDINAVIAN PAISLEY PICNIC BAG,PINK VINTAGE PAISLEY PICNIC BAG,GARDENERS KNEELING PAD KEEP CALM 
ENGLISH ROSE HOT WATER BOTTLE,HOT WATER BOTTLE TEA AND SYMPATHY,FAWN BLUE HOT WATER BOTTLE,KNITTED UNION FLAG HOT WATER BOTTLE,SCOTTIE DOG HOT WATER BOTTLE,RETROSPOT HEART HOT WATER BOTTLE
ENGLISH ROSE METAL WASTE BIN,PACK 4 FLOWER/BUTTERFLY PATCHES,JET BLACK LAS VEGAS BRACELET ROUND,"SILICON CUBE 25W, BLUE",SILVER FLOWR PINK SHELL NECKLACE,PURPLE FRANGIPANI NECKLACE
ENGLISH ROSE NOTEBOOK A6 SIZE,FLOWER PURPLE CLOCK WITH SUCKER,FOLDING CAMPING SCISSOR W/KNIF & S,BLACK PHOTO ALBUM ,FOLK ART METAL HEART T-LIGHT HOLDER,FLOWER BLUE CLOCK WITH SUCKER
ENGLISH ROSE NOTEBOOK A7 SIZE,FAIRY CAKES NOTEBOOK A7 SIZE,FAIRY CAKES NOTEBOOK A6 SIZE,SET OF 3 NOTEBOOKS IN PARCEL,ENGLISH ROSE NOTEBOOK A6 SIZE,12 PENCIL SMALL TUBE WOODLAND
ENGLISH ROSE SCENTED HANGING FLOWER,MINI PAINTED GARDEN DECORATION ,FLOWERS HANDBAG blue and orange,YELLOW PINK FLOWER DESIGN BIG BOWL,CARAVAN SQUARE TISSUE BOX,RED CHARLIE+LOLA PERSONAL DOORSIGN
ENGLISH ROSE SCENTED HANGING HEART,VINTAGE WOODEN BAR STOOL,SET OF 12 ROSE BOTANICAL T-LIGHTS,PINK METAL SWINGING BUNNY,SCHOOL DESK AND CHAIR ,50CM METAL STRING WITH  7 CLIPS
ENGLISH ROSE SMALL SCENTED FLOWER,3 BIRDS CANVAS SCREEN,BLUE POLKADOT KIDS BAG,POCKET BAG BLUE PAISLEY RED SPOT,STANDING FAIRY POLE SUPPORT ,CUTE BIRD CEATURE SCREEN
ENGLISH ROSE SPIRIT LEVEL ,ASS FLORAL PRINT MULTI SCREWDRIVER,ENGLISH ROSE GARDEN SECATEURS,VINTAGE BEAD PINK EVENING BAG,VINTAGE BEAD PINK PURSE ,JAZZ HEARTS ADDRESS BOOK
ENVELOPE 50 BLOSSOM IMAGES,BLOSSOM IMAGES GIFT WRAP SET,CURIOUS IMAGES GIFT WRAP SET,ROMANTIC IMAGES GIFT WRAP SET,YULETIDE IMAGES GIFT WRAP SET,SET OF 12  VINTAGE POSTCARD SET
ENVELOPE 50 CURIOUS IMAGES,FOLDING CAMPING SCISSOR W/KNIF & S,ORANGE FELT VASE + FLOWERS,PACK 4 FLOWER/BUTTERFLY PATCHES,LADLE LOVE HEART RED ,HEN HOUSE W CHICK IN NEST
ENVELOPE 50 ROMANTIC IMAGES,VINTAGE NOTEBOOK BEAUTY GIRL,FOLDING CAMPING SCISSOR W/KNIF & S,VINTAGE GLASS TEA CADDY,PINK NEW BAROQUE FLOCK CANDLESTICK,"PET MUG, GOLDFISH"
ESSENTIAL BALM 3.5g TIN IN ENVELOPE,CHERRY BLOSSOM PURSE,CURIOUS IMAGES SCRAP BOOK SET,FIRE POLISHED GLASS BRACELET BLACK,JADE CRYSTAL+GLASS BRACELET,WHITE ENAMEL FLOWER HAIR TIE
ETCHED GLASS COASTER,RED PURSE WITH PINK HEART,PURPLE ENAMEL+GLASS HAIR COMB,DIAMANTE HAIR GRIP PACK/2 LT ROSE,PINK JEWELLED MIRROR TRINKET TRAY,FAIRY SOAP SOAP HOLDER
EUCALYPTUS & PINECONE  WREATH,NEW BAROQUE BLACK BOXES,PURPLE ENAMEL+GLASS HAIR COMB,IVY HEART WREATH,NOEL GARLAND PAINTED ZINC ,SILVER CHRISTMAS TREE BAUBLE STAND 
FAIRY CAKE BIRTHDAY CANDLE SET,NEW BAROQUE B'FLY NECKLACE RED,STRAWBERRY CERAMIC TRINKET BOX,FAIRY CAKE FLANNEL ASSORTED COLOUR,POSTAGE,CERAMIC CAKE DESIGN SPOTTED PLATE
FAIRY CAKE DESIGN UMBRELLA,RED RETROSPOT UMBRELLA,BLACK/BLUE POLKADOT UMBRELLA,TROPICAL PASSPORT COVER ,WHITE FRANGIPANI NECKLACE,QUEEN OF THE SKIES HOLIDAY PURSE 
FAIRY CAKE FLANNEL ASSORTED COLOUR,LARGE CAKE TOWEL CHOCOLATE SPOTS,"SWISS ROLL TOWEL, CHOCOLATE  SPOTS",CHRISTMAS PUDDING TRINKET POT ,CREAM SLICE FLANNEL CHOCOLATE SPOT ,LARGE CAKE TOWEL PINK SPOTS
FAIRY CAKE NOTEBOOK A5 SIZE,TEA TIME BREAKFAST BASKET,BLUE CRUSOE CHECK LAMPSHADE,YELLOW/BLUE RETRO RADIO,GREEN MURANO TWIST NECKLACE,BLUE CHECK BAG W HANDLE 34X20CM
FAIRY CAKES NOTEBOOK A6 SIZE,FAIRY CAKES NOTEBOOK A7 SIZE,ENGLISH ROSE NOTEBOOK A7 SIZE,TEA TIME OVEN GLOVE,TEA TIME TEA SET IN GIFT BOX,SMALL CHOCOLATES PINK BOWL
FAIRY CAKES NOTEBOOK A7 SIZE,FAIRY CAKES NOTEBOOK A6 SIZE,ENGLISH ROSE NOTEBOOK A7 SIZE,SET 20 NAPKINS FAIRY CAKES DESIGN ,TEA TIME OVEN GLOVE,ENGLISH ROSE NOTEBOOK A6 SIZE
FAIRY DREAMS INCENSE ,TRANQUILITY MASALA INCENSE,WHITE SAGE INCENSE,DRAGONS BLOOD INCENSE,LOVE POTION MASALA INCENSE,ASSORTED INCENSE PACK
FAIRY SOAP SOAP HOLDER,HOT BATHS SOAP HOLDER,HELLO SAILOR BLUE SOAP HOLDER,SALLE DE BAIN HOOK,BATHROOM METAL SIGN,CRYSTAL PAIR HEART HAIR SLIDES
FAIRY TALE COTTAGE NIGHT LIGHT,RED TOADSTOOL LED NIGHT LIGHT,RABBIT NIGHT LIGHT,WOODLAND PARTY BAG + STICKER SET,MINI LIGHTS WOODLAND MUSHROOMS,FAIRY TALE COTTAGE NIGHTLIGHT
FAIRY TALE COTTAGE NIGHTLIGHT,RED TOADSTOOL LED NIGHT LIGHT,RABBIT NIGHT LIGHT,WOODLAND PARTY BAG + STICKER SET,PACK OF 12 DOILEY TISSUES,PLAYING CARDS VINTAGE DOILEY 
FAMILY ALBUM WHITE PICTURE FRAME,PICTURE FRAME WOOD TRIPLE PORTRAIT,3 HOOK PHOTO SHELF ANTIQUE WHITE,FAMILY PHOTO FRAME CORNICE,LARGE ANTIQUE WHITE PHOTO FRAME,WOODEN FRAME ANTIQUE WHITE 
FAMILY PHOTO FRAME CORNICE,TRIPLE PHOTO FRAME CORNICE ,PHOTO FRAME CORNICE,FAMILY ALBUM WHITE PICTURE FRAME,LARGE ANTIQUE WHITE PHOTO FRAME,PICTURE FRAME WOOD TRIPLE PORTRAIT
FAN BLACK FRAME ,PACK 4 FLOWER/BUTTERFLY PATCHES,PINK EASTER HENS+FLOWER,WHITE SAGE INCENSE,PINK BITTY LIGHT CHAIN,TRANQUILITY MASALA INCENSE
"FANCY FONT BIRTHDAY CARD, ",CARD BILLBOARD FONT,SWALLOWS GREETING CARD,FANCY FONTS BIRTHDAY WRAP,BANQUET BIRTHDAY  CARD  ,"BIRTHDAY CARD, RETRO SPOT"
FANCY FONTS BIRTHDAY WRAP,"FANCY FONT BIRTHDAY CARD, ",WRAP BILLBOARD FONTS DESIGN,RED RETROSPOT WRAP ,WRAP ENGLISH ROSE ,EMPIRE GIFT WRAP
FANNY'S REST STOPMETAL SIGN,NO SINGING METAL SIGN,HAND OVER THE CHOCOLATE   SIGN ,"AIRLINE LOUNGE,METAL SIGN",HOT BATHS METAL SIGN,COOK WITH WINE METAL SIGN 
FAUX FUR CHOCOLATE THROW,WHITE STONE/CRYSTAL EARRINGS,CROCHET LILAC/RED BEAR KEYRING,NECKLACE+BRACELET SET PINK DAISY,MIDNIGHT BLUE CRYSTAL DROP EARRINGS,GLASS BEAD HOOP EARRINGS BLACK
FAWN AND MUSHROOM GREETING CARD,CANNISTER VINTAGE LEAF DESIGN,BAKING MOULD CHOCOLATE CUP CAKES,BISCUIT TIN VINTAGE LEAF,CARD CIRCUS PARADE,CARD PARTY GAMES 
FAWN BLUE HOT WATER BOTTLE,WHITE SKULL HOT WATER BOTTLE ,SCOTTIE DOG HOT WATER BOTTLE,ENGLISH ROSE HOT WATER BOTTLE,CHICK GREY HOT WATER BOTTLE,HOT WATER BOTTLE TEA AND SYMPATHY
"FEATHER PEN,COAL BLACK","FEATHER PEN,HOT PINK","FEATHER PEN,LIGHT PINK",VINTAGE BEAD COSMETIC BAG ,TOXIC AREA  DOOR HANGER ,BATHROOM SET LOVE HEART DESIGN
"FEATHER PEN,HOT PINK","FEATHER PEN,COAL BLACK","FEATHER PEN,LIGHT PINK",JAZZ HEARTS PURSE NOTEBOOK,TOXIC AREA  DOOR HANGER ,WOOD STAMP SET THANK YOU
"FEATHER PEN,LIGHT PINK","FEATHER PEN,HOT PINK","FEATHER PEN,COAL BLACK",JAZZ HEARTS PURSE NOTEBOOK,SMALL MARSHMALLOWS PINK BOWL,SET OF 3 BIRD LIGHT PINK FEATHER 
FELT EGG COSY BLUE RABBIT ,FELT EGG COSY WHITE RABBIT ,FELT EGG COSY CHICKEN,PURPLE FRANGIPANI NECKLACE,EGG CUP NATURAL CHICKEN,DIAMANTE HAIR GRIP PACK/2 RUBY
FELT EGG COSY CHICKEN,FELT EGG COSY WHITE RABBIT ,FELT EGG COSY BLUE RABBIT ,CHERRY CROCHET FOOD COVER,EGG CUP NATURAL CHICKEN,FELT EGG COSY LADYBIRD 
FELT EGG COSY LADYBIRD ,QUEEN OF THE SKIES HOLIDAY PURSE ,FELT EGG COSY WHITE RABBIT ,LIGHT DECORATION BATTERY OPERATED,DOTCOM POSTAGE,PURPLE/TURQ FLOWERS HANDBAG
FELT EGG COSY WHITE RABBIT ,FELT EGG COSY CHICKEN,FELT EGG COSY BLUE RABBIT ,FELT EGG COSY LADYBIRD ,EGG CUP NATURAL CHICKEN,CHERRY CROCHET FOOD COVER
FELT FARM ANIMAL CHICKEN,FELT FARM ANIMAL RABBIT,FELT FARM ANIMAL SHEEP,FELT FARM ANIMAL HEN,DOORKNOB CRACKED GLAZE BLUE,PURPLE ENAMEL+GLASS HAIR COMB
FELT FARM ANIMAL HEN,FELT FARM ANIMAL RABBIT,FELT FARM ANIMAL SHEEP,FELT FARM ANIMAL CHICKEN,RABBIT EASTER DECORATION,BLACK GLASS BRACELET W HEART CHARMS
FELT FARM ANIMAL RABBIT,FELT FARM ANIMAL HEN,FELT FARM ANIMAL SHEEP,FELT FARM ANIMAL CHICKEN,RABBIT EASTER DECORATION,FELT FARM ANIMAL WHITE BUNNY 
FELT FARM ANIMAL SHEEP,FELT FARM ANIMAL RABBIT,FELT FARM ANIMAL HEN,FELT FARM ANIMAL CHICKEN,WRAP A PRETTY THANK YOU,FRYING PAN RED POLKADOT 
FELT FARM ANIMAL WHITE BUNNY ,FELT TOADSTOOL  SMALL,FELT FARM ANIMAL HEN,FELT TOADSTOOL LARGE,FELT FARM ANIMAL RABBIT,FELT FARM ANIMAL SHEEP
FELT TOADSTOOL  SMALL,FELT TOADSTOOL LARGE,FELT FARM ANIMAL WHITE BUNNY ,"SMALL POP BOX,FUNKY MONKEY",BASKET OF TOADSTOOLS,GLASS CAKE COVER AND PLATE
FELT TOADSTOOL LARGE,FELT TOADSTOOL  SMALL,WOODLAND MINI RUCKSACK ,BASKET OF TOADSTOOLS,FELT FARM ANIMAL WHITE BUNNY ,FELT FARM ANIMAL RABBIT
FELTCRAFT 6 FLOWER FRIENDS,FELTCRAFT BUTTERFLY HEARTS,3 STRIPEY MICE FELTCRAFT,PINK CREAM FELT CRAFT TRINKET BOX ,FELTCRAFT PRINCESS CHARLOTTE DOLL,FELTCRAFT CUSHION BUTTERFLY
FELTCRAFT BOY JEAN-PAUL KIT,FELTCRAFT GIRL AMELIE KIT,FELTCRAFT GIRL NICOLE KIT,RED FLORAL FELTCRAFT SHOULDER BAG,FELTCRAFT CHRISTMAS FAIRY,CHRISTMAS CRAFT LITTLE FRIENDS
FELTCRAFT BUTTERFLY HEARTS,FELTCRAFT 6 FLOWER FRIENDS,3 STRIPEY MICE FELTCRAFT,PINK CREAM FELT CRAFT TRINKET BOX ,FELTCRAFT DOLL ROSIE,FELTCRAFT PRINCESS CHARLOTTE DOLL
FELTCRAFT CHRISTMAS FAIRY,FELTCRAFT PRINCESS OLIVIA DOLL,FELTCRAFT PRINCESS CHARLOTTE DOLL,FELTCRAFT PRINCESS LOLA DOLL,CHRISTMAS CRAFT LITTLE FRIENDS,CHRISTMAS CRAFT WHITE FAIRY 
FELTCRAFT CUSHION BUTTERFLY,FELTCRAFT CUSHION RABBIT,FELTCRAFT CUSHION OWL,RED FLORAL FELTCRAFT SHOULDER BAG,PINK FLORAL FELTCRAFT SHOULDER BAG,PINK CREAM FELT CRAFT TRINKET BOX 
FELTCRAFT CUSHION OWL,FELTCRAFT CUSHION RABBIT,FELTCRAFT CUSHION BUTTERFLY,RED FLORAL FELTCRAFT SHOULDER BAG,FELTCRAFT PRINCESS CHARLOTTE DOLL,PINK FLORAL FELTCRAFT SHOULDER BAG
FELTCRAFT CUSHION RABBIT,FELTCRAFT CUSHION BUTTERFLY,FELTCRAFT CUSHION OWL,RED FLORAL FELTCRAFT SHOULDER BAG,PINK FLORAL FELTCRAFT SHOULDER BAG,FELTCRAFT BUTTERFLY HEARTS
FELTCRAFT DOLL EMILY,FELTCRAFT DOLL ROSIE,FELTCRAFT DOLL MOLLY,FELTCRAFT PRINCESS CHARLOTTE DOLL,FELTCRAFT PRINCESS LOLA DOLL,FELTCRAFT PRINCESS OLIVIA DOLL
FELTCRAFT DOLL MARIA,FELTCRAFT DOLL ROSIE,FELTCRAFT DOLL EMILY,FELTCRAFT DOLL MOLLY,FELTCRAFT PRINCESS OLIVIA DOLL,PINK FLORAL FELTCRAFT SHOULDER BAG
FELTCRAFT DOLL MOLLY,FELTCRAFT DOLL ROSIE,FELTCRAFT DOLL EMILY,FELTCRAFT PRINCESS CHARLOTTE DOLL,FELTCRAFT PRINCESS LOLA DOLL,PINK FLORAL FELTCRAFT SHOULDER BAG
FELTCRAFT DOLL ROSIE,FELTCRAFT DOLL EMILY,FELTCRAFT DOLL MOLLY,FELTCRAFT PRINCESS CHARLOTTE DOLL,PINK FLORAL FELTCRAFT SHOULDER BAG,FELTCRAFT BUTTERFLY HEARTS
FELTCRAFT GIRL AMELIE KIT,FELTCRAFT GIRL NICOLE KIT,FELTCRAFT BOY JEAN-PAUL KIT,FELTCRAFT PRINCESS CHARLOTTE DOLL,FELTCRAFT PRINCESS LOLA DOLL,FELTCRAFT DOLL MOLLY
FELTCRAFT GIRL NICOLE KIT,FELTCRAFT GIRL AMELIE KIT,FELTCRAFT BOY JEAN-PAUL KIT,FELTCRAFT DOLL ROSIE,FELTCRAFT PRINCESS LOLA DOLL,3 STRIPEY MICE FELTCRAFT
FELTCRAFT HAIRBAND PINK AND BLUE,FELTCRAFT HAIRBAND RED AND BLUE,FELTCRAFT HAIRBAND PINK AND PURPLE,FELTCRAFT HAIRBANDS PINK AND WHITE ,RED FLORAL FELTCRAFT SHOULDER BAG,FELTCRAFT BUTTERFLY HEARTS
FELTCRAFT HAIRBAND PINK AND PURPLE,FELTCRAFT HAIRBANDS PINK AND WHITE ,FELTCRAFT HAIRBAND PINK AND BLUE,FELTCRAFT HAIRBAND RED AND BLUE,FELTCRAFT CUSHION BUTTERFLY,PINK BLUE FELT CRAFT TRINKET BOX
FELTCRAFT HAIRBAND RED AND BLUE,FELTCRAFT HAIRBAND PINK AND BLUE,FELTCRAFT HAIRBAND PINK AND PURPLE,FELTCRAFT HAIRBANDS PINK AND WHITE ,PINK FLORAL FELTCRAFT SHOULDER BAG,RED FLORAL FELTCRAFT SHOULDER BAG
FELTCRAFT HAIRBANDS PINK AND WHITE ,FELTCRAFT HAIRBAND PINK AND PURPLE,FELTCRAFT HAIRBAND PINK AND BLUE,FELTCRAFT HAIRBAND RED AND BLUE,PINK CREAM FELT CRAFT TRINKET BOX ,FELTCRAFT BUTTERFLY HEARTS
FELTCRAFT PRINCESS CHARLOTTE DOLL,FELTCRAFT PRINCESS LOLA DOLL,FELTCRAFT PRINCESS OLIVIA DOLL,FELTCRAFT DOLL ROSIE,FELTCRAFT CHRISTMAS FAIRY,FELTCRAFT DOLL MOLLY
FELTCRAFT PRINCESS LOLA DOLL,FELTCRAFT PRINCESS CHARLOTTE DOLL,FELTCRAFT PRINCESS OLIVIA DOLL,FELTCRAFT CHRISTMAS FAIRY,FELTCRAFT DOLL ROSIE,FELTCRAFT DOLL EMILY
FELTCRAFT PRINCESS OLIVIA DOLL,FELTCRAFT PRINCESS LOLA DOLL,FELTCRAFT PRINCESS CHARLOTTE DOLL,FELTCRAFT CHRISTMAS FAIRY,FELTCRAFT DOLL EMILY,FELTCRAFT DOLL ROSIE
FENG SHUI PILLAR CANDLE,PINK STRING CURTAIN WITH POLE,ORIGAMI SANDLEWOOD INCENSE/CAND SET,COLUMBIAN CANDLE ROUND,VANILLA INCENSE IN TIN,PORCELAIN BUDAH INCENSE HOLDER
FILIGREE DIAMANTE EARRINGS,IVORY SHELL HEART EARRINGS,BLUE/NAT SHELL NECKLACE W PENDANT,PINK/WHITE GLASS DEMI CHOKER,SILVER/MOP ORBIT NECKLACE,SILVER M.O.P ORBIT DROP EARRINGS
FILIGREE HEART BIRD WHITE ,FILIGREE HEART DAISY WHITE,FILIGREE HEART BUTTERFLY WHITE ,HEART IVORY TRELLIS SMALL,HEART IVORY TRELLIS LARGE,LOVEBIRD HANGING DECORATION WHITE 
FILIGREE HEART BUTTERFLY WHITE ,FILIGREE HEART DAISY WHITE,FILIGREE HEART BIRD WHITE ,FILIGRIS HEART WITH BUTTERFLY,HEART IVORY TRELLIS SMALL,HEART FILIGREE DOVE  SMALL
FILIGREE HEART DAISY WHITE,FILIGREE HEART BUTTERFLY WHITE ,FILIGREE HEART BIRD WHITE ,HEART IVORY TRELLIS SMALL,FILIGRIS HEART WITH BUTTERFLY,HANGING HEART MIRROR DECORATION 
FILIGRIS HEART WITH BUTTERFLY,HEART FILIGREE DOVE  SMALL,HEART IVORY TRELLIS SMALL,HEART FILIGREE DOVE LARGE,LOVEBIRD HANGING DECORATION WHITE ,HEART DECORATION WITH PEARLS 
FINE SILVER NECKLACE W PASTEL FLOWE,IVORY SHELL HEART NECKLACE,DOTCOM POSTAGE,SILVER/M.O.P PENDANT ORBIT NECKLACE,MIRRORED WALL ART FOXY,WAY OUT METAL SIGN 
FINE WICKER HEART ,HEART OF WICKER SMALL,HEART OF WICKER LARGE,ZINC METAL HEART DECORATION,WHITE HANGING HEART T-LIGHT HOLDER,SET OF 6 SPICE TINS PANTRY DESIGN
FIRE POLISHED GLASS BRACELET BLACK,JADE CRYSTAL+GLASS BRACELET,WHITE ENAMEL FLOWER HAIR TIE,GREEN ENAMEL FLOWER HAIR TIE,WHITE MURANO TWIST BRACELET,PINK CRYSTAL+GLASS BRACELET
FIRE POLISHED GLASS BRACELET GREEN,FIRE POLISHED GLASS BRACELET MONTAN,FIRE POLISHED GLASS BRACELET RED,GOLD M.O.P ORBIT BRACELET,"FLOWER GLASS GARLAND NECKL.36""GREEN",FLOWER GARLAND NECKLACE RED
FIRE POLISHED GLASS BRACELET MONTAN,FIRE POLISHED GLASS BRACELET RED,FIRE POLISHED GLASS BRACELET GREEN,SMALL CHINESE STYLE SCISSOR,BLUE PAPER PARASOL ,LARGE CHINESE STYLE SCISSOR
FIRE POLISHED GLASS BRACELET RED,FIRE POLISHED GLASS BRACELET RED,FIRE POLISHED GLASS BRACELET GREEN,SMALL CHINESE STYLE SCISSOR,BLUE PAPER PARASOL ,LARGE CHINESE STYLE SCISSOR
FIRE POLISHED GLASS NECKL BRONZE,FRESHWATER PEARL BRACELET GOLD,"PEARL & SHELL 42""NECKL. GREEN",FIRE POLISHED GLASS NECKL GOLD,BLACK FINE BEAD NECKLACE W TASSEL,AMBER CHUNKY GLASS+BEAD NECKLACE
FIRE POLISHED GLASS NECKL GOLD,FRESHWATER PEARL BRACELET GOLD,FIRE POLISHED GLASS NECKL GOLD,PALE PINK/AMETHYST STONE NECKLACE,AMBER FINE BEAD NECKLACE W TASSEL,TEAL/FUSCHIA COL BEAD NECKLACE
FIRST AID TIN,EMERGENCY FIRST AID TIN ,PHARMACIE FIRST AID TIN,SET 12 RETRO WHITE CHALK STICKS,VINTAGE CREAM DOG FOOD CONTAINER,TRAVEL CARD WALLET KEEP CALM
FIRST CLASS HOLIDAY PURSE ,QUEEN OF THE SKIES HOLIDAY PURSE ,FUNKY MONKEY MUG,GLASS CAKE COVER AND PLATE,HOT WATER BOTTLE BABUSHKA LARGE,HEN HOUSE W CHICK IN NEST
FIRST CLASS LUGGAGE TAG ,QUEEN OF SKIES LUGGAGE TAG,ECONOMY LUGGAGE TAG,FIRST CLASS PASSPORT COVER ,TROPICAL LUGGAGE TAG,RED RETROSPOT LUGGAGE TAG
FIRST CLASS PASSPORT COVER ,QUEEN OF THE SKIES PASSPORT COVER ,VIP PASSPORT COVER ,FIRST CLASS LUGGAGE TAG ,TROPICAL PASSPORT COVER ,QUEEN OF THE SKIES HOLIDAY PURSE 
FIVE CATS HANGING DECORATION,FIVE HEART HANGING DECORATION,MOBILE VINTAGE HEARTS ,BIRDS MOBILE VINTAGE DESIGN,BLUE OWL SOFT TOY,BLUE BIRDHOUSE DECORATION
FIVE HEART HANGING DECORATION,MOBILE VINTAGE HEARTS ,FIVE CATS HANGING DECORATION,BIRDS MOBILE VINTAGE DESIGN,MEMO BOARD COTTAGE DESIGN,GINGHAM HEART DECORATION
FLAG OF ST GEORGE ,FLAG OF ST GEORGE CAR FLAG,PINK ACRYLIC JEWEL SNOWFLAKE,FLAG OF ST GEORGE CHAIR,"S/4 ICON COASTER,ELVIS LIVES",UNION FLAG WINDSOCK
FLAG OF ST GEORGE CAR FLAG,FLAG OF ST GEORGE CHAIR,FLAG OF ST GEORGE ,GREEN/BLUE FLOWER DESIGN BIG MUG,BLUE/YELLOW FLOWER DESIGN BIG MUG,YELLOW/PINK FLOWER DESIGN BIG MUG
FLAG OF ST GEORGE CHAIR,PURPLE FRANGIPANI HAIRCLIP,FLAG OF ST GEORGE CAR FLAG,PINK ACRYLIC JEWEL SNOWFLAKE,FLAG OF ST GEORGE ,BLACK FLOWER CANDLE PLATE
FLAMES SUNGLASSES PINK LENSES,GOLD APERITIF GLASS,BIRD ON BRANCH CANVAS SCREEN,JAM JAR WITH BLUE LID,NUMBER TILE VINTAGE FONT No ,NUMBER TILE VINTAGE FONT 0
FLOOR CUSHION ELEPHANT CARNIVAL,SQUARE FLOOR CUSHION VINTAGE RED,ELEPHANT CARNIVAL POUFFE,TRIANGULAR POUFFE VINTAGE ,EIGHT PIECE CREEPY CRAWLIE SET,FOLDING CAMPING SCISSOR W/KNIF & S
FLOOR LAMP SHADE WOOD BASE,TABLE LAMP WHITE SHADE WOOD BASE,RETRO BROWN BALL ASHTRAY ,PINK/WHITE RIBBED MELAMINE JUG,RETRO PINK BALL ASHTRAY ,CONGRATULATIONS BUNTING
FLORAL BATHROOM SET,HELLO SAILOR BATHROOM SET,PACK 4 FLOWER/BUTTERFLY PATCHES,LAZER CUT NECKLACE W PASTEL BEADS,GOLD/M.O.P PENDANT ORBIT NECKLACE,IVORY WIRE SWEETHEART LETTER TRAY
FLORAL BLUE MONSTER,SET/3 TALL GLASS CANDLE HOLDER PINK,METAL BASE FOR CANDLES,CROCHET BEAR RED/BLUE  KEYRING,GREEN  DIAMANTE PEN IN GIFT BOX,CANDY SPOT BUNNY
FLORAL FOLK STATIONERY SET,MODERN FLORAL STATIONERY SET,VINTAGE PAISLEY STATIONERY SET,BOHEMIAN COLLAGE STATIONERY SET,JAZZ HEARTS PURSE NOTEBOOK,BLOSSOM IMAGES GIFT WRAP SET
FLORAL PINK MONSTER,BLUE/YELLOW CERAMIC CANDLE HOLDER,PURPLE/BLUE CERAMIC CANDLE HOLDER,NEW BAROQUE B'FLY NECKLACE GREEN,NEW BAROQUE B'FLY NECKLACE CRYSTAL,GREEN/BLUE CERAMIC CANDLE HOLDER
FLORAL SOFT CAR TOY,HEN HOUSE W CHICK IN NEST,DIAMANTE HAIR GRIP PACK/2 CRYSTAL,DIAMANTE HAIR GRIP PACK/2 PERIDOT,DROP DIAMANTE EARRINGS GREEN,DECROTIVEVINTAGE COFFEE GRINDER BOX
FLOWER BLUE CLOCK WITH SUCKER,FLOWER PURPLE CLOCK WITH SUCKER,PASTEL BLUE PHOTO ALBUM ,ROUND ARTICULATED PINK CLOCK W/SUCK,ROUND BLUE CLOCK WITH SUCKER,JAM JAR WITH BLUE LID
FLOWER BURST SILVER RING CRYSTAL,WHITE GLASS CHUNKY CHARM BRACELET,IVORY SHELL HEART EARRINGS,NEW BAROQUE B'FLY NECKLACE PINK,PINK/WHITE GLASS DEMI CHOKER,BLUE/NAT SHELL NECKLACE W PENDANT
FLOWER FAIRY 5 DRAWER LINERS,CLASSIC DIAMANTE EARRINGS JET,DAISY HAIR COMB,PURPLE ENAMEL FLOWER HAIR TIE,PINK DAISY BAG CHARM,DIAMANTE HAIR GRIP PACK/2 CRYSTAL
FLOWER FAIRY 5 SUMMER DRAW LINERS,VINTAGE JINGLE BELLS WREATH,ASS COLOUR GLOWING TIARAS,PAPER LANTERN 9 POINT SNOW STAR ,PAPERWEIGHT SAVE THE PLANET,SET OF 6 RIBBONS PERFECTLY PRETTY  
FLOWER FAIRY INCENSE BOUQUET,ORANGE FLOWER MUG ,JAM JAR WITH BLUE LID,GOLD APERITIF GLASS,BIRD ON BRANCH CANVAS SCREEN,CANNABIS LEAF BEAD CURTAIN
"FLOWER FAIRY,5 SUMMER B'DRAW LINERS",BLUE GINGHAM ROSE CUSHION COVER,PACK 4 FLOWER/BUTTERFLY PATCHES,ORANGE FLOWER MUG ,SET/3 FLORAL GARDEN TOOLS IN BAG,"RETRO PILL BOX , REVOLUTIONARY"
FLOWER GARLAND NECKLACE RED,"FLOWER GLASS GARLAND NECKL.36""GREEN",GOLD/AMBER DROP EARRINGS W LEAF,SILVER/CRYSTAL DROP EARRINGS W LEAF,IVORY SHELL HEART EARRINGS,GREEN DROP EARRINGS W BEAD CLUSTER
"FLOWER GLASS GARLAND NECKL.36""BLACK",GLASS BEAD HOOP NECKLACE BLACK,"FLOWER GLASS GARLD NECKL36""TURQUOIS",CROCHET DOG KEYRING,BLUE/GREEN SHELL NECKLACE W PENDANT,SILVER/CRYSTAL DROP EARRINGS W LEAF
"FLOWER GLASS GARLAND NECKL.36""BLUE",SET OF 3 PINK FLYING DUCKS,SILVER/BLACK ORBIT NECKLACE,"FLOWER GLASS GARLAND NECKL.36""BLACK",PURPLE ACRYLIC FACETED BANGLE,PINK SWEETHEART BRACELET
"FLOWER GLASS GARLAND NECKL.36""GREEN",FLOWER GARLAND NECKLACE RED,GLASS BEAD HOOP NECKLACE BLACK,GOLD/AMBER DROP EARRINGS W LEAF,SILVER/CRYSTAL DROP EARRINGS W LEAF,GREEN DROP EARRINGS W BEAD CLUSTER
"FLOWER GLASS GARLD NECKL36""AMETHYST",IVORY SHELL HEART EARRINGS,LIGHT DECORATION BATTERY OPERATED,PINK/WHITE GLASS DEMI CHOKER,BAROQUE BUTTERFLY EARRINGS CRYSTAL,BLUE/NAT SHELL NECKLACE W PENDANT
"FLOWER GLASS GARLD NECKL36""TURQUOIS","FLOWER GLASS GARLD NECKL36""TURQUOIS",CROCHET DOG KEYRING,CROCHET BEAR RED/BLUE  KEYRING,5 STRAND GLASS NECKLACE BLACK,"FLOWER GLASS GARLAND NECKL.36""BLACK"
FLOWER PURPLE CLOCK W/SUCKER,RED PURSE WITH PINK HEART,PINK CAT FLORAL CUSHION COVER ,ORIGAMI OPIUM INCENSE/CANDLE SET ,YELLOW FLOWERS FELT HANDBAG KIT,WINE BOTTLE DRESSING LT.BLUE
FLOWER PURPLE CLOCK WITH SUCKER,FLOWER BLUE CLOCK WITH SUCKER,PASTEL BLUE PHOTO ALBUM ,ROUND ARTICULATED PINK CLOCK W/SUCK,BLUE BREAKFAST CUP AND SAUCER ,PASTEL PINK PHOTO ALBUM 
FLOWER SHOP DESIGN MUG,YELLOW DRAGONFLY HELICOPTER,NECKLACE+BRACELET SET BLUE HIBISCUS,ASSORTED TUTTI FRUTTI LARGE PURSE,ADULT APRON APPLE DELIGHT,EGG FRYING PAN PINK 
FLOWER VINE RAFFIA FOOD COVER,STRAWBERRY RAFFIA FOOD COVER,PINK FLOWER CROCHET FOOD COVER,RED FLOWER CROCHET FOOD COVER,POLKA DOT RAFFIA FOOD COVER,CHERRY CROCHET FOOD COVER
FLOWERS  STICKERS,BUTTERFLIES STICKERS,HEARTS  STICKERS,BLUE GREEN EMBROIDERY COSMETIC BAG,PINK HEART RED HANDBAG,SKULLS  STICKERS
FLOWERS CHANDELIER T-LIGHT HOLDER,BEADED CHANDELIER T-LIGHT HOLDER,IVORY CHANDELIER T-LIGHT HOLDER,MARIE ANTOINETTE TRINKET BOX GOLD,PURPLE FRANGIPANI NECKLACE,CINDERELLA CHANDELIER 
FLOWERS HANDBAG blue and orange,BLUE MONTE CARLO HANDBAG,PINK FLOCK PHOTO FRAME ,YELLOW/ORANGE FLOWER DESIGN PLATE,POP ART PUSH DOWN RUBBER ,BLUE STRIPES SHOULDER BAG
FLOWERS TILE COASTER,WAKE UP COCKEREL TILE COASTER,LA PALMIERA TILE COASTER,DECROTIVEVINTAGE COFFEE GRINDER BOX,PSYCHEDELIC TILE COASTER,LIGHT PINK FLOCK GLASS CANDLEHOLDER
FLOWERS TILE HOOK,WAKE UP COCKEREL TILE HOOK,MIRRORED WALL ART TABLE LAMP,ROUND ARTICULATED PINK CLOCK W/SUCK,CLASSICAL ROSE TABLE LAMP,BLUE BREAKFAST CUP AND SAUCER 
FLUTED ANTIQUE CANDLE HOLDER,T-LIGHT GLASS FLUTED ANTIQUE,VINTAGE GLASS T-LIGHT HOLDER,ANTIQUE SILVER TEA GLASS ENGRAVED,ANTIQUE ALL GLASS CANDLESTICK,BLUE VICTORIAN FABRIC OVAL BOX
FLYING PIG WATERING CAN,WATERING CAN GREEN DINOSAUR,WATERING CAN BLUE ELEPHANT,PURPLE FRANGIPANI NECKLACE,WHITE FRANGIPANI NECKLACE,EIGHT PIECE CREEPY CRAWLIE SET
FOLDING BUTTERFLY MIRROR HOT PINK ,FOLDING BUTTERFLY MIRROR IVORY ,FOLDING BUTTERFLY MIRROR RED  ,REVOLVER WOODEN RULER ,RABBIT NIGHT LIGHT,BUNDLE OF 3 SCHOOL EXERCISE BOOKS  
FOLDING BUTTERFLY MIRROR IVORY ,FOLDING BUTTERFLY MIRROR RED  ,FOLDING BUTTERFLY MIRROR HOT PINK ,REVOLVER WOODEN RULER ,I LOVE LONDON BEAKER,PINK JEWELLED MIRROR TRINKET TRAY
FOLDING BUTTERFLY MIRROR RED  ,FOLDING BUTTERFLY MIRROR IVORY ,FOLDING BUTTERFLY MIRROR HOT PINK ,DOLLCRAFT BOY JEAN-PAUL ,GOLD WASHBAG,SET 12 COLOUR PENCILS SPACEBOY 
FOLDING CAMPING SCISSOR W/KNIF & S,PACK 4 FLOWER/BUTTERFLY PATCHES,ST GEORGE SET OF 10 PARTY LIGHTS,WRAP GREEN RUSSIAN FOLKART ,"SILICON CUBE 25W, BLUE",VINTAGE NOTEBOOK BEAUTY GIRL
FOLDING MIRROR HOT PINK ,PLAYING CARDS VINTAGE DOILEY ,MINITURE ANTIQUE ROSE HOOK IVORY,"WALL ART,ONLY ONE PERSON ", I LOVE LONDON MINI RUCKSACK,SET 12 COLOURING PENCILS DOILEY
FOLDING MIRROR IVORY ,FOLDING MIRROR IVORY ,"WALL ART,ONLY ONE PERSON ",PACK OF 12 DOILEY TISSUES,PLAYING CARDS VINTAGE DOILEY ,"WALL ART , LOVES' SECRET "
FOLDING MIRROR RED  ,FOLDING MIRROR IVORY ,"WALL ART,ONLY ONE PERSON ",PACK OF 12 DOILEY TISSUES,PLAYING CARDS VINTAGE DOILEY ,"WALL ART , LOVES' SECRET "
FOLDING SHOE TIDY,MILK BOTTLE WITH GLASS STOPPER ,FROG CANDLE,LARGE STRIPES CHOCOLATE GIFT BAG,SHOE SHINE BOX ,BOTANICAL ROSE GREETING CARD
FOLDING UMBRELLA BLACKBLUE POLKADOT,FOLDING UMBRELLA RED/WHITE POLKADOT,FOLDING UMBRELLA CHOCOLATE POLKADOT,FOLDING UMBRELLA PINKWHITE POLKADOT,FOLDING UMBRELLA WHITE/RED POLKADOT,FOLDING UMBRELLA CREAM POLKADOT
FOLDING UMBRELLA CHOCOLATE POLKADOT,FOLDING UMBRELLA BLACKBLUE POLKADOT,FOLDING UMBRELLA RED/WHITE POLKADOT,FOLDING UMBRELLA CREAM POLKADOT,FOLDING UMBRELLA PINKWHITE POLKADOT,MIRROR LOVE BIRD T-LIGHT HOLDER
FOLDING UMBRELLA CREAM POLKADOT,FOLDING UMBRELLA WHITE/RED POLKADOT,FOLDING UMBRELLA PINKWHITE POLKADOT,FOLDING UMBRELLA RED/WHITE POLKADOT,FOLDING UMBRELLA BLACKBLUE POLKADOT,FOLDING UMBRELLA CHOCOLATE POLKADOT
FOLDING UMBRELLA PINKWHITE POLKADOT,FOLDING UMBRELLA RED/WHITE POLKADOT,FOLDING UMBRELLA WHITE/RED POLKADOT,FOLDING UMBRELLA CREAM POLKADOT,FOLDING UMBRELLA BLACKBLUE POLKADOT,FOLDING UMBRELLA CHOCOLATE POLKADOT
FOLDING UMBRELLA RED/WHITE POLKADOT,FOLDING UMBRELLA BLACKBLUE POLKADOT,FOLDING UMBRELLA WHITE/RED POLKADOT,FOLDING UMBRELLA PINKWHITE POLKADOT,FOLDING UMBRELLA CHOCOLATE POLKADOT,FOLDING UMBRELLA CREAM POLKADOT
FOLDING UMBRELLA WHITE/RED POLKADOT,FOLDING UMBRELLA RED/WHITE POLKADOT,FOLDING UMBRELLA PINKWHITE POLKADOT,FOLDING UMBRELLA CREAM POLKADOT,FOLDING UMBRELLA BLACKBLUE POLKADOT,WHITE STONE/CRYSTAL EARRINGS
"FOLK ART GREETING CARD,pack/12",PACK/12 BLUE FOLKART CARDS,SET/3 FLORAL GARDEN TOOLS IN BAG,60 GOLD AND SILVER FAIRY CAKE CASES,ROBOT MUG IN DISPLAY BOX,HANGING BUTTERFLY  EGG
FOLK ART METAL HEART T-LIGHT HOLDER,FOLK ART METAL STAR T-LIGHT HOLDER,PINK STOCKING CHRISTMAS DECORATION,FOLKART CHRISTMAS TREE T-LIGHT HOLD,PURPLE FRANGIPANI NECKLACE,ROUND PURPLE CLOCK WITH SUCKER
FOLK ART METAL STAR T-LIGHT HOLDER,FOLK ART METAL HEART T-LIGHT HOLDER,FOLKART CHRISTMAS TREE T-LIGHT HOLD,PASTEL BLUE PHOTO ALBUM ,ROUND ARTICULATED PINK CLOCK W/SUCK,FOLKART CLIP ON STARS
FOLK FELT HANGING MULTICOL GARLAND,PACK 4 FLOWER/BUTTERFLY PATCHES,BEACH HUT MIRROR,DROP DIAMANTE EARRINGS BLACK DIAMON,SILVER FLOWR PINK SHELL NECKLACE,S/3 POT POURI CUSHIONS BLUE COLOURS
FOLKART CHRISTMAS TREE T-LIGHT HOLD,PINK CRYSTAL SKULL PHONE CHARM,PINK VINTAGE VICTORIAN EARRINGS,WHITE WITH BLACK CATS PLATE,"LETTER ""N"" BLING KEY RING",HEN HOUSE WITH CHICK STANDING
FOLKART CLIP ON STARS,FOLK ART METAL HEART T-LIGHT HOLDER,FOLK ART METAL STAR T-LIGHT HOLDER,METAL RABBIT LADDER EASTER ,SET OF 4 CAROUSEL PLACEMATS ,IVORY SCULPTED RND CANDLE 
FOLKART HEART NAPKIN RINGS,PURPLE FRANGIPANI NECKLACE,FOLK ART METAL HEART T-LIGHT HOLDER,DIAMANTE HAIR GRIP PACK/2 RUBY,DIAMANTE HAIR GRIP PACK/2 MONTANA,DIAMANTE HAIR GRIP PACK/2 BLACK DIA
FOLKART STAR CHRISTMAS DECORATIONS,WOODEN STAR CHRISTMAS SCANDINAVIAN,SMALL FOLKART STAR CHRISTMAS DEC,FOLK ART METAL HEART T-LIGHT HOLDER,WOODEN HEART CHRISTMAS SCANDINAVIAN,STAR DECORATION PAINTED ZINC 
FOLKART ZINC HEART CHRISTMAS DEC,HEART DECORATION PAINTED ZINC ,HEART IVORY TRELLIS SMALL,IVORY HANGING DECORATION  HEART,ZINC METAL HEART DECORATION,HEART IVORY TRELLIS LARGE
FOLKART ZINC STAR CHRISTMAS DEC,PACK 4 FLOWER/BUTTERFLY PATCHES,ST GEORGE SET OF 10 PARTY LIGHTS,S/3 POT POURI CUSHIONS BLUE COLOURS,"SILICON CUBE 25W, BLUE",DROP DIAMANTE EARRINGS BLACK DIAMON
FOOD CONTAINER SET 3 LOVE HEART ,LARGE HEART MEASURING SPOONS,SMALL HEART MEASURING SPOONS,PINK LOVE HEART SHAPE CUP,LOVE HEART SOCK HANGER,PINK  HEART SHAPE LOVE BUCKET 
"FOOD COVER WITH BEADS , SET 2 SIZES","GREETING CARD, OVERCROWDED POOL.",SMALL BONNE JAM JAR  T-LIGHT HOLDER,SET/6 GREEN SPRING PAPER CUPS,IVORY CHANDELIER T-LIGHT HOLDER,SINGLE WIRE HOOK IVORY HEART
FOOD COVER WITH BEADS SET 2 ,SET OF 60 PANTRY DESIGN CAKE CASES ,JAM MAKING SET PRINTED,SET OF 36 DOILIES PANTRY DESIGN,SPOTTY BUNTING,PANTRY ROLLING PIN
FOOD/DRINK SPONGE STICKERS,ANIMAL STICKERS,CANDY SHOP  STICKER SHEET,CROCHET WHITE RABBIT KEYRING ,PARTY TIME PENCIL ERASERS,PINK BITTY LIGHT CHAIN
FOOT STOOL HOME SWEET HOME ,STOOL HOME SWEET HOME ,HOME SWEET HOME CUSHION COVER ,SET OF 2 TRAYS HOME SWEET HOME, TRELLIS COAT RACK,BELLE JARDINIERE CUSHION COVER
FORKED CACTUS CANDLE,COFFEE MUG BLUE PAISLEY DESIGN,2 DAISIES HAIR COMB,PINK DAISY BAG CHARM,CLASSIC DIAMANTE EARRINGS JET,PINK & WHITE ROSEBUD RING
FOUR HOOK  WHITE LOVEBIRDS,CREAM CUPID HEARTS COAT HANGER,METAL 4 HOOK HANGER FRENCH CHATEAU,LOVEBIRD HANGING DECORATION WHITE ,HEART DECORATION PAINTED ZINC ,TRIPLE HOOK ANTIQUE IVORY ROSE
FOUR RABBIT EASTER DECORATIONS,GIRLY PINK TOOL SET,ASSORTED COLOURED CIRCLE MOBILE ,ASSORTED CAKES FRIDGE MAGNETS,BUNNY EGG BOX,VINTAGE NOTEBOOK BEAUTY GIRL
FRAPPUCINO SCARF KNITTING KIT,MIDNIGHT GLAMOUR SCARF KNITTING KIT,VINTAGE PHOTO ALBUM PARIS DAYS,ROUND ARTICULATED PINK CLOCK W/SUCK,SMALL CHOCOLATES PINK BOWL,PING MICROWAVE APRON
FREESTYLE CANVAS ART PICTURE,BIRD ON BRANCH CANVAS SCREEN,JAM JAR WITH BLUE LID,GOLD APERITIF GLASS,THE KING GIFT BAG,UNION FLAG WINDSOCK
FRENCH BATHROOM SIGN BLUE METAL,FRENCH TOILET SIGN BLUE METAL,FRENCH KITCHEN SIGN BLUE METAL,FRENCH WC SIGN BLUE METAL,FRENCH LAUNDRY SIGN BLUE METAL,FRENCH GARDEN SIGN BLUE METAL
FRENCH BLUE METAL DOOR SIGN 0,FRENCH BLUE METAL DOOR SIGN 4,FRENCH BLUE METAL DOOR SIGN 2,FRENCH BLUE METAL DOOR SIGN 7,FRENCH BLUE METAL DOOR SIGN 6,FRENCH BLUE METAL DOOR SIGN 1
FRENCH BLUE METAL DOOR SIGN 1,FRENCH BLUE METAL DOOR SIGN 5,FRENCH BLUE METAL DOOR SIGN 2,FRENCH BLUE METAL DOOR SIGN 4,FRENCH BLUE METAL DOOR SIGN 7,FRENCH BLUE METAL DOOR SIGN 0
FRENCH BLUE METAL DOOR SIGN 2,FRENCH BLUE METAL DOOR SIGN 4,FRENCH BLUE METAL DOOR SIGN 7,FRENCH BLUE METAL DOOR SIGN 1,FRENCH BLUE METAL DOOR SIGN 5,FRENCH BLUE METAL DOOR SIGN 0
FRENCH BLUE METAL DOOR SIGN 3,FRENCH BLUE METAL DOOR SIGN 7,FRENCH BLUE METAL DOOR SIGN 4,FRENCH BLUE METAL DOOR SIGN 8,FRENCH BLUE METAL DOOR SIGN 2,FRENCH BLUE METAL DOOR SIGN 5
FRENCH BLUE METAL DOOR SIGN 4,FRENCH BLUE METAL DOOR SIGN 7,FRENCH BLUE METAL DOOR SIGN 2,FRENCH BLUE METAL DOOR SIGN 8,FRENCH BLUE METAL DOOR SIGN 0,FRENCH BLUE METAL DOOR SIGN 5
FRENCH BLUE METAL DOOR SIGN 5,FRENCH BLUE METAL DOOR SIGN 1,FRENCH BLUE METAL DOOR SIGN 4,FRENCH BLUE METAL DOOR SIGN 7,FRENCH BLUE METAL DOOR SIGN 8,FRENCH BLUE METAL DOOR SIGN 2
FRENCH BLUE METAL DOOR SIGN 6,FRENCH BLUE METAL DOOR SIGN 7,FRENCH BLUE METAL DOOR SIGN 8,FRENCH BLUE METAL DOOR SIGN 4,FRENCH BLUE METAL DOOR SIGN 2,FRENCH BLUE METAL DOOR SIGN 0
FRENCH BLUE METAL DOOR SIGN 7,FRENCH BLUE METAL DOOR SIGN 4,FRENCH BLUE METAL DOOR SIGN 2,FRENCH BLUE METAL DOOR SIGN 8,FRENCH BLUE METAL DOOR SIGN 5,FRENCH BLUE METAL DOOR SIGN 1
FRENCH BLUE METAL DOOR SIGN 8,FRENCH BLUE METAL DOOR SIGN 4,FRENCH BLUE METAL DOOR SIGN 7,FRENCH BLUE METAL DOOR SIGN 5,FRENCH BLUE METAL DOOR SIGN 6,FRENCH BLUE METAL DOOR SIGN 9
FRENCH BLUE METAL DOOR SIGN 9,FRENCH BLUE METAL DOOR SIGN 4,FRENCH BLUE METAL DOOR SIGN 8,FRENCH BLUE METAL DOOR SIGN 7,FRENCH BLUE METAL DOOR SIGN 0,FRENCH BLUE METAL DOOR SIGN 2
FRENCH BLUE METAL DOOR SIGN No,FRENCH BLUE METAL DOOR SIGN 1,FRENCH BLUE METAL DOOR SIGN 8,FRENCH BLUE METAL DOOR SIGN 4,FRENCH BLUE METAL DOOR SIGN 9,FRENCH BLUE METAL DOOR SIGN 0
FRENCH CARRIAGE LANTERN,PURPLE FRANGIPANI NECKLACE,LANTERN CREAM GAZEBO ,MIRROR CORNICE,WHITE METAL LANTERN,HEART MINI PORTRAIT FRAME
FRENCH CHATEAU LARGE FRUIT BOWL ,FRENCH CHATEAU SMALL FRUITBOWL,MUMMY MOUSE RED GINGHAM RIBBON,FRENCH CHATEAU OVAL PLATTER,FRENCH CHATEAU LARGE PLATTER ,"LETTER ""R"" BLING KEY RING"
FRENCH CHATEAU LARGE PLATTER ,FRENCH CHATEAU SMALL FRUITBOWL,FRENCH CHATEAU OVAL PLATTER,FRENCH CHATEAU LARGE FRUIT BOWL ,MODERN VINTAGE COTTON SHOPPING BAG,BIRD ON BRANCH CANVAS SCREEN
FRENCH CHATEAU OVAL PLATTER,FRENCH CHATEAU SMALL FRUITBOWL,ORANGE FLOWER MUG ,FRENCH CHATEAU LARGE FRUIT BOWL ,FRENCH CHATEAU LARGE PLATTER ,RED PURSE WITH PINK HEART
FRENCH CHATEAU SMALL FRUITBOWL,FRENCH CHATEAU LARGE FRUIT BOWL ,FRENCH CHATEAU OVAL PLATTER,FRENCH CHATEAU LARGE PLATTER ,MUMMY MOUSE RED GINGHAM RIBBON,RED PURSE WITH PINK HEART
FRENCH ENAMEL CANDLEHOLDER,ENAMEL WASH BOWL CREAM,FRENCH ENAMEL WATER BASIN,ENAMEL FLOWER JUG CREAM,ZINC WILLIE WINKIE  CANDLE STICK,HANGING HEART JAR T-LIGHT HOLDER
FRENCH ENAMEL POT W LID,FRENCH ENAMEL WATER BASIN,ENAMEL WASH BOWL CREAM,ENAMEL FLOWER JUG CREAM,ENAMEL MEASURING JUG CREAM,POTTING SHED SEED ENVELOPES
FRENCH ENAMEL UTENSIL HOLDER,"GARLAND, MAGIC GARDEN 1.8M",DROP DIAMANTE EARRINGS GREEN,DOORKNOB CERAMIC IVORY,LARGE BLACK DIAMANTE HAIRSLIDE,DAISY HAIR COMB
FRENCH ENAMEL WATER BASIN,FRENCH ENAMEL POT W LID,ENAMEL WASH BOWL CREAM,ENAMEL MEASURING JUG CREAM,FRENCH ENAMEL CANDLEHOLDER,QUEEN OF THE SKIES HOLIDAY PURSE 
FRENCH FLORAL CUSHION COVER ,FRENCH PAISLEY CUSHION COVER ,FRENCH LATTICE CUSHION COVER ,FRENCH PAISLEY CUSHION COVER,VINTAGE BEAD PINK PURSE ,PURPLE FRANGIPANI NECKLACE
FRENCH GARDEN SIGN BLUE METAL,FRENCH KITCHEN SIGN BLUE METAL,FRENCH LAUNDRY SIGN BLUE METAL,FRENCH TOILET SIGN BLUE METAL,FRENCH BATHROOM SIGN BLUE METAL,FRENCH WC SIGN BLUE METAL
FRENCH KITCHEN SIGN BLUE METAL,FRENCH BATHROOM SIGN BLUE METAL,FRENCH TOILET SIGN BLUE METAL,FRENCH GARDEN SIGN BLUE METAL,FRENCH LAUNDRY SIGN BLUE METAL,FRENCH WC SIGN BLUE METAL
FRENCH LATTICE CUSHION COVER ,FRENCH FLORAL CUSHION COVER ,FRENCH PAISLEY CUSHION COVER ,CANNABIS LEAF BEAD CURTAIN,PINK/PURPLE CIRCLE CURTAIN,QUEEN OF THE SKIES HOLIDAY PURSE 
FRENCH LAUNDRY SIGN BLUE METAL,FRENCH BATHROOM SIGN BLUE METAL,FRENCH KITCHEN SIGN BLUE METAL,FRENCH GARDEN SIGN BLUE METAL,FRENCH WC SIGN BLUE METAL,FRENCH TOILET SIGN BLUE METAL
FRENCH LAVENDER SCENT HEART,FRENCH FLORAL CUSHION COVER ,SMALL PARISIENNE HEART PHOTO FRAME ,HEART DECORATION RUSTIC HANGING ,LAVENDER SCENTED FABRIC HEART,LARGE TORTILLA DESIGN RED BOWL
FRENCH PAISLEY CUSHION COVER,CHERRY BLOSSOM TABLE CLOCK ,FRENCH FLORAL CUSHION COVER ,FRENCH PAISLEY CUSHION COVER ,IVORY SCULPTED RND CANDLE ,PACK 4 FLOWER/BUTTERFLY PATCHES
FRENCH PAISLEY CUSHION COVER ,FRENCH FLORAL CUSHION COVER ,FRENCH LATTICE CUSHION COVER ,FRENCH PAISLEY CUSHION COVER,SILVER FLOWR PINK SHELL NECKLACE,RUBY DROP CHANDELIER EARRINGS
FRENCH STYLE EMBOSSED HEART CABINET,CHEST 7 DRAWER MA CAMPAGNE,CUPBOARD 3 DRAWER MA CAMPAGNE,CHEST OF DRAWERS GINGHAM HEART ,CURIO CABINET LINEN AND LACE ,GREEN ROUND COMPACT MIRROR
FRENCH STYLE STORAGE JAR BONBONS,FRENCH STYLE STORAGE JAR CAFE ,RED POLKADOT BEAKER ,TEATIME PUSH DOWN RUBBER,RED  EGG  SPOON,PURPLE DRESS JEWELLERY STAND
FRENCH STYLE STORAGE JAR CAFE ,FRENCH STYLE STORAGE JAR JAM,FRENCH STYLE STORAGE JAR BONBONS,DECORATIVE CATS BATHROOM BOTTLE,METAL DECORATION NAUGHTY CHILDREN ,4 PEAR BOTANICAL DINNER CANDLES
FRENCH STYLE STORAGE JAR JAM,FRENCH STYLE STORAGE JAR CAFE ,LA PALMIERA TILE HOOK,4 PEAR BOTANICAL DINNER CANDLES,MISELTOE HEART WREATH CREAM,SET/5 RED SPOTTY LID GLASS BOWLS
FRENCH TOILET SIGN BLUE METAL,FRENCH BATHROOM SIGN BLUE METAL,FRENCH KITCHEN SIGN BLUE METAL,FRENCH WC SIGN BLUE METAL,FRENCH GARDEN SIGN BLUE METAL,FRENCH LAUNDRY SIGN BLUE METAL
FRENCH WC SIGN BLUE METAL,FRENCH BATHROOM SIGN BLUE METAL,FRENCH TOILET SIGN BLUE METAL,FRENCH KITCHEN SIGN BLUE METAL,FRENCH LAUNDRY SIGN BLUE METAL,TOILET SIGN OCCUPIED OR VACANT
FRESHWATER PEARL BRACELET GOLD,FRESHWATER PEARL BRACELET GOLD,FIRE POLISHED GLASS NECKL GOLD,PALE PINK/AMETHYST STONE NECKLACE,AMBER FINE BEAD NECKLACE W TASSEL,TEAL/FUSCHIA COL BEAD NECKLACE
FRIDGE MAGNETS LA VIE EN ROSE,FRIDGE MAGNETS LES ENFANTS ASSORTED,FRIDGE MAGNETS US DINER ASSORTED,ASSORTED BOTTLE TOP  MAGNETS ,ASSTD FRUIT+FLOWERS FRIDGE MAGNETS,SILVER FLOWR PINK SHELL NECKLACE
FRIDGE MAGNETS LES ENFANTS ASSORTED,FRIDGE MAGNETS LA VIE EN ROSE,FRIDGE MAGNETS US DINER ASSORTED,ASSORTED BOTTLE TOP  MAGNETS ,ASSTD FRUIT+FLOWERS FRIDGE MAGNETS,METAL DECORATION NAUGHTY CHILDREN 
FRIDGE MAGNETS US DINER ASSORTED,FRIDGE MAGNETS LES ENFANTS ASSORTED,FRIDGE MAGNETS LA VIE EN ROSE,ASSORTED BOTTLE TOP  MAGNETS ,SET OF 5 PANCAKE DAY MAGNETS,ASSTD FRUIT+FLOWERS FRIDGE MAGNETS
FROG CANDLE,LIGHT DECORATION BATTERY OPERATED,LADLE LOVE HEART RED ,CRACKED GLAZE EARRINGS BROWN,SET/6 FROG PRINCE T-LIGHT CANDLES,BLACK CRYSTAL DROP EARRINGS
FROG KING WATERING CAN,PINK POLKADOT KIDS BAG,FUNKY MONKEY MUG,BLACK FLOWER CANDLE PLATE,"LETTER ""V"" BLING KEY RING",RED WHITE SCARF  HOT WATER BOTTLE
FROG SOCK PUPPET,PINK HORSE SOCK PUPPET,BLUE SHARK HELICOPTER,CANDY SPOT TEA COSY,CANNISTER VINTAGE LEAF DESIGN,BAKING MOULD CHOCOLATE CUP CAKES
FROSTED WHITE BASE ,PURPLE FRANGIPANI NECKLACE,DIAMANTE HAIR GRIP PACK/2 BLACK DIA,DIAMANTE HAIR GRIP PACK/2 MONTANA,DIAMOND LAS VEGAS NECKLACE 45CM,WHITE FRANGIPANI NECKLACE
FRUIT SALAD BAG CHARM,PURPLE FRANGIPANI HAIRCLIP,WHITE WITH METAL BAG CHARM,GREEN WITH METAL BAG CHARM,CRYSTAL STILETTO PHONE CHARM,COPPER AND BRASS BAG CHARM
FRUIT TREE AND BIRDS WALL PLAQUE,TURQ ICE CREAM BUM BAG ,NUMBER TILE VINTAGE FONT 2,SMALL KITCHEN FLOWER POTS PLAQUE,CHERRY BLOSSOM TABLE CLOCK ,CAKE STAND VICTORIAN FILIGREE LARGE
FRYING PAN BLUE POLKADOT,MILK PAN BLUE POLKADOT,FRYING PAN PINK POLKADOT,FRYING PAN RED RETROSPOT,MILK PAN RED RETROSPOT,FAIRY SOAP SOAP HOLDER
FRYING PAN PINK POLKADOT,FRYING PAN BLUE POLKADOT,MILK PAN BLUE POLKADOT,FRYING PAN RED RETROSPOT,MILK PAN RED RETROSPOT,MILK PAN PINK POLKADOT
FRYING PAN RED POLKADOT ,MISELTOE HEART WREATH CREAM,PEG BAG APPLE DESIGN,SET/5 RED SPOTTY LID GLASS BOWLS,FRYING PAN RED POLKADOT ,WRAP A PRETTY THANK YOU
FRYING PAN RED RETROSPOT,MILK PAN RED RETROSPOT,FRYING PAN PINK POLKADOT,MILK PAN BLUE POLKADOT,FRYING PAN BLUE POLKADOT,RED RETROSPOT OVEN GLOVE DOUBLE
FRYING PAN UNION FLAG,FRYING PAN PINK POLKADOT,ASSTD RASTA KEY-CHAINS,MILK PAN RED RETROSPOT,MILK PAN BLUE POLKADOT,BLUE DISCO HANDBAG
FULL ENGLISH BREAKFAST PLATE,PIZZA PLATE IN BOX,LOCAL CAFE MUG,SANDWICH BATH SPONGE,SET OF 5 MINI GROCERY MAGNETS,PING! MICROWAVE PLATE
FUNKY DIVA PEN,POLKADOT PEN,PACK OF 72 RETROSPOT CAKE CASES,JUMBO BAG DOILEY PATTERNS,PAPER CHAIN KIT 50'S CHRISTMAS ,LUNCH BAG RED RETROSPOT
FUNKY FLOWER PICNIC BAG FOR 4,ROBOT MUG IN DISPLAY BOX,WOODEN BOX ADVENT CALENDAR ,PINK B'FLY C/COVER W BOBBLES,HOLLY TOP CHRISTMAS STOCKING,MOROCCAN BEATEN METAL DISH LARGE
FUNKY MONKEY CUSHION COVER,SMALL POP BOX FUNKY MONKEY,JAM JAR WITH BLUE LID,HEN HOUSE W CHICK IN NEST,POLYESTER FILLER PAD 60x40cm,BIRD ON BRANCH CANVAS SCREEN
FUNKY MONKEY GIFT BAG MEDIUM,THE KING GIFT BAG,PURPLE FRANGIPANI HAIRCLIP,BAROQUE BUTTERFLY EARRINGS CRYSTAL,GIFT BAG BIRTHDAY,THE KING GIFT BAG 25x24x12cm
FUNKY MONKEY MUG,PINK POLKADOT KIDS BAG,FROG KING WATERING CAN,RED WHITE SCARF  HOT WATER BOTTLE,BLACK FLOWER CANDLE PLATE,"LETTER ""V"" BLING KEY RING"
FUNKY WASHING UP GLOVES ASSORTED,BLUE POLKADOT WASHING UP GLOVES,RETROSPOT RED WASHING UP GLOVES,SET OF 4 PANTRY JELLY MOULDS,RECIPE BOX RETROSPOT ,PANTRY MAGNETIC  SHOPPING LIST
FUSCHIA FLOWER PURSE WITH BEADS,BLUE FLOWER DES PURSE,CROCHET WHITE RABBIT KEYRING ,PURPLE DRESS JEWELLERY STAND,ORIGAMI OPIUM INCENSE/CANDLE SET ,DROP DIAMANTE EARRINGS GREEN
FUSCHIA RETRO BAR STOOL,VINTAGE BEAD PINK JEWEL STAND,PINK CRYSTAL GUITAR PHONE CHARM,RABBIT EASTER DECORATION,ROSE COLOUR PAIR HEART HAIR SLIDES,MULTICOLOUR EASTER RABBIT 
FUSCHIA TABLE RUN FLOWER ,"GARLAND, MAGIC GARDEN 1.8M",MONTANA DIAMOND CLUSTER EARRINGS,DIAMANTE HAIR GRIP PACK/2 CRYSTAL,ORANGE PENDANT TRIPLE SHELL NECKLAC,DIAMANTE HAIR GRIP PACK/2 PERIDOT
FUSCHIA VOILE POINTY SHOE DEC,PURPLE FRANGIPANI NECKLACE,WHITE FRANGIPANI NECKLACE,DIAMANTE HAIR GRIP PACK/2 LT ROSE,DIAMANTE HAIR GRIP PACK/2 BLACK DIA,DIAMANTE HAIR GRIP PACK/2 MONTANA
GAOLERS KEYS DECORATIVE GARDEN ,HOME BUILDING BLOCK WORD,LOVE BUILDING BLOCK WORD,WOODEN PICTURE FRAME WHITE FINISH,WOODEN FRAME ANTIQUE WHITE ,ZINC HERB GARDEN CONTAINER
GARAGE KEY FOB,"KEY FOB , BACK DOOR ","KEY FOB , SHED","KEY FOB , FRONT  DOOR ","KEY FOB , GARAGE DESIGN",KITCHEN METAL SIGN
GARDEN METAL SIGN ,WAY OUT METAL SIGN ,WHITE BEADED GARLAND STRING 20LIGHT,ENVELOPE 50 ROMANTIC IMAGES,VINTAGE GLASS TEA CADDY,FINE SILVER NECKLACE W PASTEL FLOWE
GARDEN PATH JOURNAL,CHRYSANTHEMUM  JOURNAL,BLUE PAISLEY JOURNAL ,GREEN FERN JOURNAL ,DAISY JOURNAL ,ABSTRACT CIRCLE JOURNAL 
GARDEN PATH NOTEBOOK ,CHRYSANTHEMUM NOTEBOOK,PINK POLKADOT KIDS BAG,SET OF 3 PINK FLYING DUCKS,FUNKY MONKEY MUG,SCOTTIES CHILDRENS APRON
GARDEN PATH POCKET BOOK,ABSTRACT CIRCLES POCKET BOOK,CHRYSANTHEMUM POCKET BOOK ,GREEN FERN POCKET BOOK,BLUE PAISLEY POCKET BOOK,RED DAISY POCKET BOOK 
GARDEN PATH SKETCHBOOK,ABSTRACT CIRCLES SKETCHBOOK ,CHRYSANTHEMUM SKETCHBOOK ,DAISY SKETCHBOOK ,BLUE PAISLEY SKETCHBOOK,GREEN FERN SKETCHBOOK 
GARDENERS KNEELING PAD CUP OF TEA ,GARDENERS KNEELING PAD KEEP CALM ,KNEELING MAT HOUSEWORK  DESIGN,HOT WATER BOTTLE KEEP CALM,DOORMAT KEEP CALM AND COME IN,LARGE WHITE HEART OF WICKER
GARDENERS KNEELING PAD KEEP CALM ,GARDENERS KNEELING PAD CUP OF TEA ,KNEELING MAT HOUSEWORK  DESIGN,HOT WATER BOTTLE KEEP CALM,DOORMAT KEEP CALM AND COME IN,POTTERING IN THE SHED METAL SIGN
GARDENIA 1 WICK MORRIS BOXED CANDLE,GARDENIA 3 WICK MORRIS BOXED CANDLE,ROSE 1 WICK MORRIS BOXED CANDLE,CHOCOLATE 1 WICK MORRIS BOX CANDLE,CHOCOLATE 3 WICK MORRIS BOX CANDLE,ROSE 3 WICK MORRIS BOX CANDLE
GARDENIA 3 WICK MORRIS BOXED CANDLE,GARDENIA 1 WICK MORRIS BOXED CANDLE,ROSE 3 WICK MORRIS BOX CANDLE,3 GARDENIA MORRIS BOXED CANDLES,CHOCOLATE 3 WICK MORRIS BOX CANDLE,ROSE 1 WICK MORRIS BOXED CANDLE
GARLAND WITH HEARTS AND BELLS,GARLAND WITH STARS AND BELLS,GLITTER HEART GARLAND WITH BELLS ,PASTEL BLUE PHOTO ALBUM ,LAUREL STAR ANTIQUE SILVER ,BLUE TRAVEL FIRST AID KIT
GARLAND WITH STARS AND BELLS,GARLAND WITH HEARTS AND BELLS,GLITTER HEART GARLAND WITH BELLS ,LAUREL STAR ANTIQUE SILVER ,GLITTER CHRISTMAS HEART ,GLITTER STAR GARLAND WITH BELLS 
GARLAND WOODEN HAPPY EASTER,HANGING SPRING FLOWER EGG LARGE,DECORATION WHITE CHICK MAGIC GARDEN,SET 3 PAPER VINTAGE CHICK PAPER EGG,SET OF 6 T-LIGHTS EASTER CHICKS,EASTER CRAFT 4 CHICKS 
"GARLAND, MAGIC GARDEN 1.8M",DROP DIAMANTE EARRINGS GREEN,DOORKNOB CERAMIC IVORY,LARGE BLACK DIAMANTE HAIRSLIDE,DIAMANTE HAIR GRIP PACK/2 CRYSTAL,DIAMANTE HAIR GRIP PACK/2 PERIDOT
"GARLAND, VINTAGE BELLS","WALL ART ,PUDDINGS ",VINTAGE ENGRAVED HEART,LARGE JEWELLERY STAND,ALUMINIUM HEART,VINTAGE JINGLE BELLS WREATH
GEMSTONE CHANDELIER T-LIGHT HOLDER,PAPER LANTERN 5 POINT STUDDED STAR,BELL HEART ANTIQUE GOLD,CRYSTAL CHANDELIER T-LIGHT HOLDER,PAPER LANTERN 9 POINT HOLLY STAR 23,ALUMINIUM HEART
GENTLEMAN SHIRT REPAIR KIT ,VICTORIAN SEWING KIT,SEWING SUSAN 21 NEEDLE SET,BASKET OF FLOWERS SEWING KIT,DELUXE SEWING KIT ,TRAVEL SEWING KIT
GEORGIAN TRINKET BOX,ANTIQUE GLASS DRESSING TABLE POT,MARIE ANTOINETTE TRINKET BOX SILVER,REGENCY TEA SPOON,REGENCY TEAPOT ROSES ,TALL ROCOCO CANDLE HOLDER
GIANT 50'S CHRISTMAS CRACKER,BOX OF 6 MINI 50'S CRACKERS,BOX OF 6 MINI VINTAGE CRACKERS,PAPER CHAIN KIT 50'S CHRISTMAS ,PAPER CHAIN KIT VINTAGE CHRISTMAS,GINGERBREAD MAN COOKIE CUTTER
GIANT MEDINA STAMPED METAL BOWL ,SWEETHEART CARRY-ALL BASKET,FRENCH ENAMEL UTENSIL HOLDER,ZINC TOP  2 DOOR WOODEN SHELF ,"RETRO ""TEA FOR ONE"" ",METAL TUBE CHIME ON BAMBOO
GIFT BAG BIRTHDAY,GIFT BAG PSYCHEDELIC APPLES,FUNKY MONKEY GIFT BAG MEDIUM,WRAP ALPHABET POSTER  ,BUBBLEGUM RING ASSORTED,SPACEBOY GIFT WRAP
GIFT BAG LARGE 50'S CHRISTMAS,GIFT BAG LARGE SPOT ,GIFT BAG LARGE VINTAGE CHRISTMAS,BUFFALO BILL WALL ART ,HORSE & PONY WALL ART,50'S CHRISTMAS PAPER GIFT BAG
GIFT BAG LARGE SPOT ,GIFT BAG LARGE 50'S CHRISTMAS,GIFT BAG LARGE VINTAGE CHRISTMAS,SMALL PARLOUR FRAME,MEDIUM PARLOUR FRAME ,LARGE PARLOUR FRAME
GIFT BAG LARGE VINTAGE CHRISTMAS,GIFT BAG LARGE SPOT ,SET 36 COLOUR PENCILS DOILEY,VINTAGE CHRISTMAS PAPER GIFT BAG,LARGE PARLOUR FRAME,CLASSIC CROME BICYCLE BELL 
GIFT BAG PSYCHEDELIC APPLES,GIFT BAG BIRTHDAY,CARD PSYCHEDELIC APPLES,RUBY DROP CHANDELIER EARRINGS,SILVER FLOWR PINK SHELL NECKLACE,PURPLE FRANGIPANI NECKLACE
GIN & TONIC DIET GREETING CARD ,BOOZE & WOMEN GREETING CARD ,BANK ACCOUNT  GREETING  CARD ,CARD BILLBOARD FONT,CARD WEDDING DAY,"BIRTHDAY CARD, RETRO SPOT"
GIN + TONIC DIET METAL SIGN,COOK WITH WINE METAL SIGN ,PLEASE ONE PERSON METAL SIGN,HAND OVER THE CHOCOLATE   SIGN ,METAL SIGN TAKE IT OR LEAVE IT ,CHOCOLATE THIS WAY METAL SIGN
GIN AND TONIC DIET METAL SIGN,N0 SINGING METAL SIGN,PLEASE ONE PERSON METAL SIGN,COOK WITH WINE METAL SIGN ,HAND OVER THE CHOCOLATE   SIGN ,BEWARE OF THE CAT METAL SIGN 
GIN AND TONIC MUG,GLAMOROUS  MUG,I CAN ONLY PLEASE ONE PERSON MUG,GIN + TONIC DIET METAL SIGN,IF YOU CAN'T STAND THE HEAT MUG,POTTERING MUG
GINGERBREAD MAN COOKIE CUTTER,SET OF 3 HEART COOKIE CUTTERS,SET OF 3 BUTTERFLY COOKIE CUTTERS,SET OF 4 PANTRY JELLY MOULDS,SET OF 20 KIDS COOKIE CUTTERS,3 PIECE SPACEBOY COOKIE CUTTER SET
GINGHAM BABUSHKA DOORSTOP,RETROSPOT BABUSHKA DOORSTOP,DOORSTOP RACING CAR DESIGN,SET OF 4 CAROUSEL PLACEMATS ,DOORSTOP FOOTBALL DESIGN,CERAMIC STRAWBERRY DESIGN MUG
GINGHAM HEART  DOORSTOP RED,DOORSTOP RETROSPOT HEART,ROSE CARAVAN DOORSTOP,VINTAGE UNION JACK DOORSTOP,HEART OF WICKER SMALL,HEART OF WICKER LARGE
GINGHAM HEART DECORATION,CHRISTMAS GINGHAM TREE,CHRISTMAS GINGHAM STAR,WOODEN HEART CHRISTMAS SCANDINAVIAN,WOODEN STAR CHRISTMAS SCANDINAVIAN,HOME SWEET HOME HANGING HEART
GINGHAM OVEN GLOVE RED HEART ,CRYSTAL PAIR HEART HAIR SLIDES,SPRIG LAVENDER ARTIFICIAL FLOWER,LAVENDER SCENT CAKE CANDLE,4 ROSE PINK DINNER CANDLES,PINK HORSE SOCK PUPPET KIT
GINGHAM RECIPE BOOK BOX,LETTER HOLDER HOME SWEET HOME,SET OF 12 T-LIGHTS VINTAGE DOILEY,RETROSPOT HEART HOT WATER BOTTLE,GREY HEART HOT WATER BOTTLE,HOT WATER BOTTLE KEEP CALM
GINGHAM ROSE WRAP,WRAP DOILEY DESIGN,WRAP VINTAGE PETALS  DESIGN,PINK POLKADOT WRAP ,RED RETROSPOT WRAP ,PENNY FARTHING BIRTHDAY CARD
GIRAFFE WOODEN RULER,REVOLVER WOODEN RULER ,BUNDLE OF 3 SCHOOL EXERCISE BOOKS  ,WOODEN SCHOOL COLOURING SET,POPPY'S PLAYHOUSE KITCHEN,HAPPY STENCIL CRAFT
GIRLS ALPHABET IRON ON PATCHES ,BOYS ALPHABET IRON ON PATCHES,YULETIDE IMAGES S/6 PAPER BOXES,MULTI HEARTS  STICKERS,CAKE SHOP  STICKER SHEET,CHAMPAGNE TRAY BLANK CARD
GIRLS VINTAGE TIN SEASIDE BUCKET,BOYS VINTAGE TIN SEASIDE BUCKET,RED METAL BEACH SPADE ,PACK OF 6 SANDCASTLE FLAGS ASSORTED,SET 12 KIDS COLOUR  CHALK STICKS,VINTAGE SEASIDE JIGSAW PUZZLES
GIRLY PINK TOOL SET,BLUE FLOCK CUSHION COVER ,VINTAGE NOTEBOOK BEAUTY GIRL,BLUE BREAKFAST CUP AND SAUCER ,VINTAGE NOTEBOOK TRAVELOGUE,PINK GAUZE BUTTERFLY LAMPSHADE
GLAMOROUS  MUG,GIN AND TONIC MUG,IF YOU CAN'T STAND THE HEAT MUG,KINGS CHOICE MUG,POTTERING MUG,SAVE THE PLANET MUG
GLASS  BEURRE DISH,JARDIN ETCHED GLASS CHEESE DISH,ENAMEL MEASURING JUG CREAM,VINTAGE GLASS COFFEE CADDY,RED KITCHEN SCALES,MILK BOTTLE WITH GLASS STOPPER 
GLASS  SONGBIRD STORAGE JAR,GLASS APOTHECARY BOTTLE PERFUME,GLASS APOTHECARY BOTTLE TONIC,GLASS APOTHECARY BOTTLE ELIXIR,REGENCY SUGAR BOWL GREEN,REGENCY MILK JUG PINK 
GLASS AND BEADS BRACELET IVORY,GLASS AND PAINTED BEADS BRACELET OL,MURANO STYLE GLASS BRACELET RED,MURANO STYLE GLASS BRACELET GOLD,BLUE MURANO TWIST BRACELET,GREEN MURANO TWIST BRACELET
GLASS AND PAINTED BEADS BRACELET OL,GLASS AND PAINTED BEADS BRACELET OL,MURANO STYLE GLASS BRACELET RED,MURANO STYLE GLASS BRACELET GOLD,BLUE MURANO TWIST BRACELET,GREEN MURANO TWIST BRACELET
GLASS AND PAINTED BEADS BRACELET TO,BLACK CRYSTAL DROP EARRINGS,PURPLE LAS VEGAS BRACELET ROUND,SILVER BLACK ORBIT BRACELET,SILVER BLACK ORBIT DROP EARRINGS,DECROTIVEVINTAGE COFFEE GRINDER BOX
GLASS APOTHECARY BOTTLE ELIXIR,GLASS APOTHECARY BOTTLE TONIC,GLASS APOTHECARY BOTTLE PERFUME,LAVENDER TOILETTE BOTTLE,GLASS JAR PEACOCK BATH SALTS,GLASS JAR KINGS CHOICE
GLASS APOTHECARY BOTTLE PERFUME,GLASS APOTHECARY BOTTLE TONIC,GLASS APOTHECARY BOTTLE ELIXIR,LAVENDER TOILETTE BOTTLE,GLASS JAR PEACOCK BATH SALTS,GLASS JAR DAISY FRESH COTTON WOOL
GLASS APOTHECARY BOTTLE TONIC,GLASS APOTHECARY BOTTLE PERFUME,GLASS APOTHECARY BOTTLE ELIXIR,LAVENDER TOILETTE BOTTLE,GLASS JAR PEACOCK BATH SALTS,GLASS JAR KINGS CHOICE
GLASS BEAD HOOP EARRINGS AMETHYST,GLASS BEAD HOOP EARRINGS AMETHYST,MURANO STYLE GLASS BRACELET RED,MURANO STYLE GLASS BRACELET BLACK,GREEN MURANO TWIST BRACELET,VINTAGE ROSE BEAD BRACELET RASPBERR
GLASS BEAD HOOP EARRINGS BLACK,GLASS BEAD HOOP EARRINGS AMETHYST,MURANO STYLE GLASS BRACELET RED,MURANO STYLE GLASS BRACELET BLACK,GREEN MURANO TWIST BRACELET,VINTAGE ROSE BEAD BRACELET RASPBERR
GLASS BEAD HOOP NECKLACE AMETHYST,GLASS BEAD HOOP NECKLACE MONTANA,NEW BAROQUE B'FLY NECKLACE CRYSTAL,NEW BAROQUE B'FLY NECKLACE GREEN,MIDNIGHT BLUE COPPER FLOWER NECKLAC,SILVER/BLACK ORBIT NECKLACE
GLASS BEAD HOOP NECKLACE BLACK,GLASS BEAD HOOP NECKLACE BLACK,ANTIQUE RASPBERRY FLOWER EARRINGS,GOLD/AMBER DROP EARRINGS W LEAF,SILVER/CRYSTAL DROP EARRINGS W LEAF,NEW BAROQUE SMALL NECKLACE BLACK
GLASS BEAD HOOP NECKLACE GREEN,NEW BAROQUE B'FLY NECKLACE CRYSTAL,NEW BAROQUE B'FLY NECKLACE GREEN,MIDNIGHT BLUE COPPER FLOWER NECKLAC,GLASS BEAD HOOP NECKLACE MONTANA,CRACKED GLAZE NECKLACE IVORY
GLASS BEAD HOOP NECKLACE MONTANA,GLASS BEAD HOOP NECKLACE AMETHYST,NEW BAROQUE B'FLY NECKLACE CRYSTAL,NEW BAROQUE B'FLY NECKLACE GREEN,SILVER/BLACK ORBIT NECKLACE,GLASS BEAD HOOP NECKLACE GREEN
GLASS BELL JAR LARGE,GLASS BELL JAR SMALL,GLASS BELL JAR LARGE,SET 3 WICKER OVAL BASKETS W LIDS,BULL DOG BOTTLE TOP WALL CLOCK,YELLOW GIANT GARDEN THERMOMETER
GLASS BELL JAR SMALL,GLASS BELL JAR SMALL,GLASS BELL JAR LARGE,SET 3 WICKER OVAL BASKETS W LIDS,BULL DOG BOTTLE TOP WALL CLOCK,YELLOW GIANT GARDEN THERMOMETER
GLASS BON BON JAR,SMALL GLASS HEART TRINKET POT,ANTIQUE GLASS DRESSING TABLE POT,ANTIQUE TALL SWIRLGLASS TRINKET POT,REGENCY TEAPOT ROSES ,REGENCY SUGAR BOWL GREEN
GLASS BONNE JAM JAR,2 DAISIES HAIR COMB,BLACK GLASS BRACELET W HEART CHARMS,MONTANA DIAMOND CLUSTER EARRINGS,ORANGE PENDANT TRIPLE SHELL NECKLAC,PURPLE ENAMEL FLOWER HAIR TIE
GLASS CAKE COVER AND PLATE,GLASS CAKE COVER AND PLATE,ORANGE FELT VASE + FLOWERS,HEN HOUSE W CHICK IN NEST,TURQ ICE CREAM BUM BAG ,DUSTY PINK CHRISTMAS TREE 60CM
GLASS CHALICE BLUE SMALL ,GLASS CHALICE GREEN  SMALL ,SMALL PINK GLASS SUNDAE DISH,GLASS CHALICE GREEN  LARGE ,GREEN WIRE STANDING CANDLE HOLDER,YELLOW/ORANGE FLOWER DESIGN PLATE
GLASS CHALICE GREEN  LARGE ,SMALL CHUNKY GLASS ROMAN  BOWL,GLASS CHALICE GREEN  SMALL ,GLASS CHALICE BLUE SMALL ,LARGE PINK GLASS SUNDAE DISH,SMALL GLASS SUNDAE DISH CLEAR
GLASS CHALICE GREEN  SMALL ,GLASS CHALICE BLUE SMALL ,PINK FLOCK PHOTO FRAME ,BLUE MONTE CARLO HANDBAG,SCALLOP SHELL SOAP DISH,GLASS CHALICE GREEN  LARGE 
GLASS CLOCHE LARGE,GLASS CLOCHE SMALL,PORCELAIN ROSE LARGE ,WAY OUT METAL SIGN ,PINK CHERRY BLOSSOM CUP & SAUCER,ZINC PLANT POT HOLDER
GLASS CLOCHE SMALL,GLASS CLOCHE LARGE,PORCELAIN ROSE LARGE ,VINTAGE ENAMEL & CRYSTAL EARRINGS,BLUE EGG  SPOON,SILVER FLOWR PINK SHELL NECKLACE
GLASS HEART T-LIGHT HOLDER ,SMALL GLASS HEART TRINKET POT,ANTIQUE SILVER TEA GLASS ENGRAVED,PLACE SETTING WHITE HEART,HANGING HEART JAR T-LIGHT HOLDER,GLASS BON BON JAR
GLASS JAR DAISY FRESH COTTON WOOL,GLASS JAR PEACOCK BATH SALTS,GLASS JAR KINGS CHOICE,GLASS JAR MARMALADE ,GLASS JAR DIGESTIVE BISCUITS,GLASS JAR ENGLISH CONFECTIONERY
GLASS JAR DIGESTIVE BISCUITS,GLASS JAR MARMALADE ,GLASS JAR ENGLISH CONFECTIONERY,GLASS JAR PEACOCK BATH SALTS,GLASS JAR DAISY FRESH COTTON WOOL,GLASS JAR KINGS CHOICE
GLASS JAR ENGLISH CONFECTIONERY,GLASS JAR DIGESTIVE BISCUITS,GLASS JAR MARMALADE ,GLASS JAR PEACOCK BATH SALTS,GLASS JAR KINGS CHOICE,GLASS JAR DAISY FRESH COTTON WOOL
GLASS JAR KINGS CHOICE,GLASS JAR MARMALADE ,GLASS JAR DAISY FRESH COTTON WOOL,GLASS JAR PEACOCK BATH SALTS,GLASS JAR DIGESTIVE BISCUITS,GLASS JAR ENGLISH CONFECTIONERY
GLASS JAR MARMALADE ,GLASS JAR DIGESTIVE BISCUITS,GLASS JAR KINGS CHOICE,GLASS JAR DAISY FRESH COTTON WOOL,GLASS JAR PEACOCK BATH SALTS,GLASS JAR ENGLISH CONFECTIONERY
GLASS JAR PEACOCK BATH SALTS,GLASS JAR DAISY FRESH COTTON WOOL,GLASS JAR DIGESTIVE BISCUITS,GLASS JAR MARMALADE ,GLASS JAR KINGS CHOICE,GLASS JAR ENGLISH CONFECTIONERY
GLASS SONGBIRD STORAGE JAR, I LOVE LONDON MINI RUCKSACK,SET 36 COLOURING PENCILS DOILEY,SET 12 COLOURING PENCILS DOILEY,MISELTOE HEART WREATH ,PLAYING CARDS VINTAGE DOILEY 
GLASS SPHERE CANDLE STAND MEDIUM,5 STRAND GLASS NECKLACE AMETHYST,PINK/WHITE GLASS DEMI CHOKER,RUBY GLASS CLUSTER NECKLACE,SET/3 FLORAL GARDEN TOOLS IN BAG,AMBER GLASS/SHELL/PEARL NECKLACE
GLASS STAR FROSTED T-LIGHT HOLDER,COLOUR GLASS. STAR T-LIGHT HOLDER,WICKER STAR ,WHITE HANGING HEART T-LIGHT HOLDER,CANDLEHOLDER PINK HANGING HEART,HEART OF WICKER LARGE
GLASS TWIST BON BON JAR,GOLDIE LOOKING MIRROR,BLUE PAINTED KASHMIRI CHAIR,GIRLY PINK TOOL SET,PACK 4 FLOWER/BUTTERFLY PATCHES,BLACK GRAND BAROQUE PHOTO FRAME
GLITTER BUTTERFLY CLIPS,GLITTER HANGING BUTTERFLY STRING,CERAMIC HEART FAIRY CAKE MONEY BANK,FRYING PAN RED RETROSPOT,SET 7 BABUSHKA NESTING BOXES,REX CASH+CARRY JUMBO SHOPPER
GLITTER CHRISTMAS HEART ,BIRD BOX CHRISTMAS TREE DECORATION,SILVER/NATURAL SHELL NECKLACE,ANGEL DECORATION WITH LACE PADDED,GLITTER CHRISTMAS STAR ,GLITTER CHRISTMAS TREE
GLITTER CHRISTMAS STAR ,GLITTER HEART DECORATION,GLITTER CHRISTMAS TREE,CHRISTMAS HANGING STAR WITH BELL,GLITTER CHRISTMAS TREE WITH BELLS,WOODEN STAR CHRISTMAS SCANDINAVIAN
GLITTER CHRISTMAS TREE,GLITTER CHRISTMAS STAR ,GLITTER HEART DECORATION,CHRISTMAS HANGING TREE WITH BELL,CHRISTMAS HANGING STAR WITH BELL,GLITTER CHRISTMAS TREE WITH BELLS
GLITTER CHRISTMAS TREE WITH BELLS,GLITTER HEART DECORATION,GLITTER CHRISTMAS STAR ,GLITTER CHRISTMAS TREE,CHRISTMAS HANGING STAR WITH BELL,HANGING HEART WITH BELL
GLITTER HANGING BUTTERFLY STRING,GLITTER BUTTERFLY CLIPS,RAINBOW PEGS PHOTO CLIP STRING,QUEEN OF SKIES LUGGAGE TAG,"STRING OF 8 BUTTERFLIES,PINK",SET/12 TAPER CANDLES
GLITTER HEART DECORATION,GLITTER CHRISTMAS STAR ,GLITTER CHRISTMAS TREE,GLITTER CHRISTMAS TREE WITH BELLS,HANGING HEART WITH BELL,CHRISTMAS HANGING STAR WITH BELL
GLITTER HEART GARLAND WITH BELLS ,GLITTER STAR GARLAND WITH BELLS ,GARLAND WITH HEARTS AND BELLS,GARLAND WITH STARS AND BELLS,LILAC DIAMANTE PEN IN GIFT BOX,PURPLE FRANGIPANI NECKLACE
GLITTER SNOW PEAR TREE DECORATION,FLOWER FAIRY INCENSE BOUQUET,CLEAR LOVE BIRD T-LIGHT HOLDER,MIRROR LOVE BIRD T-LIGHT HOLDER,BLUE CALCULATOR RULER,"PINK/WHITE ""KEEP CLEAN"" BULLET BIN"
GLITTER STAR GARLAND WITH BELLS ,GLITTER HEART GARLAND WITH BELLS ,GARLAND WITH STARS AND BELLS,2 DAISIES HAIR COMB,DIAMANTE HAIR GRIP PACK/2 CRYSTAL,DROP DIAMANTE EARRINGS GREEN
GLOW IN DARK DOLPHINS,SILVER FLOWR PINK SHELL NECKLACE,VINTAGE BEAD PINK SHADE ,DOGGY RUBBER,FOLDING CAMPING SCISSOR W/KNIF & S,SET OF 6 3D KIT CARDS FOR KIDS
GOLD APERITIF GLASS,JAM JAR WITH BLUE LID,BIRD ON BRANCH CANVAS SCREEN,CD WALL TIDY BLUE OFFICE,ROUND ARTICULATED PINK CLOCK W/SUCK,PASTEL BLUE PHOTO ALBUM 
GOLD COSMETIC BAG PINK STAR,EIGHT PIECE CREEPY CRAWLIE SET,PACK 4 FLOWER/BUTTERFLY PATCHES,SILVER FLOWR PINK SHELL NECKLACE,PURPLE FRANGIPANI NECKLACE,DROP DIAMANTE EARRINGS BLACK DIAMON
GOLD DIAMANTE STAR BROOCH,IVORY SHELL HEART EARRINGS,BLUE/NAT SHELL NECKLACE W PENDANT,PINK/WHITE GLASS DEMI CHOKER,SILVER/NATURAL SHELL NECKLACE,FILIGREE DIAMANTE EARRINGS
GOLD EAR MUFF HEADPHONES,CAMOUFLAGE EAR MUFF HEADPHONES,GREEN PEONY CUSHION COVER,RED PEONY CUSHION COVER ,VIP PASSPORT COVER ,BLACK EAR MUFF HEADPHONES
GOLD FABRIC MIRROR,SILVER FABRIC MIRROR,ROUND CACTUS CANDLE,VIP PASSPORT COVER ,BAROQUE BUTTERFLY EARRINGS CRYSTAL,POCKET MIRROR WOODLAND
GOLD FISHING GNOME,QUEEN OF THE SKIES HOLIDAY PURSE ,LARGE ZINC GLASS CANDLEHOLDER,SILVER FISHING GNOME ,POLYESTER FILLER PAD 60x40cm,GLASS CAKE COVER AND PLATE
GOLD FLOWER CUSHION COVER ,EAU DE NILE JEWELLED PHOTOFRAME,VIPPASSPORT COVER ,PINK HEART SHAPE PHOTO FRAME,PINK CAT BOWL,ROSE SCENT CANDLE JEWELLED DRAWER
GOLD M PEARL  ORBIT NECKLACE,GOLD/M.O.P PENDANT ORBIT NECKLACE,FLOWER GARLAND NECKLACE RED,NEW BAROQUE B'FLY NECKLACE CRYSTAL,NEW BAROQUE B'FLY NECKLACE GREEN,IVORY SHELL HEART EARRINGS
GOLD M.O.P ORBIT BRACELET,RUBY GLASS CLUSTER EARRINGS,CRACKED GLAZE EARRINGS RED,VINTAGE ENAMEL & CRYSTAL NECKLACE,DIAMANTE NECKLACE GREEN,5 STRAND GLASS NECKLACE AMBER
GOLD M.O.P ORBIT DROP EARRINGS,CLASSIC DIAMANTE EARRINGS JET,"PEARL & SHELL 42""NECKL. GREEN",PINK DAISY BAG CHARM,NEW BAROQUE B'FLY NECKLACE CRYSTAL,PURPLE ENAMEL FLOWER HAIR TIE
GOLD M.O.P. ORBIT NECKLACE,RUBY GLASS CLUSTER EARRINGS,CRACKED GLAZE EARRINGS RED,SILVER 2 STRAND NECKLACE-LEAF CHARM,5 STRAND GLASS NECKLACE AMBER,DIAMANTE NECKLACE GREEN
GOLD MINI TAPE MEASURE ,BLACK MINI TAPE MEASURE ,FIRST CLASS HOLIDAY PURSE ,MONEY BOX FIRST ADE DESIGN,GOLD WASHBAG,QUEEN OF THE SKIES HOLIDAY PURSE 
GOLD MUG BONE CHINA TREE OF LIFE,SILVER MUG BONE CHINA TREE OF LIFE,PURPLE FRANGIPANI NECKLACE,CHRISTMAS PUDDING TRINKET POT ,LAZER CUT NECKLACE W PASTEL BEADS,BLUE DISCO HANDBAG
GOLD PHOTO FRAME,SILVER PHOTO FRAME,NEW BAROQUE BLACK BOXES,PURPLE ENAMEL FLOWER HAIR TIE,BLACK 3 BEAD DROP EARRINGS,BEADED LOVE HEART JEWELLERY SET
GOLD PRINT PAPER BAG,BLACK GEMSTONE BRACELET,SET/4 GARDEN ROSE DINNER CANDLE,5 STRAND GLASS NECKLACE BLACK,AMETHYST HOOP EARRING FLORAL LEAF,DROP DIAMANTE EARRINGS CRYSTAL
GOLD SCROLL GLASS T-LIGHT HOLDER,LIGHT DECORATION BATTERY OPERATED,CROCHET ROSE DES CLOTHES HANGER,HANGING BUTTERFLY  EGG,ZINC TOP  2 DOOR WOODEN SHELF ,HANGING HEART BASKET
GOLD STANDING GNOME,BEACH HUT KEY CABINET,VIP PASSPORT COVER ,GLASS CAKE COVER AND PLATE,ORANGE FELT VASE + FLOWERS,HEN HOUSE W CHICK IN NEST
GOLD TEDDY BEAR,VIP PASSPORT COVER ,SILVER TEDDY BEAR,PINK PILLAR CANDLE SILVER FLOCK,VIPPASSPORT COVER ,DOORMAT PEACE ON EARTH BLUE
GOLD WASHBAG,ORANGE FELT VASE + FLOWERS,GLASS CAKE COVER AND PLATE,GREEN POP ART MAO CUSHION COVER ,HEN HOUSE W CHICK IN NEST,POLYESTER FILLER PAD 60x40cm
GOLD WINE GOBLET,BISCUIT TIN VINTAGE LEAF,GOLD APERITIF GLASS,JAM JAR WITH BLUE LID,BIRD ON BRANCH CANVAS SCREEN,VINTAGE PINK DECORATIVE PARASOL
GOLD/AMBER DROP EARRINGS W LEAF,GLASS BEAD HOOP NECKLACE BLACK,ANTIQUE RASPBERRY FLOWER EARRINGS,GOLD/AMBER DROP EARRINGS W LEAF,SILVER/CRYSTAL DROP EARRINGS W LEAF,NEW BAROQUE SMALL NECKLACE BLACK
GOLD/M.O.P PENDANT ORBIT NECKLACE,GOLD M PEARL  ORBIT NECKLACE,FLOWER GARLAND NECKLACE RED,SILVER/M.O.P PENDANT ORBIT NECKLACE,BLUE/NAT SHELL NECKLACE W PENDANT,NEW BAROQUE B'FLY NECKLACE CRYSTAL
GOLDIE LOOKING MIRROR,PACK 4 FLOWER/BUTTERFLY PATCHES,BLUE PAINTED KASHMIRI CHAIR,"SILICON CUBE 25W, BLUE",SILVER FLOWR PINK SHELL NECKLACE,DROP DIAMANTE EARRINGS BLACK DIAMON
GRAND CHOCOLATECANDLE,6 CHOCOLATE LOVE HEART T-LIGHTS,HOMEMADE JAM SCENTED CANDLES,RED HANGING HEART T-LIGHT HOLDER,COFFEE SCENT PILLAR CANDLE,HOT WATER BOTTLE KEEP CALM
GRASS HOPPER WOODEN WALL CLOCK ,PASTEL BLUE PHOTO ALBUM ,BLACK STITCHED WALL CLOCK,PINK STITCHED WALL CLOCK,FLOWER PURPLE CLOCK WITH SUCKER,WHITE STITCHED WALL CLOCK
GREEN  DIAMANTE PEN IN GIFT BOX,PINK DIAMANTE PEN IN GIFT BOX,BLACK GLASS BRACELET W HEART CHARMS,SET/3 TALL GLASS CANDLE HOLDER PINK,LILAC DIAMANTE PEN IN GIFT BOX,BLUE  DIAMANTE PEN IN GIFT BOX
GREEN 3 PIECE POLKADOT CUTLERY SET,RED 3 PIECE RETROSPOT CUTLERY SET,BLUE 3 PIECE POLKADOT CUTLERY SET,PINK 3 PIECE POLKADOT CUTLERY SET,CHILDRENS CUTLERY POLKADOT GREEN ,BLUE POLKADOT PLATE 
GREEN BIRDHOUSE DECORATION,BLUE BIRDHOUSE DECORATION,RED PURSE WITH PINK HEART,PURPLE DRESS JEWELLERY STAND,TRIANGULAR POUFFE VINTAGE ,BEADED CRYSTAL HEART BLUE SMALL
GREEN BITTY LIGHT CHAIN,PINK BITTY LIGHT CHAIN,ST GEORGE SET OF 10 PARTY LIGHTS,BLUE POLKADOT PURSE ,BLUE GREEN EMBROIDERY COSMETIC BAG,BLUE/GREEN SHELL NECKLACE W PENDANT
GREEN CAT FLORAL CUSHION COVER ,PINK CAT FLORAL CUSHION COVER ,PACK 4 FLOWER/BUTTERFLY PATCHES,WHITE FRANGIPANI HAIR CLIP,PURPLE FRANGIPANI NECKLACE,ST GEORGE SET OF 10 PARTY LIGHTS
GREEN CHRISTMAS TREE CARD HOLDER,RED STAR CARD HOLDER,STAR DECORATION PAINTED ZINC ,CHRISTMAS HANGING STAR WITH BELL,LARGE WHITE HEART OF WICKER,WOODEN TREE CHRISTMAS SCANDINAVIAN
GREEN CHRISTMAS TREE STRING 20LIGHT,DIAMANTE NECKLACE,GLASS CAKE COVER AND PLATE,PINK ACRYLIC JEWEL SNOWFLAKE,ORANGE FELT VASE + FLOWERS,HEN HOUSE W CHICK IN NEST
GREEN DRAWER KNOB ACRYLIC EDWARDIAN,BLUE DRAWER KNOB ACRYLIC EDWARDIAN,PINK DRAWER KNOB ACRYLIC EDWARDIAN,PURPLE DRAWERKNOB ACRYLIC EDWARDIAN,RED DRAWER KNOB ACRYLIC EDWARDIAN,CLEAR DRAWER KNOB ACRYLIC EDWARDIAN
GREEN DROP EARRINGS W BEAD CLUSTER,GLASS BEAD HOOP NECKLACE BLACK,ANTIQUE RASPBERRY FLOWER EARRINGS,GOLD/AMBER DROP EARRINGS W LEAF,SILVER/CRYSTAL DROP EARRINGS W LEAF,NEW BAROQUE SMALL NECKLACE BLACK
GREEN EASTER EGG HUNT START POST,BLUE EASTER EGG HUNT START POST,YELLOW EASTER EGG HUNT START POST,12 PINK HEN+CHICKS IN BASKET,LARGE BLACK DIAMANTE HAIRSLIDE,HEN HOUSE W FAMILY IN BARN & NEST
GREEN ENAMEL FLOWER HAIR TIE,WHITE ENAMEL FLOWER HAIR TIE,JADE CRYSTAL+GLASS BRACELET,MONTANA DIAMOND CLUSTER EARRINGS,DROP DIAMANTE EARRINGS GREEN,LARGE BLACK DIAMANTE HAIRSLIDE
GREEN ENAMEL FLOWER RING,PURPLE ENAMEL FLOWER RING,RED ENAMEL FLOWER RING,BLACK ENAMEL FLOWER RING,VINTAGE ENAMEL & CRYSTAL EARRINGS,RUBY DROP CHANDELIER EARRINGS
GREEN ENAMEL+GLASS HAIR COMB,PINK ENAMEL+GLASS HAIR COMB,PURPLE ENAMEL+GLASS HAIR COMB,DIAMANTE NECKLACE,IVORY SHELL HEART EARRINGS,PAIR OF PINK FLOWER CLUSTER SLIDE
GREEN FERN JOURNAL ,BLUE PAISLEY JOURNAL ,DAISY JOURNAL ,CHRYSANTHEMUM  JOURNAL,GARDEN PATH JOURNAL,ABSTRACT CIRCLE JOURNAL 
GREEN FERN NOTEBOOK,BLUE PAISLEY NOTEBOOK,DAISY NOTEBOOK ,GARDEN PATH NOTEBOOK ,SILVER/NAT SHELL NECKLACE W PENDANT,DAISY JOURNAL 
GREEN FERN POCKET BOOK,GARDEN PATH POCKET BOOK,ABSTRACT CIRCLES POCKET BOOK,BLUE PAISLEY POCKET BOOK,CHRYSANTHEMUM POCKET BOOK ,RED DAISY POCKET BOOK 
GREEN FERN SKETCHBOOK ,BLUE PAISLEY SKETCHBOOK,CHRYSANTHEMUM SKETCHBOOK ,ABSTRACT CIRCLES SKETCHBOOK ,DAISY SKETCHBOOK ,GARDEN PATH SKETCHBOOK
GREEN GEISHA GIRL ,BLUE GEISHA GIRL ,VINTAGE BLUE TINSEL REEL,BAROQUE BUTTERFLY EARRINGS CRYSTAL,JARDIN ETCHED GLASS BUTTER DISH,PINK PAINTED KASHMIRI CHAIR
GREEN GIANT GARDEN THERMOMETER,BLUE GIANT GARDEN THERMOMETER,IVORY GIANT GARDEN THERMOMETER,YELLOW GIANT GARDEN THERMOMETER,GARDENERS KNEELING PAD KEEP CALM ,HERB MARKER BASIL
GREEN GLASS TASSLE BAG CHARM,TURQUOISE GLASS TASSLE BAG CHARM ,AMBER GLASS TASSLE BAG CHARM,RED GLASS TASSLE BAG CHARM,PINK GLASS TASSLE BAG CHARM ,EDWARDIAN DROP EARRINGS JET BLACK
GREEN GOOSE FEATHER CHRISTMAS TREE ,WOODLAND MINI RUCKSACK ,WHITE GOOSE FEATHER CHRISTMAS TREE ,PURPLE ENAMEL+GLASS HAIR COMB,GREEN GOOSE FEATHER TREE 60CM,PINK GOOSE FEATHER TREE 60CM
GREEN GOOSE FEATHER TREE 60CM,WHITE GOOSE FEATHER TREE 60CM ,PURPLE FRANGIPANI NECKLACE,PINK GOOSE FEATHER TREE 60CM,GREEN GOOSE FEATHER CHRISTMAS TREE ,DIAMANTE HAIR GRIP PACK/2 RUBY
GREEN HEART COMPACT MIRROR,GREEN SQUARE COMPACT MIRROR,BLUE NETTING STORAGE HANGER,GREEN ROUND COMPACT MIRROR,BLUE SQUARE COMPACT MIRROR,BLUE PADDED SOFT MOBILE
GREEN HEART OF GLASS BRACELET,TURQUOISE HEART OF GLASS BRACELET,PINK HEART OF GLASS BRACELET,FIRE POLISHED GLASS BRACELET GREEN,VINTAGE ROSE BEAD BRACELET RASPBERR,CRACKED GLAZE NECKLACE IVORY
GREEN JUICY FRUIT PHOTO FRAME,BLUE JUICY FRUIT PHOTO FRAME,SILVER PHOTO FRAME,RAIN PONCHO ,NEW BAROQUE B'FLY NECKLACE CRYSTAL,PACK 4 FLOWER/BUTTERFLY PATCHES
GREEN METAL BOX ARMY SUPPLIES,RED METAL BOX TOP SECRET,TROPICAL PASSPORT COVER ,QUEEN OF THE SKIES HOLIDAY PURSE ,PAPER LANTERN 7 POINT SNOW STAR,FIRST CLASS HOLIDAY PURSE 
GREEN METAL BOX TOP SECRET,CORDIAL JUG,TUSCAN VILLA DOVECOTE,PAPER LANTERN 5 POINT STUDDED STAR,DOORKNOB CRACKED GLAZE IVORY,METAL HERB GERDEN CONTAINER
GREEN METAL SWINGING BUNNY,EASTER BUNNY GARLAND OF FLOWERS,METAL RABBIT LADDER EASTER ,PINK METAL SWINGING BUNNY,BUNNY EGG GARLAND,S/12 MINI RABBIT EASTER
GREEN MURANO TWIST BRACELET,MURANO STYLE GLASS BRACELET RED,VINTAGE ROSE BEAD BRACELET RASPBERR,BLUE MURANO TWIST BRACELET,VINTAGE ROSE BEAD BRACELET BLACK,PINK CRYSTAL+GLASS BRACELET
GREEN MURANO TWIST NECKLACE,BLACK GLASS BRACELET W HEART CHARMS,PINK MURANO TWIST NECKLACE,MOP PENDANT SHELL NECKLACE,BLUE MURANO TWIST NECKLACE,IVORY SCULPTED RND CANDLE 
GREEN PAIR HEART HAIR SLIDES,DIAMANTE HAIR GRIP PACK/2 PERIDOT,DOORKNOB CERAMIC IVORY,LARGE BLACK DIAMANTE HAIRSLIDE,"GARLAND, MAGIC GARDEN 1.8M",DIAMANTE HAIR GRIP PACK/2 CRYSTAL
GREEN PENDANT TRIPLE SHELL NECKLACE,TURQ PENDANT TRIPLE SHELL NECKLACE,DIAMANTE HAIR GRIP PACK/2 PERIDOT,"GARLAND, MAGIC GARDEN 1.8M",EDWARDIAN DROP EARRINGS JET BLACK,DROP DIAMANTE EARRINGS GREEN
GREEN PEONY CUSHION COVER,RED PEONY CUSHION COVER ,ORIENTAL RED CUSHION COVER ,LIGHT DECORATION BATTERY OPERATED,PACK 4 FLOWER/BUTTERFLY PATCHES,BLACK EAR MUFF HEADPHONES
GREEN POLKADOT BOWL,BLUE POLKADOT BOWL,GREEN POLKADOT PLATE ,PINK POLKADOT BOWL,RED RETROSPOT BOWL,BLUE POLKADOT PLATE 
GREEN POLKADOT PLATE ,GREEN POLKADOT BOWL,BLUE POLKADOT PLATE ,RED RETROSPOT PLATE ,BLUE POLKADOT BOWL,RED RETROSPOT CUP
GREEN POP ART MAO CUSHION COVER ,HEART SHAPED MIRROR,GOLD WASHBAG,SET OF 3 CONEY ISLAND OVAL BOXES,"S/4 ICON COASTER,ELVIS LIVES",HEART T-LIGHT HOLDER 
GREEN REGENCY TEACUP AND SAUCER,PINK REGENCY TEACUP AND SAUCER,ROSES REGENCY TEACUP AND SAUCER ,REGENCY TEA PLATE GREEN ,REGENCY TEA PLATE PINK,REGENCY TEA PLATE ROSES 
GREEN ROSE WASHBAG,PINK ROSE WASHBAG,MONEY BOX FIRST ADE DESIGN,OVERNIGHT BAG VINTAGE ROSE PAISLEY,PURPLE FRANGIPANI NECKLACE,TURQ ICE CREAM BUM BAG 
GREEN ROUND COMPACT MIRROR,BLUE ROUND COMPACT MIRROR,2 DAISIES HAIR COMB,LARGE BLACK DIAMANTE HAIRSLIDE,CLASSIC DIAMANTE EARRINGS JET,ORANGE PENDANT TRIPLE SHELL NECKLAC
GREEN SQUARE COMPACT MIRROR,GREEN HEART COMPACT MIRROR,PURPLE FRANGIPANI NECKLACE,DIAMANTE HAIR GRIP PACK/2 RUBY,DIAMANTE HAIR GRIP PACK/2 LT ROSE,DIAMANTE HAIR GRIP PACK/2 BLACK DIA
GREEN SWEETHEART BRACELET,PINK SWEETHEART BRACELET,BLACK SWEETHEART BRACELET,PURPLE SWEETHEART BRACELET,ANT COPPER TURQ BOUDICCA BRACELET,VINTAGE ENAMEL & CRYSTAL EARRINGS
GREEN VINTAGE EARRINGS ,SILVER HOOP EARRINGS WITH FLOWER,PINK CHERRY BLOSSOM CUP & SAUCER,RUBY DROP CHANDELIER EARRINGS,SILVER FLOWR PINK SHELL NECKLACE,MIDNIGHT BLUE VINTAGE EARRINGS
GREEN VINTAGE SPOT BEAKER,PINK VINTAGE SPOT BEAKER,RED VINTAGE SPOT BEAKER,BLUE VINTAGE SPOT BEAKER,PINK  POLKADOT CUP,RED RETROSPOT CUP
GREEN WIRE STANDING CANDLE HOLDER,GREEN POP ART MAO CUSHION COVER ,PACK 4 FLOWER/BUTTERFLY PATCHES,ZINC SWEETHEART SOAP DISH,HEART T-LIGHT HOLDER,GLASS CHALICE BLUE SMALL 
GREEN WITH METAL BAG CHARM,WHITE WITH METAL BAG CHARM,CRYSTAL STILETTO PHONE CHARM,COPPER AND BRASS BAG CHARM,IVORY GOLD METAL BAG CHARM,METALIC LEAVES BAG CHARMS
GREEN/BLUE CERAMIC CANDLE HOLDER,KNITTED RABBIT DOLL ,GREEN/BLUE CERAMIC CANDLE HOLDER,PURPLE/BLUE CERAMIC CANDLE HOLDER,PINK STRAWBERRY HANDBAG ,FLORAL PINK MONSTER
GREEN/BLUE FLOWER DESIGN BIG MUG,BLUE/YELLOW FLOWER DESIGN BIG MUG,YELLOW/PINK FLOWER DESIGN BIG MUG,PINK/GREEN FLOWER DESIGN BIG MUG,PACK 4 FLOWER/BUTTERFLY PATCHES,FLAG OF ST GEORGE CAR FLAG
"GREETING CARD, OVERCROWDED POOL.",PURPLE FRANGIPANI NECKLACE,DIAMANTE HAIR GRIP PACK/2 RUBY,ASSTD RASTA KEY-CHAINS,DIAMANTE HAIR GRIP PACK/2 MONTANA,"GREETING CARD, STICKY GORDON"
"GREETING CARD, STICKY GORDON","GREETING CARD, TWO SISTERS.","GREETING CARD, OVERCROWDED POOL.",GIN & TONIC DIET GREETING CARD ,ASSTD RASTA KEY-CHAINS,WOVEN SUNSET CUSHION COVER 
"GREETING CARD, TWO SISTERS.",ASSTD RASTA KEY-CHAINS,"GREETING CARD, STICKY GORDON","STRING OF 8 BUTTERFLIES,PINK",COLUMBIAN  CUBE CANDLE ,ORIGAMI SANDLEWOOD INCENSE+FLOWER
"GREETING CARD,SQUARE, DOUGHNUTS",DOTCOM POSTAGE,PARTY INVITES JAZZ HEARTS,"GREETING CARD, TWO SISTERS.",IVORY GOLD METAL BAG CHARM,CRYSTAL CZECH CROSS PHONE CHARM
GREY ACRYLIC FACETED BANGLE,MARIE ANTOIENETT TRINKET BOX GOLD,RED   ACRYLIC FACETED BANGLE,LARGE TORTILLA DESIGN RED BOWL,BLACK/WHITE GLASS/SILVER BRACELET,PURPLE ACRYLIC FACETED BANGLE
GREY FLORAL FELTCRAFT SHOULDER BAG,RED FLORAL FELTCRAFT SHOULDER BAG,PINK FLORAL FELTCRAFT SHOULDER BAG,FELTCRAFT CUSHION BUTTERFLY,FELTCRAFT CUSHION RABBIT,FELTCRAFT CUSHION OWL
GREY HEART HOT WATER BOTTLE,RETROSPOT HEART HOT WATER BOTTLE,SCOTTIE DOG HOT WATER BOTTLE,LOVE HOT WATER BOTTLE,CHOCOLATE HOT WATER BOTTLE,HOT WATER BOTTLE I AM SO POORLY
GROOVY CACTUS INFLATABLE,PAISLEY PARK CARD,BOTANICAL LILY GIFT WRAP,ASSORTED COLOURED CIRCLE MOBILE ,ENGLISH ROSE SPIRIT LEVEL ,ASSORTED TUTTI FRUTTI BRACELET
GROW A FLYTRAP OR SUNFLOWER IN TIN,GROW YOUR OWN PLANT IN A CAN ,WATERING CAN GREEN DINOSAUR,WATERING CAN BLUE ELEPHANT,DOUGHNUT LIP GLOSS ,CHILDS GARDEN FORK PINK
GROW YOUR OWN BASIL IN ENAMEL MUG,GROW YOUR OWN HERBS SET OF 3,BIRDHOUSE GARDEN MARKER ,SET OF 2 TINS JARDIN DE PROVENCE,POTTING SHED TEA MUG,GROW YOUR OWN FLOWERS SET OF 3
GROW YOUR OWN FLOWERS SET OF 3,GROW YOUR OWN HERBS SET OF 3,GROW YOUR OWN BASIL IN ENAMEL MUG,PURPLE FRANGIPANI NECKLACE,TEA TIME TEAPOT IN GIFT BOX,PIG KEYRING WITH LIGHT & SOUND 
GROW YOUR OWN HERBS SET OF 3,GROW YOUR OWN FLOWERS SET OF 3,GROW YOUR OWN BASIL IN ENAMEL MUG,GOLD COSMETIC BAG PINK STAR,PURPLE FRANGIPANI NECKLACE,FRENCH ENAMEL UTENSIL HOLDER
GROW YOUR OWN PLANT IN A CAN ,BLACK FLOWER CANDLE PLATE,GROW A FLYTRAP OR SUNFLOWER IN TIN,EIGHT PIECE CREEPY CRAWLIE SET,ASSORTED CHEESE FRIDGE MAGNETS,DINOSAUR LUNCH BOX WITH CUTLERY
GUMBALL COAT RACK,GUMBALL MAGAZINE RACK,RABBIT NIGHT LIGHT,ALARM CLOCK BAKELIKE RED ,ALARM CLOCK BAKELIKE GREEN,GUMBALL MONOCHROME COAT RACK
GUMBALL MAGAZINE RACK,GUMBALL COAT RACK,ALARM CLOCK BAKELIKE ORANGE,RETRO MOD TRAY,ALARM CLOCK BAKELIKE GREEN,ALARM CLOCK BAKELIKE RED 
GUMBALL MONOCHROME COAT RACK,GUMBALL COAT RACK,VIPPASSPORT COVER ,PURPLE DRESS JEWELLERY STAND,RAINBOW PEGS PHOTO CLIP STRING,BLUE CHENILLE SHAGGY CUSHION COVER 
GYMKHANA TREASURE BOOK BOX,BUFFALO BILL TREASURE BOOK BOX,TREASURE ISLAND BOOK BOX,ABC TREASURE BOOK BOX ,TREASURE TIN GYMKHANA DESIGN,RABBIT NIGHT LIGHT
GYMKHANNA TREASURE BOOK BOX,SET/5 RED SPOTTY LID GLASS BOWLS,MISELTOE HEART WREATH CREAM,PEG BAG APPLE DESIGN,LUNCH BAG RED SPOTTY,FRYING PAN RED POLKADOT 
HAIRCLIPS FORTIES FABRIC ASSORTED,WHITE FRANGIPANI NECKLACE,PINK VINTAGE VICTORIAN EARRINGS,GREY ACRYLIC FACETED BANGLE,TURQ+RED BOUDICCA LARGE BRACELET,SET/4 BADGES DOGS
HALL CABINET WITH 3 DRAWERS,UTILTY CABINET WITH HOOKS,VINTAGE POST OFFICE CABINET,WHITE HEART OF GLASS BRACELET,WHITE BEADED GARLAND STRING 20LIGHT,FINE SILVER NECKLACE W PASTEL FLOWE
HAND OPEN SHAPE DECO.WHITE,PACK 4 FLOWER/BUTTERFLY PATCHES,WRAP GREEN RUSSIAN FOLKART ,GOLD COSMETIC BAG PINK STAR,PURPLE FRANGIPANI NECKLACE,"SILICON CUBE 25W, BLUE"
HAND OPEN SHAPE GOLD,VINTAGE NOTEBOOK BEAUTY GIRL,PURPLE DRESS JEWELLERY STAND,DIAMANTE NECKLACE,PURPLE ENAMEL FLOWER HAIR TIE,DIAMANTE HAIR GRIP PACK/2 PERIDOT
HAND OVER THE CHOCOLATE   SIGN ,COOK WITH WINE METAL SIGN ,PLEASE ONE PERSON METAL SIGN,GIN + TONIC DIET METAL SIGN,CHOCOLATE THIS WAY METAL SIGN,NO SINGING METAL SIGN
HAND PAINTED HANGING EASTER EGG,12 HANGING EGGS HAND PAINTED,PAINT YOUR OWN EGGS IN CRATE,PINK OVAL SHAPE TRINKET BOX,PINK JEWELLED MIRROR TRINKET TRAY,SET OF 6 RIBBONS PARTY
HAND TOWEL PALE BLUE W FLOWERS,HAND TOWEL PINK FLOWER AND DAISY,WHITE HAND TOWEL WITH BUTTERFLY, I LOVE LONDON MINI RUCKSACK,SET 36 COLOURING PENCILS DOILEY,JAM JAR WITH BLUE LID
HAND TOWEL PINK FLOWER AND DAISY,HAND TOWEL PALE BLUE W FLOWERS,WHITE HAND TOWEL WITH BUTTERFLY,SET 12 COLOURING PENCILS DOILEY,GOLD APERITIF GLASS,JAM JAR WITH BLUE LID
HAND WARMER BABUSHKA DESIGN,HAND WARMER OWL DESIGN,HAND WARMER SCOTTY DOG DESIGN,HAND WARMER BIRD DESIGN,HAND WARMER RED LOVE HEART,HAND WARMER UNION JACK
HAND WARMER BIRD DESIGN,HAND WARMER OWL DESIGN,HAND WARMER SCOTTY DOG DESIGN,HAND WARMER RED LOVE HEART,HAND WARMER RED RETROSPOT,HAND WARMER UNION JACK
HAND WARMER OWL DESIGN,HAND WARMER SCOTTY DOG DESIGN,HAND WARMER BIRD DESIGN,HAND WARMER RED LOVE HEART,HAND WARMER UNION JACK,HAND WARMER RED RETROSPOT
HAND WARMER RED LOVE HEART,HAND WARMER UNION JACK,HAND WARMER OWL DESIGN,HAND WARMER SCOTTY DOG DESIGN,HAND WARMER RED RETROSPOT,HAND WARMER BIRD DESIGN
HAND WARMER RED POLKA DOT,IVORY EMBROIDERED QUILT ,MOROCCAN TEA GLASS,RETRO COFFEE MUGS ASSORTED,VINTAGE BILLBOARD DRINK ME MUG,GLASS STAR FROSTED T-LIGHT HOLDER
HAND WARMER RED RETROSPOT,HAND WARMER SCOTTY DOG DESIGN,HAND WARMER UNION JACK,HAND WARMER OWL DESIGN,HAND WARMER RED LOVE HEART,HAND WARMER BIRD DESIGN
HAND WARMER SCOTTY DOG DESIGN,HAND WARMER OWL DESIGN,HAND WARMER BIRD DESIGN,HAND WARMER UNION JACK,HAND WARMER RED LOVE HEART,HAND WARMER RED RETROSPOT
HAND WARMER UNION JACK,HAND WARMER RED LOVE HEART,HAND WARMER SCOTTY DOG DESIGN,HAND WARMER OWL DESIGN,HAND WARMER RED RETROSPOT,HAND WARMER BIRD DESIGN
HANGING  BUTTERFLY T-LIGHT HOLDER,"WALL ART , LOVES' SECRET ",PLAYING CARDS VINTAGE DOILEY ,"WALL ART ,PUDDINGS ",COLOUR GLASS T-LIGHT HOLDER HANGING,PEARLISED IVORY HEART LARGE 
HANGING BAUBLE T-LIGHT HOLDER LARGE,ORANGE FELT VASE + FLOWERS,GLASS CAKE COVER AND PLATE,HEN HOUSE W CHICK IN NEST,PACK 4 FLOWER/BUTTERFLY PATCHES,POLYESTER FILLER PAD 60x40cm
HANGING BAUBLE T-LIGHT HOLDER SMALL,PURPLE FRANGIPANI NECKLACE,DIAMANTE HAIR GRIP PACK/2 RUBY,DIAMANTE HAIR GRIP PACK/2 BLACK DIA,DIAMANTE HAIR GRIP PACK/2 MONTANA,WHITE FRANGIPANI NECKLACE
HANGING BUTTERFLY  EGG,LIGHT DECORATION BATTERY OPERATED,HANGING HEART BASKET,QUEEN OF THE SKIES HOLIDAY PURSE ,"FLOWER GLASS GARLD NECKL36""AMETHYST",RED PEONY CUSHION COVER 
HANGING CHICK  YELLOW DECORATION,HANGING CHICK GREEN DECORATION,HANGING CHICK CREAM DECORATION,HANGING METAL RABBIT DECORATION,IVORY HANGING DECORATION  BIRD,IVORY HANGING DECORATION  HEART
HANGING CHICK CREAM DECORATION,HANGING CHICK GREEN DECORATION,HANGING CHICK  YELLOW DECORATION,IVORY HANGING DECORATION  BIRD,HANGING METAL RABBIT DECORATION,HANGING METAL CHICKEN DECORATION
HANGING CHICK GREEN DECORATION,HANGING CHICK CREAM DECORATION,HANGING CHICK  YELLOW DECORATION,HANGING METAL RABBIT DECORATION,HANGING METAL CHICKEN DECORATION,IVORY HANGING DECORATION  BIRD
HANGING CLEAR MINI BOTTLE,HANGING MINI COLOURED BOTTLES,SET 6 SCHOOL MILK BOTTLES IN CRATE,EMBROIDERED RIBBON REEL ROSIE,DUSTY PINK CHRISTMAS TREE 30CM,JAM JAR WITH BLUE LID
HANGING ENGRAVED METAL HEART,ALUMINIUM STAMPED HEART,ZINC METAL HEART DECORATION,HEART IVORY TRELLIS LARGE,LARGE IVORY HEART WALL ORGANISER,SINGLE ANTIQUE ROSE HOOK IVORY
HANGING FAIRY CAKE DECORATION,ROUND ARTICULATED PINK CLOCK W/SUCK,BLUE BREAKFAST CUP AND SAUCER ,PURPLE DRESS JEWELLERY STAND,PURPLE ENAMEL FLOWER HAIR TIE,GIRLY PINK TOOL SET
HANGING GLASS ETCHED TEALIGHT,FLOWER PURPLE CLOCK W/SUCKER,UNION FLAG WINDSOCK,PINK HEART DOTS HOT WATER BOTTLE,TOAST ITS - FAIRY FLOWER,HAWAIIAN GRASS SKIRT 
HANGING HEART BASKET,LIGHT DECORATION BATTERY OPERATED,HANGING BUTTERFLY  EGG,QUEEN OF THE SKIES HOLIDAY PURSE ,RED PEONY CUSHION COVER ,GREEN PEONY CUSHION COVER
HANGING HEART BONHEUR,HOME SWEET HOME HANGING HEART,HOME SWEET HOME CUSHION COVER ,BELLE JARDINIERE CUSHION COVER,EMBOSSED HEART TRINKET BOX,PHOTO FRAME LINEN AND LACE SMALL
HANGING HEART JAR T-LIGHT HOLDER,SINGLE HEART ZINC T-LIGHT HOLDER,HANGING HEART ZINC T-LIGHT HOLDER,NATURAL SLATE HEART CHALKBOARD ,WHITE HANGING HEART T-LIGHT HOLDER,VICTORIAN GLASS HANGING T-LIGHT
HANGING HEART MIRROR DECORATION ,LOVEBIRD HANGING DECORATION WHITE ,HEART DECORATION PAINTED ZINC ,WHITE JEWELLED HEART DECORATION,FILIGRIS HEART WITH BUTTERFLY,HEART DECORATION WITH PEARLS 
HANGING HEART WITH BELL,CHRISTMAS HANGING STAR WITH BELL,CHRISTMAS HANGING TREE WITH BELL,GLITTER HEART DECORATION,GLITTER CHRISTMAS STAR ,WOODEN TREE CHRISTMAS SCANDINAVIAN
HANGING HEART ZINC T-LIGHT HOLDER,SINGLE HEART ZINC T-LIGHT HOLDER,ZINC T-LIGHT HOLDER STARS SMALL,HANGING HEART JAR T-LIGHT HOLDER,NATURAL SLATE HEART CHALKBOARD ,ZINC T-LIGHT HOLDER STAR LARGE
HANGING HEN ON NEST DECORATION,HEN HOUSE DECORATION,EASTER DECORATION HANGING BUNNY,EGG CUP NATURAL CHICKEN,IVORY HANGING DECORATION  BIRD,HANGING CHICK  YELLOW DECORATION
HANGING JAM JAR T-LIGHT HOLDER,COLOUR GLASS T-LIGHT HOLDER HANGING,HANGING JAM JAR T-LIGHT HOLDERS,VICTORIAN GLASS HANGING T-LIGHT,HANGING HEART ZINC T-LIGHT HOLDER,PARTY BUNTING
HANGING JAM JAR T-LIGHT HOLDERS,HANGING JAM JAR T-LIGHT HOLDER,SINGLE HEART ZINC T-LIGHT HOLDER,COLOUR GLASS T-LIGHT HOLDER HANGING,HANGING HEART ZINC T-LIGHT HOLDER,POLKADOT RAIN HAT 
HANGING MEDINA LANTERN SMALL,BIG POLKADOT MUG,ASSORTED COLOUR SILK GLASSES CASE,WRAP BLUE RUSSIAN FOLKART,HANGING METAL HEART LANTERN,WHITE HEART OF GLASS BRACELET
HANGING METAL CHICKEN DECORATION,HANGING METAL RABBIT DECORATION,HANGING CHICK GREEN DECORATION,HANGING CHICK CREAM DECORATION,HANGING CHICK  YELLOW DECORATION,EASTER BUNNY GARLAND OF FLOWERS
HANGING METAL HEART LANTERN,HANGING METAL STAR LANTERN,WHITE HANGING HEART T-LIGHT HOLDER,LANTERN CREAM GAZEBO ,HEART OF WICKER SMALL,NATURAL SLATE HEART CHALKBOARD 
HANGING METAL RABBIT DECORATION,HANGING METAL CHICKEN DECORATION,HANGING CHICK  YELLOW DECORATION,HANGING CHICK GREEN DECORATION,HANGING CHICK CREAM DECORATION,PURPLE FRANGIPANI NECKLACE
HANGING METAL STAR LANTERN,HANGING METAL HEART LANTERN,RED HANGING HEART T-LIGHT HOLDER,WHITE METAL LANTERN,LANTERN CREAM GAZEBO ,WOODEN STAR CHRISTMAS SCANDINAVIAN
HANGING MINI COLOURED BOTTLES,HANGING CLEAR MINI BOTTLE,DOORKNOB CRACKED GLAZE BLUE,WRAP A PRETTY THANK YOU,WOODLAND MINI RUCKSACK ,"WALL ART ,PUDDINGS "
HANGING PHOTO CLIP ROPE LADDER,PHOTO CLIP LINE,50CM METAL STRING WITH  7 CLIPS,WOVEN ROSE GARDEN CUSHION COVER ,QUEEN OF THE SKIES HOLIDAY PURSE ,BLUE  VOILE LAMPSHADE
HANGING QUILTED PATCHWORK APPLES,PRETTY HANGING QUILTED HEARTS,NATURAL HANGING QUILTED HEARTS ,3 HOOK HANGER MAGIC GARDEN,FIVE HEART HANGING DECORATION,DOORKNOB CRACKED GLAZE PINK
HANGING RIDGE GLASS T-LIGHT HOLDER,PINK CHERRY LIGHTS,HANGING RIDGE GLASS T-LIGHT HOLDER,SET OF 3 BABUSHKA STACKING TINS,PLASTERS IN TIN WOODLAND ANIMALS,PLAYING CARDS I LOVE LONDON 
HANGING SPRING FLOWER EGG LARGE,EASTER BUNNY GARLAND OF FLOWERS,HANGING SPRING FLOWER EGG SMALL,GARLAND WOODEN HAPPY EASTER,DECORATION WHITE CHICK MAGIC GARDEN,HANGING HEART BASKET
HANGING SPRING FLOWER EGG SMALL,HANGING SPRING FLOWER EGG LARGE,S/12 MINI RABBIT EASTER,PEACH KNITTED HEN ,DECORATION WHITE CHICK MAGIC GARDEN,IVORY HANGING DECORATION  EGG
HANGING WOOD AND FELT BUTTERFLY ,HANGING WOOD AND FELT HEART,HANGING WOOD AND FELT FLOWER,SET OF 12 MINI BUNNIES IN A BUCKET,EASTER DECORATION HANGING BUNNY,2 PICTURE BOOK EGGS EASTER CHICKS
HANGING WOOD AND FELT FLOWER,HANGING WOOD AND FELT BUTTERFLY ,HANGING WOOD AND FELT HEART,PURPLE DRESS JEWELLERY STAND,EASTER DECORATION HANGING BUNNY,JIGSAW TREE WITH WATERING CAN
HANGING WOOD AND FELT HEART,HANGING WOOD AND FELT BUTTERFLY ,HANGING WOOD AND FELT FLOWER,EASTER DECORATION HANGING BUNNY,SET OF 12 MINI BUNNIES IN A BUCKET,VINTAGE NOTEBOOK BEAUTY GIRL
HAPPY BIRTHDAY CARD STRIPEY TEDDY,3 BLACK CATS W HEARTS BLANK CARD,CHAMPAGNE TRAY BLANK CARD,COLUMBIAN CUBE CANDLE,S/4 BLACK MINI ROSE CANDLE IN BOWL,ZINC HEART LATTICE CHARGER LARGE
HAPPY BIRTHDAY CARD TEDDY/CAKE,WHITE ANEMONE ARTIFICIAL FLOWER,HAPPY BIRTHDAY CARD TEDDY/CAKE,LIGHTHOUSE PRINTED METAL SIGN,"WRAP, CAROUSEL",CREAM DELPHINIUM ARTIFICIAL FLOWER
HAPPY EASTER HANGING DECORATION,FIRST CLASS LUGGAGE TAG ,BLACK DINER WALL CLOCK,GLASS BEAD HOOP NECKLACE AMETHYST,"LETTER ""R"" BLING KEY RING",BLUE HAPPY BIRTHDAY BUNTING
HAPPY STENCIL CRAFT,MONSTERS STENCIL CRAFT,ALPHABET STENCIL CRAFT,BALLOONS  WRITING SET ,GIRAFFE WOODEN RULER,WOODEN SCHOOL COLOURING SET
HARDMAN MUG 3 ASSORTED,BLUE PADDED SOFT MOBILE,IVORY SCULPTED RND CANDLE ,PACK 4 FLOWER/BUTTERFLY PATCHES,MONEY BOX FIRST ADE DESIGN,BISCUITS SMALL BOWL LIGHT BLUE
HAWAIIAN GRASS SKIRT ,"ASSORTED FLOWER COLOUR ""LEIS""",UNION FLAG WINDSOCK,FUNKY MONKEY MUG,GOLD APERITIF GLASS,JAM JAR WITH BLUE LID
HEADS AND TAILS SPORTING FUN,VINTAGE SNAP CARDS,VINTAGE HEADS AND TAILS CARD GAME ,PICTURE DOMINOES,HOLIDAY FUN LUDO,BINGO SET
HEART BEADED TRELLIS DECORATION,BAG OF SILVER STONES,50CM METAL STRING WITH  7 CLIPS,ALUMINIUM STAMPED HEART,GLITTER CHRISTMAS TREE WITH BELLS,NUMBER TILE COTTAGE GARDEN 1
HEART BUTTONS JEWELLERY BOX,PSYCHEDELIC METAL SIGN CALENDAR,YELLOW PINK FLOWER DESIGN BIG BOWL,ENAMEL BLUE RIM TEA CONTAINER,HEART T-LIGHT HOLDER,TRANQUILITY MASALA INCENSE
HEART CALCULATOR,BLUE CALCULATOR RULER,CHOCOLATE CALCULATOR,TROPICAL PASSPORT COVER ,PINK HEART RED HANDBAG,SWIRLY CIRCULAR RUBBERS IN BAG
HEART DECORATION PAINTED ZINC ,FOLKART ZINC HEART CHRISTMAS DEC,HANGING HEART MIRROR DECORATION ,LOVEBIRD HANGING DECORATION WHITE ,STAR DECORATION PAINTED ZINC ,FOUR HOOK  WHITE LOVEBIRDS
HEART DECORATION RUSTIC HANGING ,STAR DECORATION RUSTIC,HANGING HEART WITH BELL,HOME GARLAND PAINTED ZINC ,STAR DECORATION PAINTED ZINC ,WOODEN HEART CHRISTMAS SCANDINAVIAN
HEART DECORATION WITH PEARLS ,LOVEBIRD HANGING DECORATION WHITE ,FILIGRIS HEART WITH BUTTERFLY,HANGING HEART MIRROR DECORATION ,WHITE JEWELLED HEART DECORATION,ANGEL DECORATION STARS ON DRESS
HEART FILIGREE DOVE  SMALL,HEART FILIGREE DOVE LARGE,FILIGRIS HEART WITH BUTTERFLY,HEART IVORY TRELLIS SMALL,LOVEBIRD HANGING DECORATION WHITE ,HEART IVORY TRELLIS LARGE
HEART FILIGREE DOVE LARGE,HEART FILIGREE DOVE  SMALL,HEART IVORY TRELLIS LARGE,HEART IVORY TRELLIS SMALL,FILIGRIS HEART WITH BUTTERFLY,LOVEBIRD HANGING DECORATION WHITE 
HEART GARLAND RUSTIC PADDED,GIRLY PINK TOOL SET,SET OF 3 PINK FLYING DUCKS,PURPLE FRANGIPANI HAIRCLIP,BAROQUE BUTTERFLY EARRINGS CRYSTAL,CRACKED GLAZE EARRINGS BROWN
HEART IVORY TRELLIS LARGE,HEART IVORY TRELLIS SMALL,HEART FILIGREE DOVE LARGE,HEART FILIGREE DOVE  SMALL,LOVEBIRD HANGING DECORATION WHITE ,WHITE HANGING HEART T-LIGHT HOLDER
HEART IVORY TRELLIS SMALL,HEART IVORY TRELLIS LARGE,HEART FILIGREE DOVE  SMALL,HEART FILIGREE DOVE LARGE,FILIGRIS HEART WITH BUTTERFLY,IVORY HANGING DECORATION  HEART
HEART MINI PORTRAIT FRAME,SQUARE MINI PORTRAIT FRAME,OVAL  MINI PORTRAIT FRAME,EMBOSSED HEART TRINKET BOX,SMALL WHITE HEART OF WICKER,PHOTO FRAME LINEN AND LACE SMALL
HEART MIRROR ANTIQUE WHITE,ROCOCO WALL MIRROR WHITE,WOOD 2 DRAWER CABINET WHITE FINISH,LETTER HOLDER HOME SWEET HOME,3 DRAWER ANTIQUE WHITE WOOD CABINET,WOODEN PICTURE FRAME WHITE FINISH
HEART OF WICKER LARGE,HEART OF WICKER SMALL,LARGE WHITE HEART OF WICKER,WICKER STAR ,WHITE HANGING HEART T-LIGHT HOLDER,SMALL WHITE HEART OF WICKER
HEART OF WICKER SMALL,HEART OF WICKER LARGE,SMALL WHITE HEART OF WICKER,LARGE WHITE HEART OF WICKER,WHITE HANGING HEART T-LIGHT HOLDER,WICKER STAR 
HEART SHAPE WIRELESS DOORBELL,CROCHET DOG KEYRING,"FLOWER GLASS GARLD NECKL36""TURQUOIS",GLASS CAKE COVER AND PLATE,HEN HOUSE W CHICK IN NEST,"FLOWER GLASS GARLAND NECKL.36""BLACK"
HEART SHAPED HOLLY WREATH,MISTLETOE HEART WREATH GREEN,MISTLETOE HEART WREATH CREAM,3 HEARTS HANGING DECORATION RUSTIC,HEART WREATH DECORATION WITH BELL,STAR WREATH DECORATION WITH BELL
HEART SHAPED MIRROR,GREEN POP ART MAO CUSHION COVER ,GOLD WASHBAG,"S/4 ICON COASTER,ELVIS LIVES",ZINC HEART LATTICE 2 WALL PLANTER,SET OF 3 CONEY ISLAND OVAL BOXES
HEART STRING MEMO HOLDER HANGING,STRING OF STARS CARD HOLDER,PLACE SETTING WHITE STAR,LARGE CRYSTAL DIAMANTE HAIRSLIDE,HOME GARLAND PAINTED ZINC ,CHRISTMAS METAL POSTCARD WITH BELLS
HEART T-LIGHT HOLDER,PACK 4 FLOWER/BUTTERFLY PATCHES,WRAP GREEN RUSSIAN FOLKART ,DROP DIAMANTE EARRINGS BLACK DIAMON,S/3 POT POURI CUSHIONS BLUE COLOURS,PURPLE FRANGIPANI NECKLACE
HEART T-LIGHT HOLDER ,STAR  T-LIGHT HOLDER ,CHRISTMAS TREE T-LIGHT HOLDER,GREEN POP ART MAO CUSHION COVER ,CLEAR STATIONERY BOX SET ,HEART SHAPED MIRROR
HEART T-LIGHT HOLDER WILLIE WINKIE,STAR T-LIGHT HOLDER WILLIE WINKIE,TREE T-LIGHT HOLDER WILLIE WINKIE,ZINC T-LIGHT HOLDER STARS SMALL,RED HANGING HEART T-LIGHT HOLDER,HANGING HEART ZINC T-LIGHT HOLDER
HEART TRELLIS TRIPLE T-LIGHT HOLDER,BIRD ON BRANCH CANVAS SCREEN,GOLD APERITIF GLASS,JAM JAR WITH BLUE LID, NINE DRAWER OFFICE TIDY,CARDHOLDER HOLLY WREATH METAL
HEART TRELLISTRIPLE T-LIGHT HOLDER,ZINC PLANT POT HOLDER,LUNCH BAG VINTAGE DOILEY ,METAL HERB GERDEN CONTAINER,SMALL JEWELLERY STAND,JUMBO BAG VINTAGE DOILEY 
HEART WOODEN CHRISTMAS DECORATION,STAR WOODEN CHRISTMAS DECORATION,SWALLOW WOODEN CHRISTMAS DECORATION,ROCKING HORSE RED CHRISTMAS ,WOODEN HEART CHRISTMAS SCANDINAVIAN,ROCKING HORSE GREEN CHRISTMAS 
HEART WREATH DECORATION WITH BELL,STAR WREATH DECORATION WITH BELL,RED ROCKING HORSE HAND PAINTED,WHITE ROCKING HORSE HAND PAINTED,HEART WOODEN CHRISTMAS DECORATION,REINDEER HEART DECORATION SILVER
HEARTS  STICKERS,BUTTERFLIES STICKERS,SKULLS  STICKERS,FLOWERS  STICKERS,ALPHABET HEARTS STICKER SHEET,MULTI HEARTS  STICKERS
HEARTS GIFT TAPE,CAKES AND BOWS GIFT  TAPE,STARS GIFT TAPE ,SKULLS TAPE,RED RETROSPOT TAPE,VINTAGE PINK DECORATIVE PARASOL
HEARTS WRAPPING TAPE ,NUMBER TILE COTTAGE GARDEN 6,ENVELOPE 50 CURIOUS IMAGES,ENGLISH ROSE METAL WASTE BIN,NECKLACE+BRACELET SET FRUIT SALAD ,MINI FUNKY DESIGN TAPES
HEAVENS SCENT FRAGRANCE OILS ASSTD,SMALL SINGLE FLAME CANDLE HOLDER,COLUMBIAN  CUBE CANDLE ,ORIGAMI VANILLA INCENSE CONES,LOVE POTION MASALA INCENSE,DRAGONS BLOOD INCENSE
HELLO SAILOR BATHROOM SET,FLORAL BATHROOM SET,HELLO SAILOR BLUE SOAP HOLDER,BLUE BREAKFAST CUP AND SAUCER ,"FLOWER GLASS GARLAND NECKL.36""GREEN",FIRE POLISHED GLASS BRACELET GREEN
HELLO SAILOR BLUE SOAP HOLDER,HOT BATHS SOAP HOLDER,FAIRY SOAP SOAP HOLDER,PURPLE FRANGIPANI NECKLACE,HELLO SAILOR BATHROOM SET,QUEEN OF THE SKIES HOLIDAY PURSE 
HEN HOUSE DECORATION,HANGING HEN ON NEST DECORATION,IVORY HANGING DECORATION  BIRD,GARLAND WOODEN HAPPY EASTER,2 PICTURE BOOK EGGS EASTER CHICKS,EASTER DECORATION NATURAL CHICK
HEN HOUSE W CHICK IN NEST,GLASS CAKE COVER AND PLATE,ORANGE FELT VASE + FLOWERS,HEN HOUSE W CHICK IN NEST,TURQ ICE CREAM BUM BAG ,DUSTY PINK CHRISTMAS TREE 60CM
HEN HOUSE W CHICK STANDING,SET OF 6 EASTER RAINBOW CHICKS,ORANGE FELT VASE + FLOWERS,POLYESTER FILLER PAD 60x40cm,HEN HOUSE W CHICK IN NEST,HEN HOUSE W FAMILY IN BARN & NEST
HEN HOUSE W FAMILY IN BARN & NEST,3 PINK HEN+CHICKS IN BASKET,ROSE PENDANT TRIPLE SHELL NECKLACE,PURPLE ENAMEL FLOWER HAIR TIE,DIAMANTE HAIR GRIP PACK/2 CRYSTAL,DIAMANTE HAIR GRIP PACK/2 PERIDOT
HEN HOUSE WITH CHICK STANDING,FOLKART CHRISTMAS TREE T-LIGHT HOLD,PINK CRYSTAL SKULL PHONE CHARM,WHITE WITH BLACK CATS PLATE,"LETTER ""N"" BLING KEY RING",PINK FLOCK GLASS CANDLEHOLDER
HEN PARTY CORDON BARRIER TAPE,WHITE STONE/CRYSTAL EARRINGS,HEN HOUSE W CHICK IN NEST,MIDNIGHT BLUE CRYSTAL DROP EARRINGS,FUNKY MONKEY MUG,POLYESTER FILLER PAD 60x40cm
HENRIETTA HEN MUG ,MILK MAIDS MUG ,ORIGAMI SANDLEWOOD INCENSE+FLOWER,PINK ROUND COMPACT MIRROR,PINK CRYSTAL GUITAR PHONE CHARM,EGG CUP MILKMAID HEIDI
HERB MARKER BASIL,HERB MARKER ROSEMARY,HERB MARKER MINT,HERB MARKER PARSLEY,HERB MARKER THYME,HERB MARKER CHIVES 
HERB MARKER CHIVES ,HERB MARKER THYME,HERB MARKER PARSLEY,HERB MARKER ROSEMARY,HERB MARKER MINT,HERB MARKER BASIL
HERB MARKER MINT,HERB MARKER ROSEMARY,HERB MARKER THYME,HERB MARKER BASIL,HERB MARKER PARSLEY,HERB MARKER CHIVES 
HERB MARKER PARSLEY,HERB MARKER THYME,HERB MARKER ROSEMARY,HERB MARKER BASIL,HERB MARKER MINT,HERB MARKER CHIVES 
HERB MARKER ROSEMARY,HERB MARKER THYME,HERB MARKER MINT,HERB MARKER PARSLEY,HERB MARKER BASIL,HERB MARKER CHIVES 
HERB MARKER THYME,HERB MARKER ROSEMARY,HERB MARKER PARSLEY,HERB MARKER MINT,HERB MARKER BASIL,HERB MARKER CHIVES 
HI TEC ALPINE HAND WARMER,LOVE HEART POCKET WARMER,LAZER CUT NECKLACE W PASTEL BEADS,NUMBER TILE VINTAGE FONT 5,MINI PLAYING CARDS FUN FAIR ,PANDA AND BUNNIES STICKER SHEET
HILDA CANDY SPOT RABBIT,SET/5 RED SPOTTY LID GLASS BOWLS,LUNCH BAG RED SPOTTY,FRYING PAN RED POLKADOT ,MISELTOE HEART WREATH CREAM,PEG BAG APPLE DESIGN
HIPPY CHIC DECORATIVE PARASOL,CANNABIS LEAF BEAD CURTAIN,SUNFLOWER DECORATIVE PARASOL,VINTAGE PINK DECORATIVE PARASOL,BISCUIT TIN VINTAGE LEAF,PURPLE DRESS JEWELLERY STAND
HOLIDAY FUN LUDO,VINTAGE SNAKES & LADDERS,BINGO SET,VINTAGE SEASIDE JIGSAW PUZZLES,VINTAGE SNAP CARDS,HEADS AND TAILS SPORTING FUN
HOLLY TOP CHRISTMAS STOCKING,FUNKY FLOWER PICNIC BAG FOR 4,ROBOT MUG IN DISPLAY BOX,RED PURSE WITH PINK HEART,PINK CAT FLORAL CUSHION COVER ,FLOWER PURPLE CLOCK W/SUCKER
HOME BUILDING BLOCK WORD,LOVE BUILDING BLOCK WORD,BATH BUILDING BLOCK WORD,WELCOME  WOODEN BLOCK LETTERS,WHITE HANGING HEART T-LIGHT HOLDER,ASSORTED COLOUR BIRD ORNAMENT
HOME GARLAND PAINTED ZINC ,LOVE GARLAND PAINTED ZINC ,HEART DECORATION RUSTIC HANGING ,NOEL GARLAND PAINTED ZINC ,4 LAVENDER BOTANICAL DINNER CANDLES,HANGING HEART WITH BELL
HOME SMALL WOOD LETTERS,LOVE LARGE WOOD LETTERS ,PEACE SMALL WOOD LETTERS,HEART OF WICKER LARGE,LARGE WHITE HEART OF WICKER,ENCHANTED BIRD PLANT CAGE
HOME SWEEET HOME 3 PEG HANGER ,BLUE BREAKFAST CUP AND SAUCER ,ROUND ARTICULATED PINK CLOCK W/SUCK,FLOWER PURPLE CLOCK WITH SUCKER,TURQUOISE CHRISTMAS TREE ,TEATIME PUSH DOWN RUBBER
HOME SWEET HOME 2 DRAWER CABINET,HOME SWEET HOME BLACKBOARD,HOME SWEET HOME 3 PEG HANGER ,SHELF WITH 4 HOOKS HOME SWEET HOME,HOME SWEET HOME KEY HOLDER,RUSTIC MIRROR WITH LACE HEART
HOME SWEET HOME 3 PEG HANGER ,SHELF WITH 4 HOOKS HOME SWEET HOME,LETTER HOLDER HOME SWEET HOME,HOME SWEET HOME 2 DRAWER CABINET,HOME SWEET HOME BLACKBOARD,HOME SWEET HOME KEY HOLDER
HOME SWEET HOME BLACKBOARD,SHELF WITH 4 HOOKS HOME SWEET HOME,RUSTIC MIRROR WITH LACE HEART,HOME SWEET HOME 2 DRAWER CABINET,LETTER HOLDER HOME SWEET HOME,HOME SWEET HOME 3 PEG HANGER 
HOME SWEET HOME BOTTLE ,LAVENDER TOILETTE BOTTLE,GLASS APOTHECARY BOTTLE TONIC,GLASS APOTHECARY BOTTLE ELIXIR,GLASS APOTHECARY BOTTLE PERFUME,HOME SWEET HOME HANGING HEART
HOME SWEET HOME CUSHION COVER ,BELLE JARDINIERE CUSHION COVER,LE JARDIN BOTANIQUE CUSHION COVER,POSTE FRANCE CUSHION COVER,HOME SWEET HOME HANGING HEART,FOOT STOOL HOME SWEET HOME 
HOME SWEET HOME HANGING HEART,HANGING HEART BONHEUR,HOME SWEET HOME CUSHION COVER ,SET OF 2 TRAYS HOME SWEET HOME,NATURAL HANGING QUILTED HEARTS ,GINGHAM HEART DECORATION
HOME SWEET HOME HOOK,CHAMBRE HOOK,BATHROOM HOOK,WOODLAND MINI RUCKSACK ,VINTAGE KEEPSAKE BOX PINK FLOWER,HANGING BAUBLE T-LIGHT HOLDER SMALL
HOME SWEET HOME KEY HOLDER,SHELF WITH 4 HOOKS HOME SWEET HOME,LETTER HOLDER HOME SWEET HOME,HOME SWEET HOME 3 PEG HANGER ,HOME SWEET HOME BLACKBOARD,HOME SWEET HOME 2 DRAWER CABINET
HOME SWEET HOME METAL SIGN ,BEWARE OF THE CAT METAL SIGN ,HOT BATHS METAL SIGN,CHOCOLATE THIS WAY METAL SIGN,HAND OVER THE CHOCOLATE   SIGN ,COOK WITH WINE METAL SIGN 
HOME SWEET HOME MUG,SAVE THE PLANET MUG,KINGS CHOICE MUG,POTTERING MUG,GLAMOROUS  MUG,HOME SWEET HOME METAL SIGN 
HOMEMADE JAM SCENTED CANDLES,SET OF 3 CAKE TINS PANTRY DESIGN ,JAM MAKING SET PRINTED,RECIPE BOX PANTRY YELLOW DESIGN,JAM MAKING SET WITH JARS,REGENCY CAKESTAND 3 TIER
"HOOK, 1 HANGER ,MAGIC GARDEN",3 HOOK HANGER MAGIC GARDEN,ASSTD COL BUTTERFLY/CRYSTAL W/CHIME,5 HOOK HANGER RED MAGIC TOADSTOOL,WOVEN SUNSET CUSHION COVER ,HOME GARLAND PAINTED ZINC 
HORSE & PONY WALL ART,ANIMALS AND NATURE WALL ART,TREASURE AHOY WALL ART,BUFFALO BILL WALL ART ,DOG LICENCE WALL ART,SPACEBOY WALL ART
HOT BATHS METAL SIGN,HAND OVER THE CHOCOLATE   SIGN ,LAUNDRY 15C METAL SIGN,WASHROOM METAL SIGN,COOK WITH WINE METAL SIGN ,BEWARE OF THE CAT METAL SIGN 
HOT BATHS SOAP HOLDER,FAIRY SOAP SOAP HOLDER,HELLO SAILOR BLUE SOAP HOLDER,HOT BATHS METAL SIGN,LAUNDRY 15C METAL SIGN,SALLE DE BAIN HOOK
HOT STUFF HOT WATER BOTTLE,HOT WATER BOTTLE SEX BOMB,HOT WATER BOTTLE TEA AND SYMPATHY,HOT WATER BOTTLE KEEP CALM,LOVE HOT WATER BOTTLE,CHOCOLATE HOT WATER BOTTLE
HOT WATER BOTTLE BABUSHKA ,HAND WARMER BABUSHKA DESIGN,SCOTTIE DOG HOT WATER BOTTLE,SILK PURSE BABUSHKA RED,GREY HEART HOT WATER BOTTLE,SET OF 5 LUCKY CAT MAGNETS 
HOT WATER BOTTLE BABUSHKA LARGE,HOT WATER BOTTLE BABUSHKA LARGE,FIRST CLASS HOLIDAY PURSE ,PING! MICROWAVE PLATE,CANDY SHOP  STICKER SHEET,MINI JIGSAW GO TO THE FAIR
HOT WATER BOTTLE I AM SO POORLY,CHOCOLATE HOT WATER BOTTLE,HOT WATER BOTTLE TEA AND SYMPATHY,HOT WATER BOTTLE KEEP CALM,SCOTTIE DOG HOT WATER BOTTLE,RETROSPOT HEART HOT WATER BOTTLE
HOT WATER BOTTLE KEEP CALM,HOT WATER BOTTLE TEA AND SYMPATHY,LOVE HOT WATER BOTTLE,CHOCOLATE HOT WATER BOTTLE,HOT WATER BOTTLE I AM SO POORLY,SCOTTIE DOG HOT WATER BOTTLE
HOT WATER BOTTLE SEX BOMB,HOT STUFF HOT WATER BOTTLE,HOT WATER BOTTLE TEA AND SYMPATHY,CHOCOLATE HOT WATER BOTTLE,HOT WATER BOTTLE KEEP CALM,HOT WATER BOTTLE I AM SO POORLY
HOT WATER BOTTLE TEA AND SYMPATHY,CHOCOLATE HOT WATER BOTTLE,HOT WATER BOTTLE I AM SO POORLY,HOT WATER BOTTLE KEEP CALM,SCOTTIE DOG HOT WATER BOTTLE,LOVE HOT WATER BOTTLE
HOUSE SHAPE PENCIL SHARPENER,PINK MONTE CARLO HANDBAG,TEATIME ROUND PENCIL SHARPENER ,PENS ASSORTED FUNNY FACE,CARTOON  PENCIL SHARPENERS,ASSORTED TUTTI FRUTTI BRACELET
HOUSE WRECKING METAL SIGN ,HAND OVER THE CHOCOLATE   SIGN ,MAN FLU METAL SIGN,I'M ON HOLIDAY METAL SIGN,FANNY'S REST STOPMETAL SIGN,"AIRLINE LOUNGE,METAL SIGN"
HYACINTH BULB T-LIGHT CANDLES,CACTI T-LIGHT CANDLES,PURPLE FRANGIPANI NECKLACE,EIGHT PIECE CREEPY CRAWLIE SET,DIAMANTE HAIR GRIP PACK/2 BLACK DIA,WHITE FRANGIPANI NECKLACE
High Resolution Image,FLAG OF ST GEORGE CHAIR,PAIR PADDED HANGERS PINK CHECK,NECKLACE+BRACELET SET BLUE HIBISCUS,PINK JEWELLED PHOTO FRAME ,FRENCH STYLE EMBOSSED HEART CABINET
I CAN ONLY PLEASE ONE PERSON MUG,GIN AND TONIC MUG,PLEASE ONE PERSON METAL SIGN,GLAMOROUS  MUG,NO SINGING METAL SIGN,COOK WITH WINE METAL SIGN 
I LOVE LONDON BABY GIFT SET, SPACEBOY BABY GIFT SET,DOLLY GIRL BABY GIFT SET,CIRCUS PARADE BABY GIFT SET,LONDON BUS COFFEE MUG,RAIN PONCHO 
I LOVE LONDON BEAKER,LUNCH BOX I LOVE LONDON,SPACEBOY BEAKER, DOLLY GIRL BEAKER,SET OF 4 KNICK KNACK TINS LONDON ,TRAVEL CARD WALLET I LOVE LONDON
I LOVE LONDON WALL ART,PAPER LANTERN 5 POINT STAR MOON ,WALL ART MID CENTURY MODERN ,KEEP CALM WALL ART ,WALL ART BIG LOVE ,WALL ART SPACEBOY
I'M ON HOLIDAY METAL SIGN,HAND OVER THE CHOCOLATE   SIGN ,METAL SIGN TAKE IT OR LEAVE IT ,PLEASE ONE PERSON METAL SIGN,GIN + TONIC DIET METAL SIGN,COOK WITH WINE METAL SIGN 
ICE CREAM BUBBLES,ICE CREAM PEN LIP GLOSS ,PLASTERS IN TIN CIRCUS PARADE ,WORLD WAR 2 GLIDERS ASSTD DESIGNS,RABBIT NIGHT LIGHT,DOUGHNUT LIP GLOSS 
ICE CREAM DESIGN GARDEN PARASOL,TEATIME PUSH DOWN RUBBER,BLUE POLKADOT GARDEN PARASOL,PINK POLKADOT GARDEN PARASOL,CHARLIE AND LOLA TABLE TINS,FUNKY MONKEY CUSHION COVER
ICE CREAM PEN LIP GLOSS ,DOUGHNUT LIP GLOSS ,ICE CREAM SUNDAE LIP GLOSS,KNICKERBOCKERGLORY MAGNET ASSORTED ,ICE CREAM BUBBLES,WOODEN BOX OF DOMINOES
ICE CREAM SUNDAE LIP GLOSS,DOUGHNUT LIP GLOSS ,ICE CREAM PEN LIP GLOSS ,KNICKERBOCKERGLORY MAGNET ASSORTED ,BUBBLEGUM RING ASSORTED,STRAWBERRY LUNCH BOX WITH CUTLERY
ICON MUG REVOLUTIONARY,RASTA IN BATH W SPLIFF ASHTRAY,CUBIC MUG PINK POLKADOT,RED CHARLIE+LOLA PERSONAL DOORSIGN,"CHARLIE+LOLA""EXTREMELY BUSY"" SIGN",CHARLIE AND LOLA TABLE TINS
ICON PLACEMAT POP ART ELVIS,PURPLE DRESS JEWELLERY STAND,BLUE CAT BISCUIT BARREL PINK HEART,DOORKNOB CERAMIC IVORY,2 DAISIES HAIR COMB,DAISY HAIR COMB
IF YOU CAN'T STAND THE HEAT MUG,GLAMOROUS  MUG,GIN AND TONIC MUG,POTTERING MUG,KINGS CHOICE MUG,TROPICAL PASSPORT COVER 
ILLUSTRATED CAT BOWL ,DOG BOWL CHASING BALL DESIGN,EIGHT PIECE CREEPY CRAWLIE SET,COFFEE MUG DOG + BALL DESIGN,COFFEE MUG CAT + BIRD DESIGN,RED RETROSPOT WASHBAG
INCENSE BAZAAR PEACH,INCENSE BAZAAR PEACH,TRANQUILITY MASALA INCENSE,LOVE POTION MASALA INCENSE,DRAGONS BLOOD INCENSE,ELEPHANT CARNIVAL POUFFE
INFLATABLE POLITICAL GLOBE ,PURPLE FRANGIPANI NECKLACE,EIGHT PIECE DINOSAUR SET,MONEY BOX FIRST ADE DESIGN,DIAMANTE HAIR GRIP PACK/2 BLACK DIA,DIAMANTE HAIR GRIP PACK/2 LT ROSE
IVORY CAFE HANGING LAMP ,SILVER/NAT SHELL NECKLACE W PENDANT,PURPLE FRANGIPANI NECKLACE,FRENCH ENAMEL POT W LID,RED METAL BEACH SPADE ,CLASSIC GLASS COOKIE JAR
IVORY CHANDELIER T-LIGHT HOLDER,BEADED CHANDELIER T-LIGHT HOLDER,FLOWERS CHANDELIER T-LIGHT HOLDER,MARIE ANTOINETTE TRINKET BOX SILVER,MARIE ANTOINETTE TRINKET BOX GOLD,GEMSTONE CHANDELIER T-LIGHT HOLDER
IVORY DINER WALL CLOCK,RED DINER WALL CLOCK,BLUE DINER WALL CLOCK,MINT DINER WALL CLOCK,ALARM CLOCK BAKELIKE RED ,PINK DINER WALL CLOCK
IVORY EMBROIDERED QUILT ,DIAMANTE HAIR GRIP PACK/2 CRYSTAL,DOORKNOB CERAMIC IVORY,2 DAISIES HAIR COMB,DROP DIAMANTE EARRINGS GREEN,DAISY HAIR COMB
IVORY ENCHANTED FOREST PLACEMAT,RED ENCHANTED FOREST PLACEMAT,BLACK ENCHANTED FOREST PLACEMAT,CHARLIE+LOLA RED HOT WATER BOTTLE ,SET OF 4 BLACK LOVEBIRD COASTERS,CHRISTMAS CRAFT HEART STOCKING 
IVORY GIANT GARDEN THERMOMETER,BLUE GIANT GARDEN THERMOMETER,GREEN GIANT GARDEN THERMOMETER,HERB MARKER MINT,YELLOW GIANT GARDEN THERMOMETER,HERB MARKER BASIL
IVORY GOLD METAL BAG CHARM,IVORY GOLD METAL BAG CHARM,METALIC LEAVES BAG CHARMS,GREEN WITH METAL BAG CHARM,WHITE WITH METAL BAG CHARM,DOTCOM POSTAGE
IVORY HANGING DECORATION  BIRD,IVORY HANGING DECORATION  HEART,HANGING CHICK CREAM DECORATION,IVORY HANGING DECORATION  EGG,HANGING CHICK GREEN DECORATION,EASTER DECORATION NATURAL CHICK
IVORY HANGING DECORATION  EGG,IVORY HANGING DECORATION  BIRD,HANGING WOOD AND FELT HEART,IVORY HANGING DECORATION  HEART,EASTER DECORATION EGG BUNNY ,PURPLE FRANGIPANI NECKLACE
IVORY HANGING DECORATION  HEART,IVORY HANGING DECORATION  BIRD,HEART IVORY TRELLIS SMALL,FILIGRIS HEART WITH BUTTERFLY,FOLKART ZINC HEART CHRISTMAS DEC,HEART FILIGREE DOVE  SMALL
IVORY KITCHEN SCALES,RED KITCHEN SCALES,MINT KITCHEN SCALES,BLACK KITCHEN SCALES,BREAD BIN DINER STYLE IVORY,SET OF 3 CAKE TINS PANTRY DESIGN 
IVORY KNITTED MUG COSY ,MIRROR MOSAIC CANDLE PLATE,ASSORTED COLOUR LIZARD SUCTION HOOK,OFFICE MUG WARMER PINK,PURPLE DRESS JEWELLERY STAND,QUEEN OF THE SKIES HOLIDAY PURSE 
IVORY LOVE BIRD CANDLE,BLACK LOVE BIRD CANDLE,PINK LOVE BIRD CANDLE,EAU DE NIL LOVE BIRD CANDLE,SET/6 PINK BIRD T-LIGHT CANDLES,IVORY GOLD METAL BAG CHARM
IVORY PANTRY HANGING LAMP ,SET/4 GARDEN ROSE DINNER CANDLE,MIRROR LOVE BIRD T-LIGHT HOLDER,BLACK LOVE BIRD T-LIGHT HOLDER,JASMINE VOTIVE CANDLE,WRAP CHRISTMAS SCREEN PRINT
IVORY PAPER CUP CAKE CASES ,75 GREEN FAIRY CAKE CASES,75 BLACK PETIT FOUR CASES,PACK OF 60 PINK PAISLEY CAKE CASES,PACK OF 60 DINOSAUR CAKE CASES,PACK OF 72 RETROSPOT CAKE CASES
IVORY PENDANT TRIPLE SHELL NECKLACE,"GARLAND, MAGIC GARDEN 1.8M",MONTANA DIAMOND CLUSTER EARRINGS,DAISY HAIR COMB,DIAMANTE HAIR GRIP PACK/2 CRYSTAL,DIAMANTE HAIR GRIP PACK/2 PERIDOT
IVORY PILLAR CANDLE GOLD FLOCK,IVORY PILLAR CANDLE SILVER FLOCK,4 IVORY DINNER CANDLES SILVER FLOCK,ORANGE FLOWER MUG ,SET/3 TALL GLASS CANDLE HOLDER PINK,TEA TIME BREAKFAST BASKET
IVORY PILLAR CANDLE SILVER FLOCK,4 IVORY DINNER CANDLES SILVER FLOCK,PINK PILLAR CANDLE SILVER FLOCK,IVORY PILLAR CANDLE GOLD FLOCK,PURPLE FRANGIPANI NECKLACE,GOLD COSMETIC BAG PINK STAR
IVORY REFECTORY CLOCK,RED REFECTORY CLOCK ,BLUE REFECTORY CLOCK ,IVORY DINER WALL CLOCK,ALARM CLOCK BAKELIKE CHOCOLATE,RED DINER WALL CLOCK
IVORY RETRO KITCHEN WALL CLOCK,BLUE RETRO KITCHEN WALL CLOCK,RED RETRO KITCHEN WALL CLOCK,PAPER BUNTING VINTAGE PARTY,ALARM CLOCK BAKELIKE IVORY,ALARM CLOCK BAKELIKE GREEN
IVORY SCULPTED RND CANDLE ,PACK 4 FLOWER/BUTTERFLY PATCHES,WRAP GREEN RUSSIAN FOLKART ,S/3 POT POURI CUSHIONS BLUE COLOURS,VINTAGE BEAD PINK SHADE ,"SILICON CUBE 25W, BLUE"
IVORY SHELL HEART EARRINGS,BLUE/NAT SHELL NECKLACE W PENDANT,PINK/WHITE GLASS DEMI CHOKER,FILIGREE DIAMANTE EARRINGS,SILVER/NATURAL SHELL NECKLACE,GOLD DIAMANTE STAR BROOCH
IVORY SHELL HEART NECKLACE,SILVER/M.O.P PENDANT ORBIT NECKLACE,FINE SILVER NECKLACE W PASTEL FLOWE,DOTCOM POSTAGE,IVORY SHELL HEART EARRINGS,PINK/WHITE GLASS DEMI CHOKER
IVORY STRING CURTAIN WITH POLE ,PINK STRING CURTAIN WITH POLE,YELLOW PINK FLOWER DESIGN BIG BOWL,PURPLE DRESS JEWELLERY STAND,ORANGE FLOWER MUG ,GOLD APERITIF GLASS
IVORY SWEETHEART SOAP DISH,ZINC SWEETHEART SOAP DISH,ANTIQUE IVORY WIRE BOWL SMALL,IVORY SWEETHEART WIRE LETTER RACK ,BROCANTE SHELF WITH HOOKS,RED ROCKING HORSE HAND PAINTED
IVORY SWEETHEART WIRE LETTER RACK ,IVORY WIRE SWEETHEART LETTER TRAY,ZINC SWEETHEART WIRE LETTER RACK,TRIPLE HOOK ANTIQUE IVORY ROSE,SINGLE WIRE HOOK IVORY HEART,SMALL IVORY HEART WALL ORGANISER
IVORY WICKER HEART LARGE,IVORY WICKER HEART MEDIUM,DECORATIVE WICKER HEART LARGE,LARGE WHITE HEART OF WICKER,SMALL WHITE HEART OF WICKER,DECORATIVE WICKER HEART MEDIUM
IVORY WICKER HEART MEDIUM,IVORY WICKER HEART LARGE,DECORATIVE WICKER HEART MEDIUM,IVORY WICKER HEART SMALL,DECORATIVE WICKER HEART LARGE,SMALL WHITE HEART OF WICKER
IVORY WICKER HEART SMALL,DECORATIVE WICKER HEART SMALL,IVORY WICKER HEART MEDIUM,IVORY WICKER HEART LARGE,SMALL WHITE HEART OF WICKER,DECORATIVE WICKER HEART MEDIUM
IVORY WIRE KITCHEN ORGANISER,MONEY BOX FIRST ADE DESIGN,IVORY WIRE SWEETHEART LETTER TRAY,IVORY PENDANT TRIPLE SHELL NECKLACE,PURPLE FRANGIPANI NECKLACE,BROCANTE SHELF WITH HOOKS
IVORY WIRE SWEETHEART LETTER TRAY,IVORY SWEETHEART WIRE LETTER RACK ,ZINC WIRE SWEETHEART LETTER TRAY,FLORAL BATHROOM SET,IVORY WIRE KITCHEN ORGANISER,DECROTIVEVINTAGE COFFEE GRINDER BOX
IVY HEART WREATH,VINTAGE BEAD PINK JEWEL BOX,TEATIME FUNKY FLOWER BACKPACK FOR 2,ORIENTAL RED CUSHION COVER ,EUCALYPTUS & PINECONE  WREATH,VINTAGE BEAD COSMETIC BAG 
JADE CRYSTAL+GLASS BRACELET,JADE CRYSTAL+GLASS BRACELET,WHITE ENAMEL FLOWER HAIR TIE,GREEN ENAMEL FLOWER HAIR TIE,WHITE MURANO TWIST BRACELET,PINK CRYSTAL+GLASS BRACELET
JADE DROP EARRINGS W FILIGREE,PURPLE ENAMEL+GLASS HAIR COMB,DAISY HAIR COMB,DIAMANTE HAIR GRIP PACK/2 PERIDOT,BLUE/NAT SHELL NECKLACE W PENDANT,IVORY SHELL HEART EARRINGS
JAM CLOCK MAGNET,CLOCK MAGNET MUM'S KITCHEN,MUM'S KITCHEN CLOCK,METAL DECORATION NAUGHTY CHILDREN ,TURQ ICE CREAM BUM BAG ,WOODLAND MINI RUCKSACK 
JAM JAR WITH BLUE LID,JAM JAR WITH BLUE LID,BIRD ON BRANCH CANVAS SCREEN,CD WALL TIDY BLUE OFFICE,ROUND ARTICULATED PINK CLOCK W/SUCK,PASTEL BLUE PHOTO ALBUM 
JAM JAR WITH GREEN LID,JAM JAR WITH PINK LID,JAM MAKING SET PRINTED,SET OF 6 SPICE TINS PANTRY DESIGN,PACK OF 20 NAPKINS PANTRY DESIGN,SET OF 60 PANTRY DESIGN CAKE CASES 
JAM JAR WITH PINK LID,JAM JAR WITH GREEN LID,JAM MAKING SET PRINTED,SET OF 6 SPICE TINS PANTRY DESIGN,SET OF 3 CAKE TINS PANTRY DESIGN ,SET 2 PANTRY DESIGN TEA TOWELS
JAM MAKING SET PRINTED,JAM MAKING SET WITH JARS,SET OF 3 CAKE TINS PANTRY DESIGN ,SET OF 4 PANTRY JELLY MOULDS,PACK OF 72 RETROSPOT CAKE CASES,RECIPE BOX PANTRY YELLOW DESIGN
JAM MAKING SET WITH JARS,JAM MAKING SET PRINTED,SET OF 3 CAKE TINS PANTRY DESIGN ,RECIPE BOX PANTRY YELLOW DESIGN,SET OF 4 PANTRY JELLY MOULDS,SET OF 6 SPICE TINS PANTRY DESIGN
JARDIN ETCHED GLASS BUTTER DISH,JARDIN ETCHED GLASS BUTTER DISH,PINK NEW BAROQUE FLOCK CANDLESTICK,RED POLKADOT PUDDING BOWL,BLUE POLKADOT PUDDING BOWL,MIRROR LOVE BIRD T-LIGHT HOLDER
JARDIN ETCHED GLASS CHEESE DISH,JARDIN ETCHED GLASS FRUITBOWL,JARDIN ETCHED GLASS LARGE BELL JAR,PURPLE DRESS JEWELLERY STAND,GLASS  BEURRE DISH,SMALL HANGING GLASS+ZINC LANTERN
JARDIN ETCHED GLASS FRUITBOWL,JARDIN ETCHED GLASS CHEESE DISH,TUMBLER NEW ENGLAND,RIDGED GLASS FINGER BOWL,LARGE PINK GLASS SUNDAE DISH,PURPLE DRESS JEWELLERY STAND
JARDIN ETCHED GLASS LARGE BELL JAR,PURPLE DRESS JEWELLERY STAND,JARDIN ETCHED GLASS CHEESE DISH,JARDIN ETCHED GLASS SMALL BELL JAR,BLUE MONTE CARLO HANDBAG,JAM JAR WITH BLUE LID
JARDIN ETCHED GLASS SMALL BELL JAR,FRESHWATER PEARL BRACELET GOLD,"PEARL & SHELL 42""NECKL. GREEN",MUMMY MOUSE RED GINGHAM RIBBON,FIRE POLISHED GLASS NECKL GOLD,JARDIN ETCHED GLASS LARGE BELL JAR
JASMINE VOTIVE CANDLE,BIRD ON BRANCH CANVAS SCREEN,JAM JAR WITH BLUE LID,IVORY PANTRY HANGING LAMP ,GOLD APERITIF GLASS,OPIUM SCENTED VOTIVE CANDLE
JAZZ HEARTS ADDRESS BOOK,JAZZ HEARTS PURSE NOTEBOOK,12 PENCILS TALL TUBE POSY,SMALL CHOCOLATES PINK BOWL,ENGLISH ROSE SPIRIT LEVEL ,ENGLISH ROSE NOTEBOOK A7 SIZE
JAZZ HEARTS PURSE NOTEBOOK,JAZZ HEARTS ADDRESS BOOK,TOXIC AREA  DOOR HANGER ,MOODY GIRL DOOR HANGER ,SMALL DOLLY MIX DESIGN ORANGE BOWL,SMALL MARSHMALLOWS PINK BOWL
JET BLACK LAS VEGAS BRACELET ROUND,PURPLE LAS VEGAS BRACELET ROUND,BLUE CRUSOE CHECK LAMPSHADE,PINK HEARTS PAPER GARLAND,ENGLISH ROSE METAL WASTE BIN,PORCELAIN BUTTERFLY OIL BURNER
JET BLACK LAS VEGAS NECKLACE 45CM,CLASSIC DIAMANTE NECKLACE JET,RUBY GLASS CLUSTER NECKLACE,5 STRAND GLASS NECKLACE AMETHYST,DIAMANTE NECKLACE BLACK ,AMBER GLASS/SHELL/PEARL NECKLACE
JIGSAW RABBIT AND BIRDHOUSE,JIGSAW TREE WITH BIRDHOUSE,JIGSAW TREE WITH WATERING CAN,JIGSAW TOADSTOOLS 3 PIECE,BUNNY WOODEN PAINTED WITH BIRD ,BUNNY WOODEN PAINTED WITH FLOWER 
JIGSAW TOADSTOOLS 3 PIECE,JIGSAW RABBIT AND BIRDHOUSE,JIGSAW TREE WITH BIRDHOUSE,JIGSAW TREE WITH WATERING CAN,FOLKART CLIP ON STARS,CLASSICAL ROSE TABLE LAMP
JIGSAW TREE WITH BIRDHOUSE,JIGSAW RABBIT AND BIRDHOUSE,JIGSAW TREE WITH WATERING CAN,JIGSAW TOADSTOOLS 3 PIECE,BUNNY WOODEN PAINTED WITH BIRD ,BUNNY WOODEN PAINTED WITH FLOWER 
JIGSAW TREE WITH WATERING CAN,JIGSAW TREE WITH BIRDHOUSE,JIGSAW RABBIT AND BIRDHOUSE,JIGSAW TOADSTOOLS 3 PIECE,HANGING WOOD AND FELT FLOWER,BUNNY WOODEN PAINTED WITH BIRD 
JINGLE BELL HEART ANTIQUE GOLD,JINGLE BELL HEART ANTIQUE SILVER,CHERUB HEART DECORATION SILVER ,CHERUB HEART DECORATION GOLD,JINGLE BELL HEART DECORATION,LAUREL STAR ANTIQUE GOLD
JINGLE BELL HEART ANTIQUE SILVER,JINGLE BELL HEART ANTIQUE GOLD,VINTAGE JINGLE BELLS HEART,ZINC FOLKART SLEIGH BELLS,CHERUB HEART DECORATION SILVER ,ANGEL DECORATION 3 BUTTONS 
JINGLE BELL HEART DECORATION,IVORY WICKER HEART LARGE,SMALL WHITE HEART OF WICKER,HEART OF WICKER SMALL,IVORY WICKER HEART MEDIUM,LARGE WHITE HEART OF WICKER
JINGLE BELLS TREE DECORATION,QUEEN OF THE SKIES HOLIDAY PURSE ,GLASS CAKE COVER AND PLATE,HEN HOUSE W CHICK IN NEST,DOTCOM POSTAGE,ORANGE FELT VASE + FLOWERS
JOY LARGE WOOD LETTERS,PACK 4 FLOWER/BUTTERFLY PATCHES,CLEAR MILKSHAKE GLASS,BLUE NETTING STORAGE HANGER,YULETIDE IMAGES S/6 PAPER BOXES,BLACK GRAND BAROQUE PHOTO FRAME
JOY WOODEN BLOCK LETTERS,PEACE WOODEN BLOCK LETTERS,NOEL WOODEN BLOCK LETTERS ,LOVE BUILDING BLOCK WORD,HOME BUILDING BLOCK WORD,SMALL RED BABUSHKA NOTEBOOK 
JUMBO  BAG BAROQUE BLACK WHITE,JUMBO BAG RED RETROSPOT,JUMBO BAG STRAWBERRY,JUMBO BAG PINK POLKADOT,JUMBO STORAGE BAG SUKI,JUMBO SHOPPER VINTAGE RED PAISLEY
JUMBO BAG 50'S CHRISTMAS ,JUMBO BAG VINTAGE CHRISTMAS ,JUMBO BAG ALPHABET,JUMBO BAG RED RETROSPOT,JUMBO BAG VINTAGE DOILY ,JUMBO BAG APPLES
JUMBO BAG ALPHABET,JUMBO BAG APPLES,JUMBO BAG VINTAGE LEAF,LUNCH BAG ALPHABET DESIGN,JUMBO BAG RED RETROSPOT,JUMBO STORAGE BAG SUKI
JUMBO BAG APPLES,JUMBO BAG PEARS,JUMBO BAG VINTAGE LEAF,LUNCH BAG APPLE DESIGN,JUMBO BAG RED RETROSPOT,JUMBO BAG ALPHABET
JUMBO BAG CHARLIE AND LOLA TOYS,JUMBO BAG TOYS ,JUMBO STORAGE BAG SUKI,JUMBO BAG OWLS,JUMBO STORAGE BAG SKULLS,JUMBO BAG SPACEBOY DESIGN
JUMBO BAG DOILEY PATTERNS,LUNCH BAG DOILEY PATTERN ,JUMBO BAG VINTAGE DOILY ,JUMBO BAG APPLES,JUMBO BAG VINTAGE LEAF,JUMBO BAG RED RETROSPOT
JUMBO BAG DOLLY GIRL DESIGN,JUMBO BAG SPACEBOY DESIGN,JUMBO BAG ALPHABET,JUMBO STORAGE BAG SUKI,JUMBO BAG VINTAGE DOILY ,LUNCH BAG DOLLY GIRL DESIGN
JUMBO BAG OWLS,JUMBO STORAGE BAG SUKI,JUMBO BAG WOODLAND ANIMALS,JUMBO BAG APPLES,JUMBO BAG SPACEBOY DESIGN,JUMBO BAG ALPHABET
JUMBO BAG PAISLEY PARK,VINTAGE DOILY JUMBO BAG RED ,LUNCH BAG PAISLEY PARK  ,JUMBO BAG VINTAGE DOILY ,JUMBO SHOPPER VINTAGE RED PAISLEY,JUMBO BAG RED RETROSPOT
JUMBO BAG PEARS,JUMBO BAG APPLES,JUMBO BAG VINTAGE LEAF,JUMBO BAG ALPHABET,JUMBO BAG VINTAGE DOILY ,JUMBO BAG RED RETROSPOT
JUMBO BAG PINK POLKADOT,JUMBO BAG RED RETROSPOT,JUMBO BAG STRAWBERRY,JUMBO BAG PINK VINTAGE PAISLEY,JUMBO STORAGE BAG SKULLS,JUMBO  BAG BAROQUE BLACK WHITE
JUMBO BAG PINK VINTAGE PAISLEY,JUMBO BAG SCANDINAVIAN BLUE PAISLEY,JUMBO SHOPPER VINTAGE RED PAISLEY,JUMBO BAG PINK POLKADOT,JUMBO BAG STRAWBERRY,JUMBO BAG RED RETROSPOT
JUMBO BAG RED RETROSPOT,JUMBO BAG PINK POLKADOT,JUMBO BAG STRAWBERRY,JUMBO BAG APPLES,JUMBO  BAG BAROQUE BLACK WHITE,JUMBO BAG VINTAGE DOILY 
JUMBO BAG SCANDINAVIAN BLUE PAISLEY,JUMBO BAG PINK VINTAGE PAISLEY,JUMBO SHOPPER VINTAGE RED PAISLEY,JUMBO BAG STRAWBERRY,JUMBO BAG VINTAGE DOILY ,JUMBO BAG PINK POLKADOT
JUMBO BAG SCANDINAVIAN PAISLEY,JUMBO BAG PINK VINTAGE PAISLEY,JUMBO BAG SCANDINAVIAN BLUE PAISLEY,JUMBO  BAG BAROQUE BLACK WHITE,JUMBO BAG PINK POLKADOT,JUMBO SHOPPER VINTAGE RED PAISLEY
JUMBO BAG SPACEBOY DESIGN,JUMBO STORAGE BAG SUKI,JUMBO BAG APPLES,JUMBO BAG PINK POLKADOT,JUMBO BAG WOODLAND ANIMALS,JUMBO BAG RED RETROSPOT
JUMBO BAG STRAWBERRY,JUMBO BAG RED RETROSPOT,JUMBO BAG PINK POLKADOT,JUMBO  BAG BAROQUE BLACK WHITE,JUMBO BAG PINK VINTAGE PAISLEY,JUMBO BAG APPLES
JUMBO BAG TOYS ,JUMBO BAG WOODLAND ANIMALS,JUMBO BAG PINK POLKADOT,JUMBO BAG OWLS,JUMBO BAG PINK VINTAGE PAISLEY,JUMBO BAG ALPHABET
JUMBO BAG VINTAGE CHRISTMAS ,JUMBO BAG 50'S CHRISTMAS ,JUMBO BAG VINTAGE DOILY ,JUMBO BAG ALPHABET,JUMBO BAG RED RETROSPOT,JUMBO BAG PAISLEY PARK
JUMBO BAG VINTAGE DOILEY ,LUNCH BAG VINTAGE DOILEY ,ZINC PLANT POT HOLDER,SET OF 4 KNICK KNACK TINS  DOILEY ,STORAGE TIN VINTAGE DOILEY ,ORIENTAL RED CUSHION COVER 
JUMBO BAG VINTAGE DOILY ,VINTAGE DOILY JUMBO BAG RED ,JUMBO BAG VINTAGE LEAF,LUNCH BAG VINTAGE DOILY ,JUMBO BAG APPLES,JUMBO BAG RED RETROSPOT
JUMBO BAG VINTAGE LEAF,JUMBO BAG APPLES,JUMBO BAG VINTAGE DOILY ,JUMBO BAG PEARS,LUNCH BAG VINTAGE LEAF DESIGN,JUMBO BAG ALPHABET
JUMBO BAG WOODLAND ANIMALS,JUMBO BAG OWLS,JUMBO BAG SPACEBOY DESIGN,LUNCH BAG WOODLAND,JUMBO BAG PINK POLKADOT,JUMBO BAG RED RETROSPOT
JUMBO SHOPPER VINTAGE RED PAISLEY,JUMBO BAG PINK VINTAGE PAISLEY,JUMBO BAG SCANDINAVIAN BLUE PAISLEY,JUMBO  BAG BAROQUE BLACK WHITE,JUMBO BAG RED RETROSPOT,JUMBO BAG VINTAGE DOILY 
JUMBO STORAGE BAG SKULLS,JUMBO BAG PINK POLKADOT,JUMBO STORAGE BAG SUKI,LUNCH BAG  BLACK SKULL.,JUMBO BAG SPACEBOY DESIGN,JUMBO BAG RED RETROSPOT
JUMBO STORAGE BAG SUKI,JUMBO BAG OWLS,JUMBO BAG SPACEBOY DESIGN,JUMBO BAG RED RETROSPOT,JUMBO STORAGE BAG SKULLS,JUMBO BAG PINK POLKADOT
JUNGLE POPSICLES ICE LOLLY HOLDERS,BLUE CRUSOE CHECK LAMPSHADE,PINK STRAWBERRY HANDBAG ,PINK CHERRY BLOSSOM CUP & SAUCER,MUMMY MOUSE RED GINGHAM RIBBON,BLUE NEW BAROQUE FLOCK CANDLESTICK
JUNGLE POPSICLES ICE LOLLY MOULDS,CIRCUS PARADE LUNCH BOX ,STRAWBERRY LUNCH BOX WITH CUTLERY,LETS GO SHOPPING COTTON TOTE BAG,DINOSAUR LUNCH BOX WITH CUTLERY,JUNGLE POPSICLES ICE LOLLY HOLDERS
KEEP CALM BIRTHDAY WRAP,PACKING CHARGE,12 PINK HEN+CHICKS IN BASKET,CITRUS GARLAND FELT FLOWERS ,FELT EGG COSY LADYBIRD ,PINK CHICK EGG WARMER + EGG CUP
KEEP CALM WALL ART ,RUBY GLASS CLUSTER NECKLACE,ROSE PENDANT TRIPLE SHELL NECKLACE,ROCOCO WALL MIROR,AMBER GLASS/SHELL/PEARL NECKLACE,DIAMANTE HAIR GRIP PACK/2 PERIDOT
KEEP OUT BOYS DOOR HANGER ,BLACK FLOWER CANDLE PLATE,MOODY BOY  DOOR HANGER ,MOODY GIRL DOOR HANGER ,DOOR HANGER  MUM + DADS ROOM,HOUSE WRECKING METAL SIGN 
KENSINGTON COFFEE SET,EIGHT PIECE CREEPY CRAWLIE SET,FUNKY MONKEY MUG,PACK 4 FLOWER/BUTTERFLY PATCHES,PINK FELT EASTER EGG BASKET,SCALLOP SHELL SOAP DISH
KEY CABINET MA CAMPAGNE,CUPBOARD 3 DRAWER MA CAMPAGNE,CHEST 7 DRAWER MA CAMPAGNE,3 HOOK PHOTO SHELF ANTIQUE WHITE,MA CAMPAGNE CUTLERY BOX,HOME SWEET HOME 2 DRAWER CABINET
"KEY FOB , BACK DOOR ","KEY FOB , FRONT  DOOR ","KEY FOB , SHED",GARAGE KEY FOB,"KEY FOB , GARAGE DESIGN",WASHROOM METAL SIGN
"KEY FOB , FRONT  DOOR ","KEY FOB , BACK DOOR ","KEY FOB , SHED",GARAGE KEY FOB,"KEY FOB , GARAGE DESIGN",WASHROOM METAL SIGN
"KEY FOB , GARAGE DESIGN","KEY FOB , SHED","KEY FOB , BACK DOOR ","KEY FOB , FRONT  DOOR ",GARAGE KEY FOB,WASHROOM METAL SIGN
"KEY FOB , SHED","KEY FOB , BACK DOOR ","KEY FOB , FRONT  DOOR ","KEY FOB , GARAGE DESIGN",GARAGE KEY FOB,WASHROOM METAL SIGN
KEY RING BASEBALL BOOT ASSORTED ,KEY RING BASEBALL BOOT UNION JACK,TROPICAL PASSPORT COVER ,DOUGHNUT LIP GLOSS ,STRAWBERRY DREAM CHILDS UMBRELLA,SCOTTIES DESIGN WASHBAG
KEY RING BASEBALL BOOT UNION JACK,KEY RING BASEBALL BOOT ASSORTED ,SET 12 COLOUR PENCILS LOVE LONDON,PLAYING CARDS JUBILEE UNION JACK,TOXIC AREA  DOOR HANGER ,MIDNIGHT GLAMOUR SCARF KNITTING KIT
KIDS CUTLERY DOLLY GIRL ,KIDS CUTLERY SPACEBOY ,CHARLOTTE BAG ALPHABET  DESIGN,FOLDING MIRROR RED  ,FOLDING MIRROR IVORY ,CHILDRENS SPACEBOY MUG
KIDS CUTLERY SPACEBOY ,KIDS CUTLERY DOLLY GIRL ,CHARLOTTE BAG ALPHABET  DESIGN, TOADSTOOL BEDSIDE LIGHT ,CHILDRENS SPACEBOY MUG,FOLDING MIRROR IVORY 
KIDS RAIN MAC BLUE,KIDS RAIN MAC PINK,RAIN PONCHO RETROSPOT,POLKADOT RAIN HAT ,SCOTTIE DOGS BABY BIB,TOTE BAG I LOVE LONDON
KIDS RAIN MAC PINK,KIDS RAIN MAC BLUE,RAIN PONCHO RETROSPOT,MINI JIGSAW BUNNIES,SILVER FLOWR PINK SHELL NECKLACE,MINI JIGSAW DINOSAUR 
KINGS CHOICE BISCUIT TIN,KINGS CHOICE TEA CADDY ,GLASS JAR KINGS CHOICE,METAL SIGN EMPIRE TEA,KINGS CHOICE MUG,SET OF 3 CAKE TINS SKETCHBOOK
KINGS CHOICE GIANT TUBE MATCHES,RETROSPOT GIANT TUBE MATCHES,RETROSPOT SMALL TUBE MATCHES,YULETIDE IMAGES S/6 PAPER BOXES,FLOWER PURPLE CLOCK WITH SUCKER,BLUE POLKADOT PUDDING BOWL
KINGS CHOICE MUG,HOME SWEET HOME MUG,GLAMOROUS  MUG,RETRO COFFEE MUGS ASSORTED,IF YOU CAN'T STAND THE HEAT MUG,SAVE THE PLANET MUG
KINGS CHOICE TEA CADDY ,KINGS CHOICE BISCUIT TIN,METAL SIGN EMPIRE TEA,KINGS CHOICE MUG,GLASS JAR KINGS CHOICE,POLKADOT MUG PINK 
KITCHEN FLOWER POTS WALL PLAQUE,SMALL KITCHEN FLOWER POTS PLAQUE,TURQ ICE CREAM BUM BAG ,SET OF 3 PINK FLYING DUCKS,CLASSIC DIAMANTE EARRINGS JET,PINK DAISY BAG CHARM
KITCHEN METAL SIGN,BATHROOM METAL SIGN,TOILET METAL SIGN,LAUNDRY 15C METAL SIGN,WASHROOM METAL SIGN,HOT BATHS METAL SIGN
KITTENS DESIGN FLANNEL,STRAWBERRIES  DESIGN FLANNEL ,PARTY TIME DESIGN FLANNEL,CAKES AND RABBITS DESIGN FLANNEL ,"LETTER ""D"" BLING KEY RING",EIGHT PIECE CREEPY CRAWLIE SET
KITTY PENCIL ERASERS,PARTY TIME PENCIL ERASERS,SLEEPING CAT ERASERS,RECYCLED PENCIL WITH RABBIT ERASER,DOGGY RUBBER,LETTER SHAPE PENCIL SHARPENER
KNEELING MAT HOUSEWORK  DESIGN,GARDENERS KNEELING PAD CUP OF TEA ,GARDENERS KNEELING PAD KEEP CALM ,LARGE WHITE HEART OF WICKER,HOT WATER BOTTLE KEEP CALM,MOODY GIRL DOOR HANGER 
KNICKERBOCKERGLORY MAGNET ASSORTED ,SET OF 5 PANCAKE DAY MAGNETS,SET OF 5 MINI GROCERY MAGNETS,BIG DOUGHNUT FRIDGE MAGNETS,SET OF 5 LUCKY CAT MAGNETS ,SET OF 4 JAM JAR MAGNETS
KNITTED RABBIT DOLL ,KNITTED RABBIT DOLL ,GREEN/BLUE CERAMIC CANDLE HOLDER,PURPLE/BLUE CERAMIC CANDLE HOLDER,PINK STRAWBERRY HANDBAG ,FLORAL PINK MONSTER
KNITTED UNION FLAG HOT WATER BOTTLE,RED WOOLLY HOTTIE WHITE HEART.,HOT WATER BOTTLE KEEP CALM,WHITE SKULL HOT WATER BOTTLE ,HAND WARMER UNION JACK,ENGLISH ROSE HOT WATER BOTTLE
LA JARDIN BOTANIQUE CUSHION COVER,BELLE JARDINIERE CUSHION COVER,HOME SWEET HOME CUSHION COVER ,SET/5 RED SPOTTY LID GLASS BOWLS,FRYING PAN RED POLKADOT ,GREEN POP ART MAO CUSHION COVER 
LA PALMIERA TILE COASTER,PSYCHEDELIC TILE COASTER,WAKE UP COCKEREL TILE COASTER,FLOWERS TILE COASTER,LIGHT PINK FLOCK GLASS CANDLEHOLDER,CHAMBRE HOOK
LA PALMIERA TILE HOOK,MIXED NUTS LIGHT GREEN BOWL,WAKE UP COCKEREL TILE HOOK,ASSORTED CAKES FRIDGE MAGNETS,FRENCH STYLE STORAGE JAR JAM,MAXWELL 2 TONE BLUE 60 PAGE PHOTO A
LA PALMIERA WALL THERMOMETER,IVORY SHELL HEART EARRINGS,BLUE/NAT SHELL NECKLACE W PENDANT,PINK/WHITE GLASS DEMI CHOKER,VINTAGE NOTEBOOK BEAUTY GIRL,ENVELOPE 50 ROMANTIC IMAGES
LADIES & GENTLEMEN METAL SIGN,PLEASE ONE PERSON METAL SIGN,HAND OVER THE CHOCOLATE   SIGN ,COOK WITH WINE METAL SIGN ,NO SINGING METAL SIGN,GIN + TONIC DIET METAL SIGN
LADLE LOVE HEART PINK,FUNKY MONKEY MUG,LADLE LOVE HEART RED ,PINK POLKADOT KIDS BAG,"LETTER ""B"" BLING KEY RING",BLACK FLOWER CANDLE PLATE
LADLE LOVE HEART RED ,LADLE LOVE HEART PINK,CUPID SCENTED CANDLE IN GLASS,ENVELOPE 50 CURIOUS IMAGES,FROG CANDLE,75 BLACK PETIT FOUR CASES
LADS ONLY TISSUE BOX,MOTORING TISSUE BOX,CARAVAN SQUARE TISSUE BOX,EMPIRE TISSUE BOX,TOXIC AREA  DOOR HANGER ,PINK PAISLEY SQUARE TISSUE BOX 
LADYBIRD + BEE RAFFIA FOOD COVER,RED FLOWER CROCHET FOOD COVER,CHERRY CROCHET FOOD COVER,STRAWBERRY RAFFIA FOOD COVER,VINTAGE BEAD PINK JEWEL STAND,BIG POLKADOT MUG
LANDMARK FRAME BAKER STREET ,LANDMARK FRAME COVENT GARDEN ,LANDMARK FRAME OXFORD STREET,LANDMARK FRAME LONDON BRIDGE ,LANDMARK FRAME NOTTING HILL ,LANDMARK FRAME CAMDEN TOWN 
LANDMARK FRAME CAMDEN TOWN ,LANDMARK FRAME LONDON BRIDGE ,LANDMARK FRAME COVENT GARDEN ,LANDMARK FRAME OXFORD STREET,LANDMARK FRAME NOTTING HILL ,LANDMARK FRAME BAKER STREET 
LANDMARK FRAME COVENT GARDEN ,LANDMARK FRAME OXFORD STREET,LANDMARK FRAME NOTTING HILL ,LANDMARK FRAME LONDON BRIDGE ,LANDMARK FRAME BAKER STREET ,LANDMARK FRAME CAMDEN TOWN 
LANDMARK FRAME LONDON BRIDGE ,LANDMARK FRAME COVENT GARDEN ,LANDMARK FRAME NOTTING HILL ,LANDMARK FRAME OXFORD STREET,LANDMARK FRAME CAMDEN TOWN ,LANDMARK FRAME BAKER STREET 
LANDMARK FRAME NOTTING HILL ,LANDMARK FRAME COVENT GARDEN ,LANDMARK FRAME OXFORD STREET,LANDMARK FRAME LONDON BRIDGE ,LANDMARK FRAME BAKER STREET ,LANDMARK FRAME CAMDEN TOWN 
LANDMARK FRAME OXFORD STREET,LANDMARK FRAME COVENT GARDEN ,LANDMARK FRAME NOTTING HILL ,LANDMARK FRAME LONDON BRIDGE ,LANDMARK FRAME BAKER STREET ,LANDMARK FRAME CAMDEN TOWN 
LANTERN CREAM GAZEBO ,WHITE METAL LANTERN,HANGING METAL HEART LANTERN,WHITE HANGING HEART T-LIGHT HOLDER,WOODEN PICTURE FRAME WHITE FINISH,LOVE BUILDING BLOCK WORD
LARGE  TALL CAMPHOR WOOD TOADSTOOL ,LARGE CAMPHOR WOOD FIELD MUSHROOM ,SMALL TALL CAMPHOR WOOD TOADSTOOL,CAMPHOR WOOD PORTOBELLO MUSHROOM,SMALL CAMPHOR WOOD FIELD  MUSHROOM,BLUE BLOSSOM HAIR CLIP
LARGE ANTIQUE WHITE PHOTO FRAME,FAMILY PHOTO FRAME CORNICE,PHOTO FRAME CORNICE,FAMILY ALBUM WHITE PICTURE FRAME,SMALL PARISIENNE HEART PHOTO FRAME ,TRIPLE PHOTO FRAME CORNICE 
LARGE APOTHECARY MEASURING JAR ,APOTHECARY MEASURING JAR,SMALL APOTHECARY MEASURING JAR ,SET 12 COLOURING PENCILS DOILEY, I LOVE LONDON MINI RUCKSACK,SET 36 COLOURING PENCILS DOILEY
LARGE BLACK DIAMANTE HAIRSLIDE,DROP DIAMANTE EARRINGS GREEN,DOORKNOB CERAMIC IVORY,LARGE BLACK DIAMANTE HAIRSLIDE,DIAMANTE HAIR GRIP PACK/2 CRYSTAL,DIAMANTE HAIR GRIP PACK/2 PERIDOT
LARGE BLUE PROVENCAL CERAMIC BALL,CLASSIC DIAMANTE EARRINGS JET,2 DAISIES HAIR COMB,PURPLE ENAMEL FLOWER HAIR TIE,"GARLAND, MAGIC GARDEN 1.8M",DAISY HAIR COMB
LARGE BONNE JAM JAR  T-LIGHT HOLDER,SMALL BONNE JAM JAR  T-LIGHT HOLDER,CREAM CLIMBING HYDRANGA ART FLOWER,WHITE HYDRANGEA ART FLOWER,SILVER VANILLA  FLOWER CANDLE POT,SMALL APOTHECARY MEASURING JAR 
LARGE CAKE STAND  HANGING STRAWBERY,CERAMIC BOWL WITH STRAWBERRY DESIGN,MINI CAKE STAND  HANGING STRAWBERY,CERAMIC CAKE STAND + HANGING CAKES,MINI CAKE STAND WITH HANGING CAKES,CERAMIC PLATE STRAWBERRY DESIGN
LARGE CAKE STAND HANGING HEARTS,CERAMIC BOWL WITH LOVE HEART DESIGN,LARGE CAKE STAND  HANGING STRAWBERY,GLASS CHALICE BLUE SMALL ,CUBIC MUG PINK POLKADOT,PINK FLOCK PHOTO FRAME 
LARGE CAKE TOWEL CHOCOLATE SPOTS,"SWISS ROLL TOWEL, CHOCOLATE  SPOTS",LARGE CAKE TOWEL PINK SPOTS,FAIRY CAKE FLANNEL ASSORTED COLOUR,"SWISS ROLL TOWEL, PINK  SPOTS",SET OF 4 FAIRY CAKE PLACEMATS 
LARGE CAKE TOWEL PINK SPOTS,LARGE CAKE TOWEL CHOCOLATE SPOTS,"SWISS ROLL TOWEL, CHOCOLATE  SPOTS","SWISS ROLL TOWEL, PINK  SPOTS",SWISS ROLL TOWEL PINK  SPOTS,CREAM SLICE FLANNEL PINK SPOT 
"LARGE CAKE TOWEL, CHOCOLATE SPOTS",LARGE BLUE PROVENCAL CERAMIC BALL,CREAM SLICE FLANNEL CHOCOLATE SPOT ,SMALL BLUE PROVENCAL CERAMIC BALL,BLUE DISCO HANDBAG,JINGLE BELLS TREE DECORATION
LARGE CAMPHOR WOOD FIELD MUSHROOM ,LARGE  TALL CAMPHOR WOOD TOADSTOOL ,SMALL CAMPHOR WOOD FIELD  MUSHROOM,SMALL TALL CAMPHOR WOOD TOADSTOOL,CAMPHOR WOOD PORTOBELLO MUSHROOM,PINK PAINTED KASHMIRI CHAIR
LARGE CERAMIC TOP STORAGE JAR,MEDIUM CERAMIC TOP STORAGE JAR,SMALL CERAMIC TOP STORAGE JAR ,SET OF 3 CAKE TINS PANTRY DESIGN ,SET OF 4 PANTRY JELLY MOULDS,SET OF 6 SPICE TINS PANTRY DESIGN
LARGE CHINESE STYLE SCISSOR,SMALL CHINESE STYLE SCISSOR,MEDIUM CHINESE STYLE SCISSOR,DIAMANTE HAIR GRIP PACK/2 LT ROSE,PAIR OF PINK FLOWER CLUSTER SLIDE,PURPLE FRANGIPANI NECKLACE
LARGE CIRCULAR MIRROR MOBILE,ASSORTED COLOURED CIRCLE MOBILE ,ASSORTED CIRCULAR MOBILE,PINK/BLUE DISC/MIRROR STRING,RED PEONY CUSHION COVER ,GREEN PEONY CUSHION COVER
LARGE CRYSTAL DIAMANTE HAIRSLIDE,DIAMANTE HAIR GRIP PACK/2 PERIDOT,2 DAISIES HAIR COMB,DOORKNOB CERAMIC IVORY,PINK DAISY BAG CHARM,BLACK 3 BEAD DROP EARRINGS
LARGE DECO JEWELLERY STAND,SMALL DECO JEWELLERY STAND,SINGLE WIRE HOOK IVORY HEART,SINGLE ANTIQUE ROSE HOOK IVORY,LED TEA LIGHTS,GLAMOROUS  MUG
LARGE HANGING IVORY & RED WOOD BIRD,SMALL HANGING IVORY/RED WOOD BIRD,THREE CANVAS LUGGAGE TAGS,HEART FILIGREE DOVE  SMALL,2 PICTURE BOOK EGGS EASTER BUNNY,PASTEL BLUE PHOTO ALBUM 
LARGE HEART MEASURING SPOONS,SMALL HEART MEASURING SPOONS,FOOD CONTAINER SET 3 LOVE HEART ,SET OF 3 HEART COOKIE CUTTERS,LOVE HEART SOCK HANGER,RED LOVE HEART SHAPE CUP
LARGE IVORY HEART WALL ORGANISER,SMALL IVORY HEART WALL ORGANISER,LARGE ZINC HEART WALL ORGANISER,CREAM HEART CARD HOLDER,HANGING ENGRAVED METAL HEART,SMALL ZINC HEART WALL ORGANISER
LARGE JEWELLERY STAND,SMALL JEWELLERY STAND,CORDIAL JUG,VINTAGE ENGRAVED HEART,ALUMINIUM HEART,EDWARDIAN PHOTO FRAME
LARGE MEDINA STAMPED METAL BOWL ,MEDIUM MEDINA STAMPED METAL BOWL ,SMALL MEDINA STAMPED METAL BOWL ,ZINC HEART LATTICE CHARGER SMALL,ZINC HEART LATTICE CHARGER LARGE,EMBOSSED HEART TRINKET BOX
LARGE MINT DIAMANTE HAIRSLIDE,GREEN PAIR HEART HAIR SLIDES,LARGE CRYSTAL DIAMANTE HAIRSLIDE,PURPLE ENAMEL FLOWER HAIR TIE,SET/3 TALL GLASS CANDLE HOLDER PINK,PINK DAISY BAG CHARM
LARGE PARLOUR FRAME,LARGE PARLOUR FRAME,SMALL PARLOUR FRAME,FRYING PAN RED POLKADOT ,MISELTOE HEART WREATH CREAM,LUNCH BAG RED SPOTTY
LARGE PARLOUR PICTURE FRAME,MEDIUM PARLOUR PICTURE FRAME ,SMALL PARLOUR PICTURE FRAME,WALL ART BICYCLE SAFTEY ,IVORY SHELL HEART EARRINGS,AMBER GLASS/SHELL/PEARL NECKLACE
LARGE PINK GLASS SUNDAE DISH,SMALL PINK GLASS SUNDAE DISH,GLASS CHALICE GREEN  LARGE ,GLASS CHALICE BLUE SMALL ,JARDIN ETCHED GLASS FRUITBOWL,TUMBLER NEW ENGLAND
LARGE POPCORN HOLDER ,SMALL POPCORN HOLDER,POPCORN HOLDER,PINK & WHITE BREAKFAST TRAY,SET OF 6 STRAWBERRY CHOPSTICKS,ICON PLACEMAT POP ART ELVIS
LARGE PURPLE BABUSHKA NOTEBOOK  ,LARGE RED BABUSHKA NOTEBOOK ,LARGE YELLOW BABUSHKA NOTEBOOK ,SMALL RED BABUSHKA NOTEBOOK ,SMALL YELLOW BABUSHKA NOTEBOOK ,SMALL PURPLE BABUSHKA NOTEBOOK 
LARGE RED BABUSHKA NOTEBOOK ,LARGE YELLOW BABUSHKA NOTEBOOK ,LARGE PURPLE BABUSHKA NOTEBOOK  ,SMALL RED BABUSHKA NOTEBOOK ,SMALL PURPLE BABUSHKA NOTEBOOK ,SMALL YELLOW BABUSHKA NOTEBOOK 
LARGE RED RETROSPOT WINDMILL,SMALL RED RETROSPOT WINDMILL,LARGE SKULL WINDMILL,SMALL SKULL WINDMILL,BOYS VINTAGE TIN SEASIDE BUCKET,SET OF 16 VINTAGE IVORY CUTLERY
LARGE ROUND WICKER PLATTER ,GLASS JAR PEACOCK BATH SALTS,CHRYSANTHEMUM  JOURNAL,AMBER CHUNKY BEAD BRACELET W STRAP,SET 3 WICKER STORAGE BASKETS ,MEDIUM MEDINA STAMPED METAL BOWL 
LARGE SKULL WINDMILL,SMALL SKULL WINDMILL,"LETTER ""R"" BLING KEY RING",FUNKY MONKEY MUG,PINK POLKADOT KIDS BAG,SILVER AND BLACK ORBIT NECKLACE
LARGE STRIPES CHOCOLATE GIFT BAG,SMALL STRIPES CHOCOLATE GIFT BAG ,SMALL POLKADOT CHOCOLATE GIFT BAG ,DOORKNOB CRACKED GLAZE BLUE,DIAMANTE HAIR GRIP PACK/2 PERIDOT,ROSE PENDANT TRIPLE SHELL NECKLACE
LARGE TORTILLA DESIGN RED BOWL,PURPLE FRANGIPANI NECKLACE,DIAMANTE HAIR GRIP PACK/2 BLACK DIA,DIAMANTE HAIR GRIP PACK/2 LT ROSE,GREY ACRYLIC FACETED BANGLE,WHITE FRANGIPANI NECKLACE
LARGE WHITE HEART OF WICKER,SMALL WHITE HEART OF WICKER,HEART OF WICKER LARGE,IVORY WICKER HEART LARGE,WHITE WICKER STAR ,HEART OF WICKER SMALL
LARGE WHITE HONEYCOMB PAPER BELL  ,WHITE BELL HONEYCOMB PAPER ,WHITE BELL HONEYCOMB PAPER GARLAND ,WHITE HONEYCOMB PAPER GARLAND ,GOLD COSMETIC BAG PINK STAR,3D HEARTS  HONEYCOMB PAPER GARLAND
LARGE WHITE/PINK ROSE ART FLOWER,MEDIUM WHITE/PINK ROSE ART FLOWER,"WRAP, CAROUSEL",SMALL WHITE/PINK ROSE ART FLOWER,DIAMANTE HAIR GRIP PACK/2 PERIDOT,DROP DIAMANTE EARRINGS GREEN
LARGE YELLOW BABUSHKA NOTEBOOK ,LARGE RED BABUSHKA NOTEBOOK ,LARGE PURPLE BABUSHKA NOTEBOOK  ,SMALL YELLOW BABUSHKA NOTEBOOK ,SMALL RED BABUSHKA NOTEBOOK ,SMALL PURPLE BABUSHKA NOTEBOOK 
LARGE ZINC GLASS CANDLEHOLDER,DOTCOM POSTAGE,COPPER AND BRASS BAG CHARM,CRYSTAL CZECH CROSS PHONE CHARM,IVORY GOLD METAL BAG CHARM,BEADED CRYSTAL HEART GREEN ON STICK
LARGE ZINC HEART WALL ORGANISER,SMALL ZINC HEART WALL ORGANISER,LARGE IVORY HEART WALL ORGANISER,BLACK HEART CARD HOLDER,"WALL ART,ONLY ONE PERSON ",ORANGE FELT VASE + FLOWERS
LASER CUT MULTI STRAND NECKLACE,LILAC VOTIVE CANDLE,AMETHYST DIAMANTE EXPANDABLE RING,BLACK DIAMANTE EXPANDABLE RING,AMBER DIAMANTE EXPANDABLE RING,CRYSTAL DIAMANTE EXPANDABLE RING
LAUNDRY 15C METAL SIGN,WASHROOM METAL SIGN,HOT BATHS METAL SIGN,TOILET METAL SIGN,"AIRLINE LOUNGE,METAL SIGN",KITCHEN METAL SIGN
LAUREL HEART ANTIQUE GOLD,LAUREL STAR ANTIQUE GOLD,CHRISTMAS TREE HANGING GOLD,LAUREL HEART ANTIQUE SILVER,LAUREL STAR ANTIQUE SILVER ,REINDEER HEART DECORATION GOLD
LAUREL HEART ANTIQUE SILVER,LAUREL STAR ANTIQUE SILVER ,LAUREL HEART ANTIQUE GOLD,LAUREL STAR ANTIQUE GOLD,REINDEER HEART DECORATION SILVER,CHERUB HEART DECORATION SILVER 
LAUREL STAR ANTIQUE GOLD,LAUREL STAR ANTIQUE SILVER ,LAUREL HEART ANTIQUE GOLD,CHRISTMAS TREE HANGING GOLD,LAUREL HEART ANTIQUE SILVER,CHRISTMAS TREE HANGING SILVER 
LAUREL STAR ANTIQUE SILVER ,LAUREL HEART ANTIQUE SILVER,LAUREL STAR ANTIQUE GOLD,LAUREL HEART ANTIQUE GOLD,CHRISTMAS TREE HANGING SILVER ,REINDEER HEART DECORATION SILVER
LAVENDER INCENSE 40 CONES IN TIN,VANILLA INCENSE 40 CONES IN TIN,PEG BAG APPLE DESIGN,SET/5 RED SPOTTY LID GLASS BOWLS,FRYING PAN RED POLKADOT ,LUNCH BAG RED SPOTTY
LAVENDER INCENSE IN TIN,VANILLA INCENSE IN TIN,VANILLA INCENSE 40 CONES IN TIN,UNION JACK HOT WATER BOTTLE ,LASER CUT MULTI STRAND NECKLACE,LIGHT DECORATION BATTERY OPERATED
LAVENDER SCENT CAKE CANDLE,PURPLE DRESS JEWELLERY STAND,GOLD APERITIF GLASS,BLACK 3 BEAD DROP EARRINGS,BLUE/YELLOW CERAMIC CANDLE HOLDER,PINK DAISY BAG CHARM
LAVENDER SCENTED FABRIC HEART,FOUR HOOK  WHITE LOVEBIRDS,MIRRORED DOVE WALL DECORATION,HEART IVORY TRELLIS SMALL,FIVE HEART HANGING DECORATION,HEART DECORATION PAINTED ZINC 
LAVENDER TOILETTE BOTTLE,HOME SWEET HOME BOTTLE ,GLASS APOTHECARY BOTTLE ELIXIR,GLASS APOTHECARY BOTTLE TONIC,GLASS APOTHECARY BOTTLE PERFUME,DECORATIVE CATS BATHROOM BOTTLE
LAZER CUT NECKLACE W PASTEL BEADS,PURPLE CHUNKY GLASS+BEAD NECKLACE,PACK 4 FLOWER/BUTTERFLY PATCHES,DAISY HAIR BAND,ST GEORGE SET OF 10 PARTY LIGHTS,PURPLE FRANGIPANI NECKLACE
LE GRAND TRAY CHIC SET,"TRAY, BREAKFAST IN BED",FILIGREE HEART BUTTERFLY WHITE ,WOOD BLACK BOARD ANT WHITE FINISH,PETIT TRAY CHIC,METAL 4 HOOK HANGER FRENCH CHATEAU
LE JARDIN BOTANIQUE CUSHION COVER,BELLE JARDINIERE CUSHION COVER,HOME SWEET HOME CUSHION COVER ,POSTE FRANCE CUSHION COVER,POLYESTER FILLER PAD 40x40cm,HOME SWEET HOME HANGING HEART
LEAVES MAGNETIC  SHOPPING LIST,ENAMEL MUG PANTRY,ENAMEL BOWL PANTRY,ENAMEL JUG PANTRY,BAKING MOULD CHOCOLATE CUP CAKES,CHARLOTTE BAG ALPHABET  DESIGN
LED TEA LIGHTS,FRUIT SALAD BAG CHARM,VEGETABLE MAGNETIC  SHOPPING LIST,SET OF 6 HEART CHOPSTICKS,LARGE DECO JEWELLERY STAND,PORCELAIN ROSE SMALL
LETS GO SHOPPING COTTON TOTE BAG,SAVE THE PLANET COTTON TOTE BAG,ECONOMY LUGGAGE TAG,RED PURSE WITH PINK HEART,PURPLE FRANGIPANI NECKLACE,JUNGLE POPSICLES ICE LOLLY MOULDS
"LETTER ""A"" BLING KEY RING","LETTER ""E"" BLING KEY RING","LETTER ""K"" BLING KEY RING","LETTER ""L"" BLING KEY RING","LETTER ""C"" BLING KEY RING","LETTER ""D"" BLING KEY RING"
"LETTER ""B"" BLING KEY RING","LETTER ""B"" BLING KEY RING","LETTER ""J"" BLING KEY RING","LETTER ""R"" BLING KEY RING","LETTER ""N"" BLING KEY RING","LETTER ""Y"" BLING KEY RING"
"LETTER ""C"" BLING KEY RING","LETTER ""A"" BLING KEY RING","LETTER ""E"" BLING KEY RING","LETTER ""K"" BLING KEY RING","LETTER ""H"" BLING KEY RING","LETTER ""L"" BLING KEY RING"
"LETTER ""D"" BLING KEY RING","LETTER ""L"" BLING KEY RING","LETTER ""A"" BLING KEY RING","LETTER ""S"" BLING KEY RING","LETTER ""M"" BLING KEY RING","LETTER ""J"" BLING KEY RING"
"LETTER ""E"" BLING KEY RING","LETTER ""A"" BLING KEY RING","LETTER ""K"" BLING KEY RING","LETTER ""L"" BLING KEY RING","LETTER ""P"" BLING KEY RING","LETTER ""C"" BLING KEY RING"
"LETTER ""F"" BLING KEY RING","LETTER ""O"" BLING KEY RING","LETTER ""W"" BLING KEY RING","LETTER ""T"" BLING KEY RING","LETTER ""U"" BLING KEY RING","LETTER ""Z"" BLING KEY RING"
"LETTER ""G"" BLING KEY RING","LETTER ""J"" BLING KEY RING","LETTER ""M"" BLING KEY RING","LETTER ""H"" BLING KEY RING","LETTER ""L"" BLING KEY RING","LETTER ""F"" BLING KEY RING"
"LETTER ""H"" BLING KEY RING","LETTER ""J"" BLING KEY RING","LETTER ""M"" BLING KEY RING","LETTER ""C"" BLING KEY RING","LETTER ""L"" BLING KEY RING","LETTER ""V"" BLING KEY RING"
"LETTER ""I"" BLING KEY RING","LETTER ""E"" BLING KEY RING","LETTER ""J"" BLING KEY RING","LETTER ""M"" BLING KEY RING","LETTER ""U"" BLING KEY RING","LETTER ""W"" BLING KEY RING"
"LETTER ""J"" BLING KEY RING","LETTER ""J"" BLING KEY RING","LETTER ""H"" BLING KEY RING","LETTER ""L"" BLING KEY RING","LETTER ""B"" BLING KEY RING","LETTER ""V"" BLING KEY RING"
"LETTER ""K"" BLING KEY RING","LETTER ""A"" BLING KEY RING","LETTER ""E"" BLING KEY RING","LETTER ""L"" BLING KEY RING","LETTER ""C"" BLING KEY RING","LETTER ""S"" BLING KEY RING"
"LETTER ""L"" BLING KEY RING","LETTER ""D"" BLING KEY RING","LETTER ""S"" BLING KEY RING","LETTER ""A"" BLING KEY RING","LETTER ""M"" BLING KEY RING","LETTER ""J"" BLING KEY RING"
"LETTER ""M"" BLING KEY RING","LETTER ""J"" BLING KEY RING","LETTER ""H"" BLING KEY RING","LETTER ""L"" BLING KEY RING","LETTER ""B"" BLING KEY RING","LETTER ""V"" BLING KEY RING"
"LETTER ""N"" BLING KEY RING","LETTER ""B"" BLING KEY RING","LETTER ""V"" BLING KEY RING","LETTER ""K"" BLING KEY RING","LETTER ""R"" BLING KEY RING","LETTER ""Y"" BLING KEY RING"
"LETTER ""O"" BLING KEY RING","LETTER ""W"" BLING KEY RING","LETTER ""O"" BLING KEY RING","LETTER ""U"" BLING KEY RING","LETTER ""T"" BLING KEY RING","LETTER ""F"" BLING KEY RING"
"LETTER ""P"" BLING KEY RING","LETTER ""E"" BLING KEY RING","LETTER ""L"" BLING KEY RING","LETTER ""B"" BLING KEY RING","LETTER ""V"" BLING KEY RING","LETTER ""A"" BLING KEY RING"
"LETTER ""R"" BLING KEY RING","LETTER ""V"" BLING KEY RING","LETTER ""B"" BLING KEY RING","LETTER ""Y"" BLING KEY RING","LETTER ""M"" BLING KEY RING","LETTER ""J"" BLING KEY RING"
"LETTER ""S"" BLING KEY RING","LETTER ""L"" BLING KEY RING","LETTER ""D"" BLING KEY RING","LETTER ""A"" BLING KEY RING","LETTER ""M"" BLING KEY RING","LETTER ""J"" BLING KEY RING"
"LETTER ""T"" BLING KEY RING","LETTER ""W"" BLING KEY RING","LETTER ""O"" BLING KEY RING","LETTER ""U"" BLING KEY RING","LETTER ""T"" BLING KEY RING","LETTER ""F"" BLING KEY RING"
"LETTER ""U"" BLING KEY RING","LETTER ""W"" BLING KEY RING","LETTER ""O"" BLING KEY RING","LETTER ""U"" BLING KEY RING","LETTER ""T"" BLING KEY RING","LETTER ""F"" BLING KEY RING"
"LETTER ""V"" BLING KEY RING","LETTER ""B"" BLING KEY RING","LETTER ""J"" BLING KEY RING","LETTER ""R"" BLING KEY RING","LETTER ""N"" BLING KEY RING","LETTER ""Y"" BLING KEY RING"
"LETTER ""W"" BLING KEY RING","LETTER ""W"" BLING KEY RING","LETTER ""O"" BLING KEY RING","LETTER ""U"" BLING KEY RING","LETTER ""T"" BLING KEY RING","LETTER ""F"" BLING KEY RING"
"LETTER ""Y"" BLING KEY RING","LETTER ""V"" BLING KEY RING","LETTER ""B"" BLING KEY RING","LETTER ""R"" BLING KEY RING","LETTER ""J"" BLING KEY RING","LETTER ""N"" BLING KEY RING"
"LETTER ""Z"" BLING KEY RING","LETTER ""W"" BLING KEY RING","LETTER ""O"" BLING KEY RING","LETTER ""U"" BLING KEY RING","LETTER ""T"" BLING KEY RING","LETTER ""F"" BLING KEY RING"
LETTER HOLDER HOME SWEET HOME,SHELF WITH 4 HOOKS HOME SWEET HOME,HOME SWEET HOME 3 PEG HANGER ,HOME SWEET HOME KEY HOLDER,HOME SWEET HOME BLACKBOARD,RUSTIC MIRROR WITH LACE HEART
LETTER SHAPE PENCIL SHARPENER,PURPLE DRESS JEWELLERY STAND,SLEEPING CAT ERASERS,TROPICAL PASSPORT COVER ,KITTY PENCIL ERASERS,PURPLE FRANGIPANI NECKLACE
LIGHT DECORATION BATTERY OPERATED,HANGING BUTTERFLY  EGG,QUEEN OF THE SKIES HOLIDAY PURSE ,HANGING HEART BASKET,GREEN PEONY CUSHION COVER,RED PEONY CUSHION COVER 
LIGHT GARLAND BUTTERFILES PINK,WOODEN OWLS LIGHT GARLAND ,SET 10 NIGHT OWL LIGHTS,RED TOADSTOOL LED NIGHT LIGHT,SNOWFLAKE PORTABLE TABLE LIGHT ,FELTCRAFT BUTTERFLY HEARTS
LIGHT PINK FLOCK GLASS CANDLEHOLDER,LILAC FEATHERS CURTAIN,CUTE BIRD CEATURE SCREEN,CUTE RABBIT CEATURE SCREEN ,PSYCHEDELIC METAL SIGN CALENDAR,PSYCHEDELIC WALL THERMOMETER
LIGHTHOUSE PRINTED METAL SIGN,WHITE ANEMONE ARTIFICIAL FLOWER,PINK BOUDOIR T-LIGHT HOLDER,HAPPY BIRTHDAY CARD TEDDY/CAKE,"WRAP, CAROUSEL",SET OF 36 VINTAGE CHRISTMAS DOILIES
LILAC DIAMANTE PEN IN GIFT BOX,PINK DIAMANTE PEN IN GIFT BOX,SILVER DIAMANTE PEN IN GIFT BOX,GREEN  DIAMANTE PEN IN GIFT BOX,BLUE  DIAMANTE PEN IN GIFT BOX,BLACK GLASS BRACELET W HEART CHARMS
LILAC FEATHERS CURTAIN,LIGHT PINK FLOCK GLASS CANDLEHOLDER,PINK/PURPLE CIRCLE CURTAIN,BLUE DAISY MOBILE,FUSCHIA VOILE POINTY SHOE DEC,BLUE TABLE RUN FLOWER
LILAC GAUZE BUTTERFLY LAMPSHADE,GIRLY PINK TOOL SET,PINK GAUZE BUTTERFLY LAMPSHADE,PINK BREAKFAST CUP AND SAUCER ,BLUE BREAKFAST CUP AND SAUCER ,BLUE FLOCK CUSHION COVER 
LILAC VOTIVE CANDLE,LASER CUT MULTI STRAND NECKLACE,AMETHYST DIAMANTE EXPANDABLE RING,BLACK DIAMANTE EXPANDABLE RING,AMBER DIAMANTE EXPANDABLE RING,SILVER OVAL SHAPE TRINKET BOX
LILY BROOCH AMETHYST COLOUR,LILY BROOCH OLIVE COLOUR,DIAMANTE BOW BROOCH GREEN COLOUR,DIAMANTE BOW BROOCH RED COLOUR,AMETHYST HOOP EARRING FLORAL LEAF,PINK/WHITE GLASS DEMI CHOKER
LILY BROOCH OLIVE COLOUR,LILY BROOCH AMETHYST COLOUR,DIAMANTE BOW BROOCH GREEN COLOUR,DIAMANTE BOW BROOCH RED COLOUR,SILVER DROP EARRINGS WITH FLOWER,ANT SILVER FUSCHIA BOUDICCA RING
LIPSTICK PEN BABY PINK,LIPSTICK PEN RED,LIPSTICK PEN FUSCHIA,FOLDING CAMPING SCISSOR W/KNIF & S,MOODY GIRL DOOR HANGER ,TOOTHPASTE TUBE PEN
LIPSTICK PEN FUSCHIA,LIPSTICK PEN RED,LIPSTICK PEN BABY PINK,TOXIC AREA  DOOR HANGER ,SMALL YELLOW BABUSHKA NOTEBOOK ,BLUE TEATIME PRINT BOWL 
LIPSTICK PEN RED,LIPSTICK PEN FUSCHIA,LIPSTICK PEN BABY PINK,TOOTHPASTE TUBE PEN,FOLDING CAMPING SCISSOR W/KNIF & S,CHOCOLATE CALCULATOR
LITTLE GREEN MONSTER SOFT TOY,LITTLE PINK MONSTER SOFT TOY,PINK CHERRY BLOSSOM CUP & SAUCER,SILVER FLOWR PINK SHELL NECKLACE,RUBY DROP CHANDELIER EARRINGS,SCENTED CANDLE IN DIGITALIS TIN
LITTLE PINK MONSTER SOFT TOY,LITTLE GREEN MONSTER SOFT TOY,PINK CHERRY BLOSSOM CUP & SAUCER,RUBY DROP CHANDELIER EARRINGS,SILVER FLOWR PINK SHELL NECKLACE,HILDA CANDY SPOT RABBIT
LOCAL CAFE MUG,PING! MICROWAVE PLATE,FULL ENGLISH BREAKFAST PLATE,OFFICE MUG WARMER CHOC+BLUE,FIRST CLASS HOLIDAY PURSE ,PIZZA PLATE IN BOX
LOLITA  DESIGN  COTTON TOTE BAG,RABBIT  DESIGN  COTTON TOTE BAG,FLORAL SOFT CAR TOY,WOODLAND DESIGN  COTTON TOTE BAG,PINK ENAMEL FLOWER HAIR TIE,SILVER FLOWR PINK SHELL NECKLACE
LONDON BUS COFFEE MUG,QUEENS GUARD COFFEE MUG,LUNCH BOX I LOVE LONDON,SOLDIERS EGG CUP ,PACK OF 12 LONDON TISSUES ,SET OF 4 KNICK KNACK TINS LONDON 
LONG SILVER NECKLACE PASTEL FLOWER,NEW BAROQUE B'FLY NECKLACE CRYSTAL,NEW BAROQUE B'FLY NECKLACE GREEN,GOLD/M.O.P PENDANT ORBIT NECKLACE,SILVER BRACELET W PASTEL FLOWER,SET/9 CHRISTMAS T-LIGHTS SCENTED 
LOVE BUILDING BLOCK WORD,HOME BUILDING BLOCK WORD,BATH BUILDING BLOCK WORD,WELCOME  WOODEN BLOCK LETTERS,WHITE HANGING HEART T-LIGHT HOLDER,HEART OF WICKER LARGE
LOVE GARLAND PAINTED ZINC ,HOME GARLAND PAINTED ZINC ,TRIANGULAR POUFFE VINTAGE ,FIRST CLASS HOLIDAY PURSE ,QUEEN OF SKIES LUGGAGE TAG,BATHROOM SET LOVE HEART DESIGN
LOVE HEART NAPKIN BOX ,200 BENDY SKULL STRAWS,FOLKART ZINC STAR CHRISTMAS DEC,SET 20 NAPKINS FAIRY CAKES DESIGN ,IVORY HANGING DECORATION  HEART,PACK 20 ENGLISH ROSE PAPER NAPKINS
LOVE HEART POCKET WARMER,HI TEC ALPINE HAND WARMER,HAND WARMER BABUSHKA DESIGN,MAGIC SHEEP WOOL GROWING FROM PAPER,JAZZ HEARTS PURSE NOTEBOOK,HAND WARMER OWL DESIGN
LOVE HEART SOCK HANGER,FOOD CONTAINER SET 3 LOVE HEART ,LARGE HEART MEASURING SPOONS,WOODLAND MINI RUCKSACK ,PURPLE FRANGIPANI NECKLACE,PINK LOVE HEART SHAPE CUP
LOVE HEART TRINKET POT,CERAMIC BOWL WITH LOVE HEART DESIGN,PINK DOUGHNUT TRINKET POT ,SWEETHEART CERAMIC TRINKET BOX,STRAWBERRY FAIRY CAKE TEAPOT,CHRISTMAS PUDDING TRINKET POT 
LOVE HOT WATER BOTTLE,HOT WATER BOTTLE KEEP CALM,SCOTTIE DOG HOT WATER BOTTLE,RETROSPOT HEART HOT WATER BOTTLE,HOT WATER BOTTLE TEA AND SYMPATHY,CHOCOLATE HOT WATER BOTTLE
LOVE LARGE WOOD LETTERS ,HOME SMALL WOOD LETTERS,PEACE SMALL WOOD LETTERS,RELAX LARGE WOOD LETTERS,MA CAMPAGNE CUTLERY BOX,EIGHT PIECE CREEPY CRAWLIE SET
LOVE POTION MASALA INCENSE,TRANQUILITY MASALA INCENSE,DRAGONS BLOOD INCENSE,WHITE SAGE INCENSE,FAIRY DREAMS INCENSE ,INCENSE BAZAAR PEACH
LOVE SEAT ANTIQUE WHITE METAL,BLUE CLIMBING HYDRANGA ART FLOWER,CROCHET ROSE DES CLOTHES HANGER,PINK POLKADOT KIDS BAG,SET 36 COLOURING PENCILS DOILEY,FUNKY MONKEY MUG
LOVEBIRD HANGING DECORATION WHITE ,HANGING HEART MIRROR DECORATION ,HEART FILIGREE DOVE  SMALL,HEART DECORATION WITH PEARLS ,HEART DECORATION PAINTED ZINC ,HEART IVORY TRELLIS LARGE
LOVELY BONBON STICKER SHEET,PANDA AND BUNNIES STICKER SHEET,SWEET PUDDING STICKER SHEET,CAKE SHOP  STICKER SHEET,EIGHT PIECE CREEPY CRAWLIE SET,ALPHABET HEARTS STICKER SHEET
LUNCH BAG  BLACK SKULL.,LUNCH BAG PINK POLKADOT,LUNCH BAG RED RETROSPOT,LUNCH BAG SUKI DESIGN ,LUNCH BAG SPACEBOY DESIGN ,LUNCH BAG CARS BLUE
LUNCH BAG ALPHABET DESIGN,LUNCH BAG APPLE DESIGN,LUNCH BAG CARS BLUE,LUNCH BAG SUKI DESIGN ,LUNCH BAG VINTAGE LEAF DESIGN,LUNCH BAG SPACEBOY DESIGN 
LUNCH BAG APPLE DESIGN,LUNCH BAG ALPHABET DESIGN,LUNCH BAG VINTAGE LEAF DESIGN,JUMBO BAG APPLES,LUNCH BAG RED RETROSPOT,LUNCH BAG SUKI DESIGN 
LUNCH BAG CARS BLUE,LUNCH BAG SUKI DESIGN ,LUNCH BAG PINK POLKADOT,LUNCH BAG RED RETROSPOT,LUNCH BAG SPACEBOY DESIGN ,LUNCH BAG  BLACK SKULL.
LUNCH BAG DOILEY PATTERN ,JUMBO BAG DOILEY PATTERNS,LUNCH BAG VINTAGE LEAF DESIGN,LUNCH BAG APPLE DESIGN,LUNCH BAG VINTAGE DOILY ,LUNCH BAG RED RETROSPOT
LUNCH BAG DOLLY GIRL DESIGN,LUNCH BAG SPACEBOY DESIGN ,LUNCH BAG RED RETROSPOT,LUNCH BAG SUKI DESIGN ,LUNCH BAG WOODLAND,LUNCH BAG  BLACK SKULL.
LUNCH BAG PAISLEY PARK  ,JUMBO BAG PAISLEY PARK,LUNCH BAG VINTAGE DOILY ,LUNCH BAG RED VINTAGE DOILY,VINTAGE DOILY JUMBO BAG RED ,LUNCH BAG  BLACK SKULL.
LUNCH BAG PINK POLKADOT,LUNCH BAG  BLACK SKULL.,LUNCH BAG CARS BLUE,LUNCH BAG RED RETROSPOT,LUNCH BAG SUKI DESIGN ,LUNCH BAG SPACEBOY DESIGN 
LUNCH BAG RED RETROSPOT,LUNCH BAG CARS BLUE,LUNCH BAG  BLACK SKULL.,LUNCH BAG PINK POLKADOT,LUNCH BAG SPACEBOY DESIGN ,LUNCH BAG SUKI DESIGN 
LUNCH BAG RED SPOTTY,MISELTOE HEART WREATH CREAM,PEG BAG APPLE DESIGN,SET/5 RED SPOTTY LID GLASS BOWLS,FRYING PAN RED POLKADOT ,WRAP A PRETTY THANK YOU
LUNCH BAG RED VINTAGE DOILY,LUNCH BAG VINTAGE DOILY ,VINTAGE DOILY JUMBO BAG RED ,LUNCH BAG PAISLEY PARK  ,JUMBO BAG PAISLEY PARK,LUNCH BAG VINTAGE LEAF DESIGN
LUNCH BAG SPACEBOY DESIGN ,LUNCH BAG WOODLAND,LUNCH BAG SUKI DESIGN ,LUNCH BAG DOLLY GIRL DESIGN,LUNCH BAG RED RETROSPOT,LUNCH BAG CARS BLUE
LUNCH BAG SUKI  DESIGN ,LUNCH BAG SUKI DESIGN ,JUMBO STORAGE BAG SUKI,LUNCH BAG RED RETROSPOT,LUNCH BAG CARS BLUE,LUNCH BAG WOODLAND
LUNCH BAG SUKI DESIGN ,LUNCH BAG CARS BLUE,LUNCH BAG SPACEBOY DESIGN ,LUNCH BAG  BLACK SKULL.,LUNCH BAG RED RETROSPOT,LUNCH BAG PINK POLKADOT
LUNCH BAG VINTAGE DOILEY ,JUMBO BAG VINTAGE DOILEY ,SET OF 4 KNICK KNACK TINS  DOILEY ,ZINC PLANT POT HOLDER,STORAGE TIN VINTAGE DOILEY ,VEGETABLE MAGNETIC  SHOPPING LIST
LUNCH BAG VINTAGE DOILY ,JUMBO BAG VINTAGE DOILY ,LUNCH BAG VINTAGE LEAF DESIGN,LUNCH BAG RED VINTAGE DOILY,LUNCH BAG PAISLEY PARK  ,LUNCH BAG APPLE DESIGN
LUNCH BAG VINTAGE LEAF DESIGN,LUNCH BAG APPLE DESIGN,LUNCH BAG ALPHABET DESIGN,JUMBO BAG VINTAGE LEAF,LUNCH BAG DOILEY PATTERN ,LUNCH BAG SUKI DESIGN 
LUNCH BAG WOODLAND,LUNCH BAG SPACEBOY DESIGN ,LUNCH BAG RED RETROSPOT,LUNCH BAG CARS BLUE,LUNCH BAG APPLE DESIGN,LUNCH BAG  BLACK SKULL.
LUNCH BOX I LOVE LONDON,CIRCUS PARADE LUNCH BOX ,SET OF 4 KNICK KNACK TINS LONDON ,SPACEBOY LUNCH BOX ,PACK OF 12 LONDON TISSUES ,LONDON BUS COFFEE MUG
LUNCH BOX WITH CUTLERY FAIRY CAKES ,SKULL LUNCH BOX WITH CUTLERY ,TOP SECRET PEN SET,CLEAR STATIONERY BOX SET ,BLUE PADDED SOFT MOBILE,LUNCH BOX WITH CUTLERY RETROSPOT 
LUNCH BOX WITH CUTLERY RETROSPOT ,STRAWBERRY LUNCH BOX WITH CUTLERY,SKULL LUNCH BOX WITH CUTLERY ,DINOSAUR LUNCH BOX WITH CUTLERY,LUNCH BAG RED RETROSPOT,ROUND SNACK BOXES SET OF 4 FRUITS 
LUSH GREENS RIBBONS,PINK POLKADOT KIDS BAG,FUNKY MONKEY MUG,BIG POLKADOT MUG,CHRISTMAS MUSICAL ZINC HEART ,LILY BROOCH OLIVE COLOUR
M/COLOUR POM-POM CURTAIN,METAL TUBE CHIME ON BAMBOO,FOLDING UMBRELLA CREAM POLKADOT,WHITE BAMBOO RIBS LAMPSHADE,ASSORTED TUTTI FRUTTI HEART BOX,DOORSTOP FOOTBALL DESIGN
MA CAMPAGNE CUTLERY BOX,SHOE SHINE BOX ,CONGRATULATIONS BUNTING,KEY CABINET MA CAMPAGNE,ZINC TOP  2 DOOR WOODEN SHELF ,CUPBOARD 3 DRAWER MA CAMPAGNE
MADRAS NOTEBOOK LARGE ,PURPLE FRANGIPANI NECKLACE,MADRAS NOTEBOOK MEDIUM,PURPLE DRESS JEWELLERY STAND,DIAMANTE HAIR GRIP PACK/2 RUBY,WHITE FRANGIPANI NECKLACE
MADRAS NOTEBOOK MEDIUM,MADRAS NOTEBOOK LARGE ,ASSORTED MINI MADRAS NOTEBOOK,JAZZ HEARTS PURSE NOTEBOOK,"SWISS ROLL TOWEL, CHOCOLATE  SPOTS",POLKADOT COFFEE CUP & SAUCER PINK
MAGAZINE RACK GEBRA ASSORTED ,CHAMPAGNE TRAY BLANK CARD,"SILICON CUBE 25W, BLUE",BLUE FLOCK GLASS CANDLEHOLDER,METALIC LEAVES BAG CHARMS,TEATIME FUNKY FLOWER BACKPACK FOR 2
MAGIC DRAWING SLATE BAKE A CAKE ,MAGIC DRAWING SLATE LEAP FROG ,MAGIC DRAWING SLATE BUNNIES ,MAGIC DRAWING SLATE SPACEBOY ,MAGIC DRAWING SLATE DOLLY GIRL ,MAGIC DRAWING SLATE GO TO THE FAIR 
MAGIC DRAWING SLATE BUNNIES ,MAGIC DRAWING SLATE PURDEY,MAGIC DRAWING SLATE LEAP FROG ,MAGIC DRAWING SLATE DINOSAUR,MAGIC DRAWING SLATE GO TO THE FAIR ,MAGIC DRAWING SLATE SPACEBOY 
MAGIC DRAWING SLATE CIRCUS PARADE  ,MAGIC DRAWING SLATE SPACEBOY ,MAGIC DRAWING SLATE DINOSAUR,MAGIC DRAWING SLATE PURDEY,MAGIC DRAWING SLATE DOLLY GIRL ,MAGIC DRAWING SLATE BUNNIES 
MAGIC DRAWING SLATE DINOSAUR,MAGIC DRAWING SLATE BUNNIES ,MAGIC DRAWING SLATE SPACEBOY ,MAGIC DRAWING SLATE CIRCUS PARADE  ,MAGIC DRAWING SLATE PURDEY,MAGIC DRAWING SLATE DOLLY GIRL 
MAGIC DRAWING SLATE DOLLY GIRL ,MAGIC DRAWING SLATE SPACEBOY ,MAGIC DRAWING SLATE BUNNIES ,MAGIC DRAWING SLATE BAKE A CAKE ,MAGIC DRAWING SLATE CIRCUS PARADE  ,MAGIC DRAWING SLATE PURDEY
MAGIC DRAWING SLATE GO TO THE FAIR ,MAGIC DRAWING SLATE BUNNIES ,MAGIC DRAWING SLATE BAKE A CAKE ,MAGIC DRAWING SLATE CIRCUS PARADE  ,MAGIC DRAWING SLATE PURDEY,MAGIC DRAWING SLATE DOLLY GIRL 
MAGIC DRAWING SLATE LEAP FROG ,MAGIC DRAWING SLATE BAKE A CAKE ,MAGIC DRAWING SLATE BUNNIES ,MAGIC DRAWING SLATE PURDEY,MAGIC DRAWING SLATE DOLLY GIRL ,MAGIC DRAWING SLATE GO TO THE FAIR 
MAGIC DRAWING SLATE PURDEY,MAGIC DRAWING SLATE BUNNIES ,MAGIC DRAWING SLATE SPACEBOY ,MAGIC DRAWING SLATE LEAP FROG ,MAGIC DRAWING SLATE DINOSAUR,MAGIC DRAWING SLATE CIRCUS PARADE  
MAGIC DRAWING SLATE SPACEBOY ,MAGIC DRAWING SLATE DOLLY GIRL ,MAGIC DRAWING SLATE CIRCUS PARADE  ,MAGIC DRAWING SLATE DINOSAUR,MAGIC DRAWING SLATE BUNNIES ,MAGIC DRAWING SLATE BAKE A CAKE 
MAGIC GARDEN FELT GARLAND ,DOTCOM POSTAGE,BEADED CRYSTAL HEART PINK ON STICK,BLUE CHECK BAG W HANDLE 34X20CM,CLEAR LOVE BIRD T-LIGHT HOLDER,ANGEL DECORATION PAINTED ZINC 
MAGIC SHEEP WOOL GROWING FROM PAPER,MAGIC TREE -PAPER FLOWERS,SLEEPING CAT ERASERS,POPPY'S PLAYHOUSE LIVINGROOM ,LOVE HEART POCKET WARMER,SET OF 6 3D KIT CARDS FOR KIDS
MAGIC TREE -PAPER FLOWERS,MAGIC SHEEP WOOL GROWING FROM PAPER,SILVER FLOWR PINK SHELL NECKLACE,DOGGY RUBBER,FLYING PIG WATERING CAN,POPPY'S PLAYHOUSE LIVINGROOM 
MAGNETS PACK OF 4 CHILDHOOD MEMORY,MAGNETS PACK OF 4 SWALLOWS,MAGNETS PACK OF 4 RETRO PHOTO,MAGNETS PACK OF 4 HOME SWEET HOME,MAGNETS PACK OF 4 VINTAGE COLLAGE,MAGNETS PACK OF 4 VINTAGE LABELS 
MAGNETS PACK OF 4 HOME SWEET HOME,MAGNETS PACK OF 4 VINTAGE COLLAGE,MAGNETS PACK OF 4 SWALLOWS,MAGNETS PACK OF 4 RETRO PHOTO,MAGNETS PACK OF 4 VINTAGE LABELS ,MAGNETS PACK OF 4 CHILDHOOD MEMORY
MAGNETS PACK OF 4 RETRO PHOTO,MAGNETS PACK OF 4 SWALLOWS,MAGNETS PACK OF 4 HOME SWEET HOME,MAGNETS PACK OF 4 VINTAGE COLLAGE,MAGNETS PACK OF 4 VINTAGE LABELS ,MAGNETS PACK OF 4 CHILDHOOD MEMORY
MAGNETS PACK OF 4 SWALLOWS,MAGNETS PACK OF 4 RETRO PHOTO,MAGNETS PACK OF 4 HOME SWEET HOME,MAGNETS PACK OF 4 VINTAGE COLLAGE,MAGNETS PACK OF 4 VINTAGE LABELS ,MAGNETS PACK OF 4 CHILDHOOD MEMORY
MAGNETS PACK OF 4 VINTAGE COLLAGE,MAGNETS PACK OF 4 HOME SWEET HOME,MAGNETS PACK OF 4 SWALLOWS,MAGNETS PACK OF 4 RETRO PHOTO,MAGNETS PACK OF 4 VINTAGE LABELS ,MAGNETS PACK OF 4 CHILDHOOD MEMORY
MAGNETS PACK OF 4 VINTAGE LABELS ,MAGNETS PACK OF 4 VINTAGE COLLAGE,MAGNETS PACK OF 4 RETRO PHOTO,MAGNETS PACK OF 4 SWALLOWS,MAGNETS PACK OF 4 HOME SWEET HOME,MAGNETS PACK OF 4 CHILDHOOD MEMORY
MAKE YOUR OWN FLOWERPOWER CARD KIT,MAKE YOUR OWN MONSOON CARD KIT,MAKE YOUR OWN PLAYTIME CARD KIT,FELTCRAFT CUSHION OWL,FELTCRAFT CUSHION RABBIT,FELTCRAFT CUSHION BUTTERFLY
MAKE YOUR OWN MONSOON CARD KIT,MAKE YOUR OWN FLOWERPOWER CARD KIT,MAKE YOUR OWN PLAYTIME CARD KIT,BUNDLE OF 3 RETRO NOTE BOOKS,WOOD STAMP SET BEST WISHES,BALLOONS  WRITING SET 
MAKE YOUR OWN PLAYTIME CARD KIT,MAKE YOUR OWN FLOWERPOWER CARD KIT,MAKE YOUR OWN MONSOON CARD KIT,CHILDRENS CUTLERY POLKADOT BLUE,CHILDRENS CUTLERY POLKADOT PINK,DIAMANTE HAIR GRIP PACK/2 MONTANA
MAN FLU METAL SIGN,METAL SIGN TAKE IT OR LEAVE IT ,HAND OVER THE CHOCOLATE   SIGN ,I'M ON HOLIDAY METAL SIGN,CHOCOLATE THIS WAY METAL SIGN,COOK WITH WINE METAL SIGN 
MARIE ANTOIENETT TRINKET BOX GOLD,GREY ACRYLIC FACETED BANGLE,PURPLE ACRYLIC FACETED BANGLE,RED   ACRYLIC FACETED BANGLE,LARGE TORTILLA DESIGN RED BOWL,ROUND BLUE CLOCK WITH SUCKER
MARIE ANTOINETTE TRINKET BOX GOLD,MARIE ANTOINETTE TRINKET BOX SILVER,WOODLAND MINI RUCKSACK ,PURPLE FRANGIPANI NECKLACE,DIAMANTE HAIR GRIP PACK/2 MONTANA,DIAMANTE HAIR GRIP PACK/2 LT ROSE
MARIE ANTOINETTE TRINKET BOX SILVER,MARIE ANTOINETTE TRINKET BOX GOLD,PURPLE FRANGIPANI NECKLACE,IVORY CHANDELIER T-LIGHT HOLDER,ASSTD RASTA KEY-CHAINS,WHITE FRANGIPANI NECKLACE
MAXWELL 2 TONE BLUE 60 PAGE PHOTO A,72 CAKE CASES VINTAGE CHRISTMAS,VANILLA INCENSE 40 CONES IN TIN,SET 8 CANDLES VINTAGE DOILEY,FLAG OF ST GEORGE ,"S/4 ICON COASTER,ELVIS LIVES"
MEASURING TAPE BABUSHKA BLUE,MEASURING TAPE BABUSHKA PINK,MEASURING TAPE BABUSHKA RED,PIN CUSHION BABUSHKA BLUE,PIN CUSHION BABUSHKA RED,DIAMANTE HAIR GRIP PACK/2 LT ROSE
MEASURING TAPE BABUSHKA PINK,MEASURING TAPE BABUSHKA BLUE,MEASURING TAPE BABUSHKA RED,PIN CUSHION BABUSHKA PINK,PACK 3 IRON ON DOG PATCHES,PIN CUSHION BABUSHKA RED
MEASURING TAPE BABUSHKA RED,MEASURING TAPE BABUSHKA PINK,MEASURING TAPE BABUSHKA BLUE,AMETHYST HOOP EARRING FLORAL LEAF,BLUE/YELLOW CERAMIC CANDLE HOLDER,PEG BAG APPLE DESIGN
MEDINA STAMPED METAL STOOL,GLASS CAKE COVER AND PLATE,FIRST CLASS HOLIDAY PURSE ,FUNKY MONKEY MUG,PINK POLKADOT KIDS BAG,ORANGE FELT VASE + FLOWERS
MEDIUM CERAMIC TOP STORAGE JAR,LARGE CERAMIC TOP STORAGE JAR,SMALL CERAMIC TOP STORAGE JAR ,SET OF 4 PANTRY JELLY MOULDS,SET OF 60 PANTRY DESIGN CAKE CASES ,SET OF 6 SPICE TINS PANTRY DESIGN
MEDIUM CHINESE STYLE SCISSOR,LARGE CHINESE STYLE SCISSOR,SMALL CHINESE STYLE SCISSOR,JAM JAR WITH BLUE LID,GOLD APERITIF GLASS,BIRD ON BRANCH CANVAS SCREEN
MEDIUM MEDINA STAMPED METAL BOWL ,LARGE MEDINA STAMPED METAL BOWL ,SMALL MEDINA STAMPED METAL BOWL ,ZINC HEART LATTICE CHARGER SMALL,LARGE CHINESE STYLE SCISSOR,MEDINA STAMPED METAL STOOL
MEDIUM PARLOUR FRAME ,LARGE PARLOUR FRAME,SMALL PARLOUR FRAME,FRYING PAN RED POLKADOT ,MISELTOE HEART WREATH CREAM,LUNCH BAG RED SPOTTY
MEDIUM PARLOUR PICTURE FRAME ,SMALL PARLOUR PICTURE FRAME,LARGE PARLOUR PICTURE FRAME,PURPLE ENAMEL+GLASS HAIR COMB,TUMBLER BAROQUE,BLUE/NAT SHELL NECKLACE W PENDANT
MEDIUM PINK BUDDHA HEAD ,FOLDING CAMPING SCISSOR W/KNIF & S,"PET MUG, GOLDFISH",PEG BAG APPLE DESIGN,MISELTOE HEART WREATH CREAM,SET/5 RED SPOTTY LID GLASS BOWLS
MEDIUM WHITE/PINK ROSE ART FLOWER,LARGE WHITE/PINK ROSE ART FLOWER,RED ROSE AND LACE C/COVER,PINK BOUDOIR T-LIGHT HOLDER,PINK CHRYSANTHEMUMS ART FLOWER,HAPPY BIRTHDAY CARD TEDDY/CAKE
MEMO BOARD COTTAGE DESIGN,MEMO BOARD RETROSPOT  DESIGN,VINTAGE UNION JACK MEMOBOARD,ROSE COTTAGE KEEPSAKE BOX ,TOMATO CHARLIE+LOLA COASTER SET,CARROT CHARLIE+LOLA COASTER SET
MEMO BOARD RETROSPOT  DESIGN,MEMO BOARD COTTAGE DESIGN,VINTAGE UNION JACK MEMOBOARD,DOORSTOP RETROSPOT HEART,RECIPE BOX RETROSPOT ,HEART OF WICKER LARGE
METAL 4 HOOK HANGER FRENCH CHATEAU,CREAM CUPID HEARTS COAT HANGER,WOODEN FRAME ANTIQUE WHITE ,WOODEN PICTURE FRAME WHITE FINISH,WOOD 2 DRAWER CABINET WHITE FINISH,3 HOOK PHOTO SHELF ANTIQUE WHITE
METAL BASE FOR CANDLES,SET/3 TALL GLASS CANDLE HOLDER PINK,FLORAL BLUE MONSTER,GREEN  DIAMANTE PEN IN GIFT BOX,LARGE MINT DIAMANTE HAIRSLIDE,4 BURGUNDY WINE DINNER CANDLES
METAL DECORATION NAUGHTY CHILDREN ,CHOCOLATE THIS WAY METAL SIGN,JAM CLOCK MAGNET,"AIRLINE LOUNGE,METAL SIGN",FRIDGE MAGNETS LES ENFANTS ASSORTED,YELLOW COAT RACK PARIS FASHION
METAL HERB GERDEN CONTAINER,16 PC CUTLERY SET PANTRY DESIGN,ZINC PLANT POT HOLDER,CLASSIC GLASS SWEET JAR,PAPER LANTERN 5 POINT STUDDED STAR,LUNCH BAG VINTAGE DOILEY 
METAL MERRY CHRISTMAS WREATH,3 HEARTS HANGING DECORATION RUSTIC,PARTY CONE CHRISTMAS DECORATION ,SET OF 3 WOODEN TREE DECORATIONS,SET OF 3 WOODEN STOCKING DECORATION,JINGLE BELL HEART DECORATION
METAL RABBIT LADDER EASTER ,BUNNY EGG GARLAND,GREEN METAL SWINGING BUNNY,FOLKART CLIP ON STARS,BLACK 3 BEAD DROP EARRINGS,CLASSIC DIAMANTE EARRINGS JET
METAL SIGN CUPCAKE SINGLE HOOK,"METAL SIGN,CUPCAKE SINGLE HOOK",NO JUNK MAIL METAL SIGN,TOXIC AREA  DOOR HANGER ,SMALL CHOCOLATES PINK BOWL,DO NOT TOUCH MY STUFF DOOR HANGER 
METAL SIGN DROP YOUR PANTS,HOT BATHS METAL SIGN,CHOCOLATE THIS WAY METAL SIGN,HAND OVER THE CHOCOLATE   SIGN ,GIN + TONIC DIET METAL SIGN,PLEASE ONE PERSON METAL SIGN
METAL SIGN EMPIRE TEA,MORE BUTTER METAL SIGN ,"AIRLINE LOUNGE,METAL SIGN",METAL SIGN TAKE IT OR LEAVE IT ,KINGS CHOICE TEA CADDY ,METAL SIGN HIS DINNER IS SERVED
METAL SIGN HER DINNER IS SERVED ,METAL SIGN TAKE IT OR LEAVE IT ,MAN FLU METAL SIGN,GIN + TONIC DIET METAL SIGN,COOK WITH WINE METAL SIGN ,METAL SIGN HIS DINNER IS SERVED
METAL SIGN HIS DINNER IS SERVED,MORE BUTTER METAL SIGN ,TOXIC AREA  DOOR HANGER ,CHARLIE+LOLA MY ROOM DOOR SIGN,METAL SIGN EMPIRE TEA,MOODY GIRL DOOR HANGER 
METAL SIGN NEIGHBOURHOOD WITCH ,BEWARE OF THE CAT METAL SIGN ,MORE BUTTER METAL SIGN ,YOU'RE CONFUSING ME METAL SIGN ,NO SINGING METAL SIGN,GIN + TONIC DIET METAL SIGN
METAL SIGN TAKE IT OR LEAVE IT ,GIN + TONIC DIET METAL SIGN,COOK WITH WINE METAL SIGN ,HAND OVER THE CHOCOLATE   SIGN ,I'M ON HOLIDAY METAL SIGN,PLEASE ONE PERSON METAL SIGN
"METAL SIGN,CUPCAKE SINGLE HOOK",METAL SIGN CUPCAKE SINGLE HOOK,SET/6 BEAD COASTERS GAUZE BAG GOLD,RED PURSE WITH PINK HEART,DANISH ROSE FOLDING CHAIR,TRIANGULAR POUFFE VINTAGE 
METAL TUBE CHIME ON BAMBOO,GOLD APERITIF GLASS,M/COLOUR POM-POM CURTAIN,JAM JAR WITH BLUE LID,BIRD ON BRANCH CANVAS SCREEN,PACK 4 FLOWER/BUTTERFLY PATCHES
METALIC LEAVES BAG CHARMS,COPPER AND BRASS BAG CHARM,IVORY GOLD METAL BAG CHARM,GREEN WITH METAL BAG CHARM,WHITE WITH METAL BAG CHARM,DOTCOM POSTAGE
MIDNIGHT BLUE COPPER FLOWER NECKLAC,ANTIQUE RASPBERRY FLOWER EARRINGS,NEW BAROQUE B'FLY NECKLACE CRYSTAL,GOLD/AMBER DROP EARRINGS W LEAF,NEW BAROQUE B'FLY NECKLACE GREEN,SILVER/CRYSTAL DROP EARRINGS W LEAF
MIDNIGHT BLUE CRYSTAL DROP EARRINGS,NECKLACE+BRACELET SET PINK DAISY,WHITE STONE/CRYSTAL EARRINGS,NECKLACE+BRACELET SET BLUE BLOSSOM,YELLOW DRAGONFLY HELICOPTER,15 PINK FLUFFY CHICKS IN BOX
MIDNIGHT BLUE DROP CRYSTAL NECKLACE,BLACK DROP CRYSTAL NECKLACE,COPPER/OLIVE GREEN FLOWER NECKLACE,RASPBERRY ANT COPPER FLOWER NECKLAC,PAPERWEIGHT VINTAGE PAISLEY,PAPERWEIGHT HOME SWEET HOME
MIDNIGHT BLUE GLASS/SILVER BRACELET,BLACK/WHITE GLASS/SILVER BRACELET,PINK CHERRY BLOSSOM CUP & SAUCER,NEW BAROQUE B'FLY NECKLACE PINK,AMETHYST CHUNKY BEAD BRACELET W STR,WHITE GLASS CHUNKY CHARM BRACELET
MIDNIGHT BLUE PAIR HEART HAIR SLIDE,ROSE COLOUR PAIR HEART HAIR SLIDES,GREEN PAIR HEART HAIR SLIDES,PINK DAISY BAG CHARM,PINK CRYSTAL GUITAR PHONE CHARM,DROP DIAMANTE EARRINGS GREEN
MIDNIGHT BLUE VINTAGE EARRINGS,BLACK 3 BEAD DROP EARRINGS,PURPLE ENAMEL FLOWER HAIR TIE,PINK DAISY BAG CHARM,"GARLAND, MAGIC GARDEN 1.8M",MONTANA DIAMOND CLUSTER EARRINGS
MIDNIGHT GLAMOUR SCARF KNITTING KIT,FRAPPUCINO SCARF KNITTING KIT,VINTAGE BEAD PINK EVENING BAG,FIRST CLASS HOLIDAY PURSE ,CAMOUFLAGE EAR MUFF HEADPHONES,SET/4 BIRD MIRROR MAGNETS 
MILK BOTTLE WITH GLASS STOPPER ,EIGHT PIECE CREEPY CRAWLIE SET,PACK 4 FLOWER/BUTTERFLY PATCHES,PINK POLKADOT KIDS BAG,FUNKY MONKEY MUG,"LETTER ""D"" BLING KEY RING"
MILK MAIDS MUG ,HENRIETTA HEN MUG ,EGG CUP MILKMAID INGRID,EGG CUP MILKMAID HEIDI,PINK ROUND COMPACT MIRROR,ORIGAMI SANDLEWOOD INCENSE+FLOWER
MILK PAN BLUE POLKADOT,FRYING PAN BLUE POLKADOT,FRYING PAN PINK POLKADOT,MILK PAN RED RETROSPOT,FRYING PAN RED RETROSPOT,CAKE STAND LOVEBIRD 2 TIER PINK
MILK PAN PINK POLKADOT,FRYING PAN PINK POLKADOT,MILK PAN RED RETROSPOT,CAKE STAND LACE WHITE,PACK 4 FLOWER/BUTTERFLY PATCHES,SET OF 3 PINK FLYING DUCKS
MILK PAN RED RETROSPOT,FRYING PAN RED RETROSPOT,MILK PAN BLUE POLKADOT,FRYING PAN PINK POLKADOT,MILK PAN PINK POLKADOT,FRYING PAN BLUE POLKADOT
MINI  ZINC GARDEN DECORATIONS ,MINI PAINTED GARDEN DECORATION ,PAINTED SEA SHELL METAL WINDCHIME,TEATIME PUSH DOWN RUBBER,FOLK ART METAL HEART T-LIGHT HOLDER,PURPLE DRESS JEWELLERY STAND
MINI CAKE STAND  HANGING STRAWBERY,MINI CAKE STAND WITH HANGING CAKES,CERAMIC BOWL WITH STRAWBERRY DESIGN,LARGE CAKE STAND  HANGING STRAWBERY,CERAMIC STRAWBERRY DESIGN MUG,CERAMIC PLATE STRAWBERRY DESIGN
MINI CAKE STAND T-LIGHT HOLDER,SET OF 6 T-LIGHTS WEDDING CAKE ,S/4 BLACK MINI ROSE CANDLE IN BOWL,SET/6 PINK BIRD T-LIGHT CANDLES,75 BLACK PETIT FOUR CASES,ORANGE TV TRAY TABLE 
MINI CAKE STAND WITH HANGING CAKES,CERAMIC CAKE STAND + HANGING CAKES,MINI CAKE STAND  HANGING STRAWBERY,CERAMIC CAKE BOWL + HANGING CAKES,CERAMIC CAKE DESIGN SPOTTED PLATE,CERAMIC BOWL WITH STRAWBERRY DESIGN
MINI FUNKY DESIGN TAPES,STARS GIFT TAPE ,SKULLS TAPE,RED RETROSPOT TAPE,WRAP SUKI AND FRIENDS,CAKES AND BOWS GIFT  TAPE
MINI HIGHLIGHTER PENS,BEADED LOVE HEART JEWELLERY SET,VINTAGE BEAD PINK SHADE ,RAIN PONCHO ,OLD DOC RUSSEL METAL SIGN,WHITE WITH BLACK CATS PLATE
MINI JIGSAW BAKE A CAKE ,MINI JIGSAW SPACEBOY,MINI JIGSAW DINOSAUR ,MINI JIGSAW CIRCUS PARADE ,MINI JIGSAW LEAP FROG,MINI JIGSAW GO TO THE FAIR
MINI JIGSAW BUNNIES,MINI JIGSAW PURDEY,MINI JIGSAW SPACEBOY,MINI JIGSAW CIRCUS PARADE ,MINI JIGSAW DOLLY GIRL,MINI JIGSAW LEAP FROG
MINI JIGSAW CIRCUS PARADE ,MINI JIGSAW DOLLY GIRL,MINI JIGSAW SPACEBOY,MINI JIGSAW BUNNIES,MINI JIGSAW PURDEY,MINI JIGSAW GO TO THE FAIR
MINI JIGSAW DINOSAUR ,MINI JIGSAW SPACEBOY,MINI JIGSAW BUNNIES,MINI JIGSAW CIRCUS PARADE ,MINI JIGSAW BAKE A CAKE ,MAGIC DRAWING SLATE DINOSAUR
MINI JIGSAW DOLLY GIRL,MINI JIGSAW SPACEBOY,MINI JIGSAW CIRCUS PARADE ,MINI JIGSAW LEAP FROG,MINI JIGSAW BUNNIES,MINI JIGSAW GO TO THE FAIR
MINI JIGSAW GO TO THE FAIR,MINI JIGSAW LEAP FROG,MINI JIGSAW SPACEBOY,MINI JIGSAW CIRCUS PARADE ,MINI JIGSAW DOLLY GIRL,MINI JIGSAW BAKE A CAKE 
MINI JIGSAW LEAP FROG,MINI JIGSAW PURDEY,MINI JIGSAW GO TO THE FAIR,MINI JIGSAW DOLLY GIRL,MINI JIGSAW BUNNIES,MINI JIGSAW CIRCUS PARADE 
MINI JIGSAW PURDEY,MINI JIGSAW BUNNIES,MINI JIGSAW LEAP FROG,MINI JIGSAW CIRCUS PARADE ,MINI JIGSAW SPACEBOY,MINI JIGSAW DOLLY GIRL
MINI JIGSAW SPACEBOY,MINI JIGSAW DOLLY GIRL,MINI JIGSAW CIRCUS PARADE ,MINI JIGSAW BUNNIES,MINI JIGSAW GO TO THE FAIR,MINI JIGSAW PURDEY
MINI LADLE LOVE HEART PINK,MINI LADLE LOVE HEART RED ,PINK LOVE HEART SHAPE CUP,FIRST CLASS HOLIDAY PURSE ,MONEY BOX FIRST AID DESIGN,MONEY BOX FIRST ADE DESIGN
MINI LADLE LOVE HEART RED ,MINI LADLE LOVE HEART PINK,BATHROOM SET LOVE HEART DESIGN,RED LOVE HEART SHAPE CUP,FIRST CLASS HOLIDAY PURSE ,PINK LOVE HEART SHAPE CUP
MINI LIGHTS WOODLAND MUSHROOMS,RABBIT NIGHT LIGHT,RED TOADSTOOL LED NIGHT LIGHT,WOODLAND SMALL RED FELT HEART,ROUND SNACK BOXES SET OF4 WOODLAND ,WOODLAND MINI BACKPACK
MINI PAINT SET VINTAGE ,MINI JIGSAW SPACEBOY,MAGIC DRAWING SLATE DOLLY GIRL ,MAGIC DRAWING SLATE SPACEBOY ,RED  HARMONICA IN BOX ,SPACEBOY LUNCH BOX 
MINI PAINTED GARDEN DECORATION ,SET/4 SPRING FLOWER DECORATION,MINI  ZINC GARDEN DECORATIONS ,DECORATION SITTING BUNNY,HANGING WOOD AND FELT FLOWER,PURPLE DRESS JEWELLERY STAND
MINI PLAYING CARDS BUFFALO BILL ,MINI PLAYING CARDS GYMKHANA,MINI PLAYING CARDS DOLLY GIRL ,MINI PLAYING CARDS SPACEBOY ,MINI PLAYING CARDS FUN FAIR ,TREASURE TIN BUFFALO BILL 
MINI PLAYING CARDS DOLLY GIRL ,MINI PLAYING CARDS SPACEBOY ,MINI PLAYING CARDS BUFFALO BILL ,MINI PLAYING CARDS FUN FAIR ,MINI PLAYING CARDS GYMKHANA,SET 12 COLOUR PENCILS SPACEBOY 
MINI PLAYING CARDS FUN FAIR ,MINI PLAYING CARDS DOLLY GIRL ,MINI PLAYING CARDS SPACEBOY ,MINI PLAYING CARDS GYMKHANA,MINI PLAYING CARDS BUFFALO BILL ,SET 12 COLOUR PENCILS SPACEBOY 
MINI PLAYING CARDS GYMKHANA,MINI PLAYING CARDS BUFFALO BILL ,MINI PLAYING CARDS DOLLY GIRL ,MINI PLAYING CARDS FUN FAIR ,MINI PLAYING CARDS SPACEBOY ,TREASURE TIN BUFFALO BILL 
MINI PLAYING CARDS SPACEBOY ,MINI PLAYING CARDS DOLLY GIRL ,MINI PLAYING CARDS FUN FAIR ,MINI PLAYING CARDS BUFFALO BILL ,MINI PLAYING CARDS GYMKHANA,SET 12 COLOUR PENCILS SPACEBOY 
MINI WOODEN HAPPY BIRTHDAY GARLAND,WOODEN HAPPY BIRTHDAY GARLAND,TOAST ITS - FAIRY FLOWER,RED PURSE WITH PINK HEART,PURPLE FRANGIPANI NECKLACE,SPACE CADET WHITE
MINIATURE ANTIQUE ROSE HOOK IVORY,SINGLE ANTIQUE ROSE HOOK IVORY,TRIPLE HOOK ANTIQUE IVORY ROSE,WOODEN PICTURE FRAME WHITE FINISH,LOVEBIRD HANGING DECORATION WHITE ,WOODEN FRAME ANTIQUE WHITE 
MINITURE ANTIQUE ROSE HOOK IVORY,"WALL ART,ONLY ONE PERSON ",FOLDING MIRROR HOT PINK ,"BUNTING , SPOTTY ",FOLDING MIRROR RED  ,FOLDING MIRROR IVORY 
MINT DINER CLOCK,EDWARDIAN PHOTO FRAME,EDWARDIAN HEART PHOTO FRAME,TREE T-LIGHT HOLDER WILLIE WINKIE,SET OF 4 KNICK KNACK TINS LEAVES ,CARDHOLDER GINGHAM CHRISTMAS TREE
MINT DINER WALL CLOCK,PINK DINER WALL CLOCK,BLUE DINER WALL CLOCK,IVORY DINER WALL CLOCK,RED DINER WALL CLOCK,ALARM CLOCK BAKELIKE RED 
MINT GREEN ROSE TOWEL,SOFT PINK ROSE TOWEL ,MONTANA DIAMOND CLUSTER EARRINGS,ORANGE PENDANT TRIPLE SHELL NECKLAC,BLACK 3 BEAD DROP EARRINGS,MULTICOLOUR POLKADOT PLATE
MINT KITCHEN SCALES,IVORY KITCHEN SCALES,RED KITCHEN SCALES,BLACK KITCHEN SCALES,BREAD BIN DINER STYLE MINT,BREAD BIN DINER STYLE IVORY
MIRROR CORNICE,BROCANTE COAT RACK,NEW BAROQUE B'FLY NECKLACE RED,SWEETHEART WIRE MAGAZINE RACK,WOOD BLACK BOARD ANT WHITE FINISH,FRENCH CARRIAGE LANTERN
MIRROR LOVE BIRD T-LIGHT HOLDER,BLACK LOVE BIRD T-LIGHT HOLDER,VINTAGE BLUE TINSEL REEL,JARDIN ETCHED GLASS BUTTER DISH,PACK 4 FLOWER/BUTTERFLY PATCHES,ROUND CACTUS CANDLE
MIRROR MOSAIC CANDLE PLATE,ASSORTED COLOUR LIZARD SUCTION HOOK,GOLD APERITIF GLASS,GIRLY PINK TOOL SET,BIRD ON BRANCH CANVAS SCREEN,ORANGE FELT VASE + FLOWERS
MIRROR MOSAIC GOBLET CANDLE HOLDER,MIRROR MOSAIC T-LIGHT HOLDER ROUND,MIRROR MOSAIC HURRICANE LAMP ,MIRROR MOSAIC T-LIGHT HOLDER ,MIRROR MOSAIC VOTIVE HOLDER,GOLD WINE GOBLET
MIRROR MOSAIC HURRICANE LAMP ,PINK ROUND COMPACT MIRROR,PINK JEWELLED PHOTO FRAME,MIRROR MOSAIC GOBLET CANDLE HOLDER,MIRROR MOSAIC T-LIGHT HOLDER ,PINK JEWELLED PHOTO FRAME 
MIRROR MOSAIC T-LIGHT HOLDER ,MIRROR MOSAIC VOTIVE HOLDER,DIAMANTE HAIR GRIP PACK/2 CRYSTAL,ORANGE PENDANT TRIPLE SHELL NECKLAC,BLACK 3 BEAD DROP EARRINGS,PINK DAISY BAG CHARM
MIRROR MOSAIC T-LIGHT HOLDER ROUND,BELL HEART ANTIQUE GOLD,SCALLOP SHELL SOAP DISH,LASER CUT MULTI STRAND NECKLACE,GIRLY PINK TOOL SET,MIRROR MOSAIC GOBLET CANDLE HOLDER
MIRROR MOSAIC VOTIVE HOLDER,PURPLE FRANGIPANI NECKLACE,MIRROR MOSAIC T-LIGHT HOLDER ,DIAMANTE HAIR GRIP PACK/2 BLACK DIA,WHITE FRANGIPANI NECKLACE,DIAMANTE HAIR GRIP PACK/2 LT ROSE
MIRRORED DISCO BALL ,DISCO BALL ROTATOR BATTERY OPERATED,DISCO BALL CHRISTMAS DECORATION,LANDMARK FRAME NOTTING HILL ,SILICON STAR BULB  BLUE,RED PAPER PARASOL
MIRRORED DOVE WALL DECORATION,FIRST CLASS HOLIDAY PURSE ,QUEEN OF THE SKIES HOLIDAY PURSE ,DOTCOM POSTAGE,PINK POLKADOT KIDS BAG,GLASS CAKE COVER AND PLATE
MIRRORED WALL ART FOXY,FINE SILVER NECKLACE W PASTEL FLOWE,DOTCOM POSTAGE,POTTING SHED SOW 'N' GROW SET,CROCHET LILAC/RED BEAR KEYRING,SET/6 IVORY BIRD T-LIGHT CANDLES
MIRRORED WALL ART GENTS,MIRRORED WALL ART LADIES,MIRRORED WALL ART TABLE LAMP,ROUND ARTICULATED PINK CLOCK W/SUCK,BEADED CRYSTAL HEART GREEN ON STICK,BEADED CRYSTAL HEART BLUE ON STICK
MIRRORED WALL ART LADIES,MIRRORED WALL ART GENTS,ROUND ARTICULATED PINK CLOCK W/SUCK,GOLD FABRIC MIRROR,MIRRORED WALL ART TABLE LAMP,OFFICE MUG WARMER PINK
MIRRORED WALL ART PHOTO FRAMES,RED PEONY CUSHION COVER ,GREEN PEONY CUSHION COVER,PACK 4 FLOWER/BUTTERFLY PATCHES,GOLD COSMETIC BAG PINK STAR,"LETTER ""F"" BLING KEY RING"
MIRRORED WALL ART POPPIES,MIRRORED WALL ART STARS,MIRRORED WALL ART SPLODGES,MIRRORED WALL ART SKULLS,MIRRORED WALL ART TABLE LAMP,MIRRORED WALL ART LADIES
MIRRORED WALL ART SKULLS,MIRRORED WALL ART STARS,MIRRORED WALL ART POPPIES,MIRRORED WALL ART TABLE LAMP,SET/4 DAISY MIRROR MAGNETS,GOLD FABRIC MIRROR
MIRRORED WALL ART SNOWFLAKES,MIRRORED WALL ART STARS,MIRRORED WALL ART SKULLS,CARTOON  PENCIL SHARPENERS,ASSTD FRUIT+FLOWERS FRIDGE MAGNETS,PENS ASSORTED FUNKY JEWELED 
MIRRORED WALL ART SPLODGES,MIRRORED WALL ART STARS,MIRRORED WALL ART POPPIES,PURPLE/BLUE CERAMIC CANDLE HOLDER,MARIE ANTOIENETT TRINKET BOX GOLD,BAROQUE BUTTERFLY EARRINGS CRYSTAL
MIRRORED WALL ART STARS,MIRRORED WALL ART POPPIES,MIRRORED WALL ART SPLODGES,MIRRORED WALL ART SKULLS,MIRRORED WALL ART SNOWFLAKES,GOLD FABRIC MIRROR
MIRRORED WALL ART TABLE LAMP,MIRRORED WALL ART GENTS,MIRRORED WALL ART SKULLS,PURPLE CHUNKY GLASS+BEAD NECKLACE,MIRRORED WALL ART LADIES,ROUND CACTUS CANDLE
MISELTOE HEART WREATH ,MISELTOE HEART WREATH WHITE,GLASS SONGBIRD STORAGE JAR,SET 12 COLOURING PENCILS DOILEY, I LOVE LONDON MINI RUCKSACK,SET 36 COLOURING PENCILS DOILEY
MISELTOE HEART WREATH CREAM,MISELTOE HEART WREATH CREAM,PEG BAG APPLE DESIGN,SET/5 RED SPOTTY LID GLASS BOWLS,FRYING PAN RED POLKADOT ,WRAP A PRETTY THANK YOU
MISELTOE HEART WREATH WHITE,MISELTOE HEART WREATH , I LOVE LONDON MINI RUCKSACK,SET 36 COLOURING PENCILS DOILEY,SET 12 COLOURING PENCILS DOILEY,LARGE PARLOUR FRAME
MISTLETOE HEART WREATH CREAM,MISTLETOE HEART WREATH GREEN,HEART SHAPED HOLLY WREATH,3 HEARTS HANGING DECORATION RUSTIC,HEART IVORY TRELLIS SMALL,SET OF 4 NAPKIN CHARMS STARS   
MISTLETOE HEART WREATH GREEN,HEART SHAPED HOLLY WREATH,MISTLETOE HEART WREATH CREAM,HEART WOODEN CHRISTMAS DECORATION,ZINC FOLKART SLEIGH BELLS,3 HEARTS HANGING DECORATION RUSTIC
MIXED NUTS LIGHT GREEN BOWL,BISCUITS SMALL BOWL LIGHT BLUE,SMALL LICORICE DES PINK BOWL,SMALL CHOCOLATES PINK BOWL,SMALL DOLLY MIX DESIGN ORANGE BOWL,TEATIME PUSH DOWN RUBBER
MOBILE VINTAGE HEARTS ,BIRDS MOBILE VINTAGE DESIGN,FIVE HEART HANGING DECORATION,FIVE CATS HANGING DECORATION,PINK PADDED MOBILE,LAVENDER SCENTED FABRIC HEART
MOCK LOBSTER FRIDGE MAGNET,FRUIT SALAD BAG CHARM,WRAP FOLK ART,BIRD ON BRANCH CANVAS SCREEN,PACK 4 FLOWER/BUTTERFLY PATCHES,PURPLE FRANGIPANI HAIRCLIP
MODERN FLORAL STATIONERY SET,FLORAL FOLK STATIONERY SET,BOHEMIAN COLLAGE STATIONERY SET,VINTAGE PAISLEY STATIONERY SET,BUNDLE OF 3 RETRO NOTE BOOKS,12 PENCILS TALL TUBE POSY
MODERN VINTAGE COTTON SHOPPING BAG,SET/4 MODERN VINTAGE COTTON NAPKINS,FRENCH CHATEAU LARGE PLATTER ,DANISH ROSE UMBRELLA STAND,VINTAGE KEEPSAKE BOX PINK FLOWER,MAXWELL 2 TONE BLUE 60 PAGE PHOTO A
MONEY BOX BISCUITS DESIGN,MONEY BOX HOUSEKEEPING DESIGN,MONEY BOX FIRST ADE DESIGN,MONEY BOX CONFECTIONERY DESIGN,MONEY BOX KINGS CHOICE DESIGN,MONEY BOX POCKET MONEY DESIGN
MONEY BOX CONFECTIONERY DESIGN,MONEY BOX FIRST AID DESIGN,MONEY BOX KINGS CHOICE DESIGN,MONEY BOX BISCUITS DESIGN,BLUE BREAKFAST CUP AND SAUCER ,MONEY BOX FIRST ADE DESIGN
MONEY BOX FIRST ADE DESIGN,PURPLE FRANGIPANI NECKLACE,MONEY BOX POCKET MONEY DESIGN,MONEY BOX HOUSEKEEPING DESIGN,MONEY BOX BISCUITS DESIGN,WHITE FRANGIPANI NECKLACE
MONEY BOX FIRST AID DESIGN,BLUE BREAKFAST CUP AND SAUCER ,MONEY BOX CONFECTIONERY DESIGN,MONEY BOX HOUSEKEEPING DESIGN,PINK POLKADOT KIDS BAG,FUNKY MONKEY MUG
MONEY BOX HOUSEKEEPING DESIGN,MONEY BOX BISCUITS DESIGN,MONEY BOX FIRST ADE DESIGN,MONEY BOX FIRST AID DESIGN,MONEY BOX POCKET MONEY DESIGN,MONEY BOX CONFECTIONERY DESIGN
MONEY BOX KINGS CHOICE DESIGN,MONEY BOX CONFECTIONERY DESIGN,MONEY BOX FIRST AID DESIGN,MONEY BOX POCKET MONEY DESIGN,MONEY BOX BISCUITS DESIGN,MONEY BOX FIRST ADE DESIGN
MONEY BOX POCKET MONEY DESIGN,MONEY BOX FIRST ADE DESIGN,MONEY BOX KINGS CHOICE DESIGN,MONEY BOX HOUSEKEEPING DESIGN,MONEY BOX BISCUITS DESIGN,MONEY BOX CONFECTIONERY DESIGN
MONSTERS STENCIL CRAFT,HAPPY STENCIL CRAFT,ALPHABET STENCIL CRAFT,BALLOONS  WRITING SET ,DINOSAURS  WRITING SET ,GIRAFFE WOODEN RULER
MONTANA DIAMOND CLUSTER EARRINGS,DROP DIAMANTE EARRINGS GREEN,DOORKNOB CERAMIC IVORY,LARGE BLACK DIAMANTE HAIRSLIDE,DIAMANTE HAIR GRIP PACK/2 CRYSTAL,DIAMANTE HAIR GRIP PACK/2 PERIDOT
MOODY BOY  DOOR HANGER ,MOODY GIRL DOOR HANGER ,TOXIC AREA  DOOR HANGER ,DO NOT TOUCH MY STUFF DOOR HANGER ,DOOR HANGER  MUM + DADS ROOM,KEEP OUT BOYS DOOR HANGER 
MOODY GIRL DOOR HANGER ,MOODY BOY  DOOR HANGER ,TOXIC AREA  DOOR HANGER ,DO NOT TOUCH MY STUFF DOOR HANGER ,DOOR HANGER  MUM + DADS ROOM,"CHARLIE+LOLA""EXTREMELY BUSY"" SIGN"
MOP PENDANT SHELL NECKLACE,FIRE POLISHED GLASS NECKL GOLD,"PEARL & SHELL 42""NECKL. GREEN",FRESHWATER PEARL BRACELET GOLD,TIGRIS EYE CHUNKY CHARM BRACELET,PALE PINK/AMETHYST STONE NECKLACE
MORE BUTTER METAL SIGN ,METAL SIGN EMPIRE TEA,YOU'RE CONFUSING ME METAL SIGN ,METAL SIGN HIS DINNER IS SERVED,METAL SIGN NEIGHBOURHOOD WITCH ,HAND OVER THE CHOCOLATE   SIGN 
MOROCCAN BEATEN METAL DISH,BLACK SIL'T SQU CANDLE PLATE ,3 BIRDS CANVAS SCREEN,DIAMANTE BOW BROOCH BLACK COLOUR,PURPLE/COPPER HANGING LAMPSHADE,CARNIVAL BRACELET
MOROCCAN BEATEN METAL DISH LARGE,PACK 4 FLOWER/BUTTERFLY PATCHES,S/3 POT POURI CUSHIONS BLUE COLOURS,ROBOT MUG IN DISPLAY BOX,DROP DIAMANTE EARRINGS BLACK DIAMON,PURPLE FRANGIPANI NECKLACE
MOROCCAN BEATEN METAL MIRROR,NEW BAROQUE BLACK BOXES,ROSE PENDANT TRIPLE SHELL NECKLACE,2 DAISIES HAIR COMB,LARGE BLACK DIAMANTE HAIRSLIDE,CLASSIC DIAMANTE EARRINGS JET
MOROCCAN TEA GLASS,"WALL ART ,PUDDINGS ",HANGING BUTTERFLY  EGG,TRIANGULAR POUFFE VINTAGE ,FORKED CACTUS CANDLE,ASSORTED COLOURS SILK FAN
MOTHER'S KITCHEN SPOON REST ,QUEEN OF THE SKIES HOLIDAY PURSE ,CLOCK MAGNET MUM'S KITCHEN,MUM'S KITCHEN CLOCK,TURQ ICE CREAM BUM BAG ,EGG FRYING PAN PINK 
MOTORING TISSUE BOX,CARAVAN SQUARE TISSUE BOX,EMPIRE TISSUE BOX,RED RETROSPOT TISSUE BOX,BLUE PAISLEY TISSUE BOX,BOUDOIR SQUARE TISSUE BOX
MOUSE TOY WITH PINK T-SHIRT,DOG TOY WITH PINK CROCHET SKIRT,RED GINGHAM TEDDY BEAR ,BLUE OWL SOFT TOY,RABBIT EASTER DECORATION,TOOL BOX SOFT TOY 
MOUSEY LONG LEGS SOFT TOY,CROCHET DOG KEYRING,GLASS AND BEADS BRACELET IVORY,"FLOWER GLASS GARLD NECKL36""TURQUOIS",GLASS AND PAINTED BEADS BRACELET OL,NEW BAROQUE B'FLY NECKLACE CRYSTAL
MR ROBOT SOFT TOY,MRS ROBOT SOFT TOY,DANISH ROSE FOLDING CHAIR,"SWISS ROLL TOWEL, PINK  SPOTS",MIDNIGHT BLUE VINTAGE EARRINGS,PURPLE DRESS JEWELLERY STAND
MRS ROBOT SOFT TOY,MR ROBOT SOFT TOY,WHITE VINTAGE CRYSTAL BRACELET,SET OF 4 CAROUSEL PLACEMATS ,RELAX LARGE WOOD LETTERS,SET OF 4 BLACK LOVEBIRD COASTERS
MULTI COLOUR SILVER T-LIGHT HOLDER,ANTIQUE SILVER T-LIGHT GLASS,HANGING JAM JAR T-LIGHT HOLDER,COLOUR GLASS T-LIGHT HOLDER HANGING,ASSORTED COLOUR BIRD ORNAMENT,EMBOSSED GLASS TEALIGHT HOLDER
MULTI HEARTS  STICKERS,SWEETIES  STICKERS,ALPHABET HEARTS STICKER SHEET,PANDA AND BUNNIES STICKER SHEET,CAKE SHOP  STICKER SHEET,HEARTS  STICKERS
MULTICOLOUR  CONFETTI IN TUBE,ROUND WHITE CONFETTI IN TUBE,PINK  HEART CONFETTI IN TUBE,WHITE HEART CONFETTI IN TUBE,BLUE CRUSOE CHECK LAMPSHADE,YELLOW/BLUE RETRO RADIO
MULTICOLOUR 3D BALLS GARLAND,DAISIES  HONEYCOMB GARLAND ,TROPICAL  HONEYCOMB PAPER GARLAND ,STRAWBERRY HONEYCOMB  GARLAND ,PINK  HONEYCOMB PAPER BALL ,3D HEARTS  HONEYCOMB PAPER GARLAND
MULTICOLOUR EASTER RABBIT ,PINK CHRYSANTHEMUMS ART FLOWER,PINK FLOWERS RABBIT EASTER,YELLOW POT PLANT CANDLE,RABBIT EASTER DECORATION,VINTAGE WOODEN BAR STOOL
MULTICOLOUR HONEYCOMB FAN,PINK  HONEYCOMB PAPER FAN,PASTEL COLOUR HONEYCOMB FAN,PINK  HONEYCOMB PAPER BALL ,PURPLE DRESS JEWELLERY STAND,PURPLE FRANGIPANI NECKLACE
MULTICOLOUR HONEYCOMB PAPER GARLAND,TROPICAL  HONEYCOMB PAPER GARLAND ,STRAWBERRY HONEYCOMB  GARLAND ,PINK  HONEYCOMB PAPER BALL ,PASTEL COLOUR HONEYCOMB FAN,PARTY PIZZA DISH BLUE POLKADOT
MULTICOLOUR POLKADOT PLATE,"RUSTIC WOODEN CABINET, GLASS DOORS",BEACH HUT SHELF W 3 DRAWERS,HAND TOWEL PALE BLUE W FLOWERS,MINT GREEN ROSE TOWEL,COFFEE MUG PINK PAISLEY DESIGN
MULTICOLOUR RABBIT EGG WARMER,PINK CHICK EGG WARMER + EGG CUP,LARGE CRYSTAL DIAMANTE HAIRSLIDE,YELLOW FLOWERS FELT HANDBAG KIT,PINK DAISY BAG CHARM,BLACK 3 BEAD DROP EARRINGS
MULTICOLOUR SPRING FLOWER MUG,ASSTD MULTICOLOUR CIRCLES MUG,DAISY HAIR BAND,POLKADOT COFFEE CUP & SAUCER PINK,PAPERWEIGHT VINTAGE PAISLEY,SILVER DISCO HANDBAG
MUM'S KITCHEN CLOCK,CLOCK MAGNET MUM'S KITCHEN,JAM CLOCK MAGNET,4 SKY BLUE DINNER CANDLES,MOTHER'S KITCHEN SPOON REST ,ROSE DU SUD OVEN GLOVE
MUMMY MOUSE RED GINGHAM RIBBON,FRENCH CHATEAU LARGE FRUIT BOWL ,ELEPHANT CLIP W SUCTION CUP,ROMANTIC IMAGES SCRAP BOOK SET,GARDEN PATH NOTEBOOK ,FRENCH CHATEAU SMALL FRUITBOWL
MURANO STYLE GLASS BRACELET BLACK,BLACK DROP EARRINGS W LONG BEADS,GLASS BEAD HOOP EARRINGS BLACK,GLASS BEAD HOOP EARRINGS AMETHYST,MURANO STYLE GLASS BRACELET RED,TURQ PENDANT TRIPLE SHELL NECKLACE
MURANO STYLE GLASS BRACELET GOLD,GLASS AND BEADS BRACELET IVORY,GLASS AND PAINTED BEADS BRACELET OL,WHITE FRANGIPANI HAIR CLIP,BLACK DIAMOND CLUSTER NECKLACE,NEW BAROQUE LARGE NECKLACE BLK/WHIT
MURANO STYLE GLASS BRACELET RED,GLASS BEAD HOOP EARRINGS BLACK,GLASS BEAD HOOP EARRINGS AMETHYST,GLASS AND BEADS BRACELET IVORY,GLASS AND PAINTED BEADS BRACELET OL,GREEN MURANO TWIST BRACELET
MUSICAL ZINC HEART DECORATION ,CHRISTMAS MUSICAL ZINC TREE,CHRISTMAS MUSICAL ZINC STAR,GLITTER HEART DECORATION,HEART DECORATION PAINTED ZINC ,WOODEN HEART CHRISTMAS SCANDINAVIAN
Manual,TOXIC AREA  DOOR HANGER ,REX CASH+CARRY JUMBO SHOPPER,BLUE CHARLIE+LOLA PERSONAL DOORSIGN,SMALL DOLLY MIX DESIGN ORANGE BOWL,TRAVEL CARD WALLET KEEP CALM
N0 SINGING METAL SIGN,GIN AND TONIC DIET METAL SIGN,LADIES & GENTLEMEN METAL SIGN,HAND OVER THE CHOCOLATE   SIGN ,COOK WITH WINE METAL SIGN ,PLEASE ONE PERSON METAL SIGN
NAMASTE SWAGAT INCENSE,PURPLE DRESS JEWELLERY STAND,PINK STRING CURTAIN WITH POLE,STRIPY DESIGN SHOWER CAP,METAL TUBE CHIME ON BAMBOO,ACRYLIC GEOMETRIC LAMP
NATURAL HANGING QUILTED HEARTS ,PRETTY HANGING QUILTED HEARTS,HOME SWEET HOME HANGING HEART,HANGING QUILTED PATCHWORK APPLES,GINGHAM HEART DECORATION,WOODEN HEART CHRISTMAS SCANDINAVIAN
NATURAL SLATE CHALKBOARD LARGE ,NATURAL SLATE HEART CHALKBOARD ,NATURAL SLATE RECTANGLE CHALKBOARD,SET 12 RETRO WHITE CHALK STICKS,SLATE TILE NATURAL HANGING,WOODEN PICTURE FRAME WHITE FINISH
NATURAL SLATE HEART CHALKBOARD ,WHITE HANGING HEART T-LIGHT HOLDER,NATURAL SLATE CHALKBOARD LARGE ,HEART OF WICKER SMALL,HEART OF WICKER LARGE,NATURAL SLATE RECTANGLE CHALKBOARD
NATURAL SLATE RECTANGLE CHALKBOARD,SLATE TILE NATURAL HANGING,NATURAL SLATE HEART CHALKBOARD ,NATURAL SLATE CHALKBOARD LARGE ,WASHROOM METAL SIGN,SET 12 RETRO WHITE CHALK STICKS
NECKLACE+BRACELET PINK BUTTERFLY,TINY CRYSTAL BRACELET GREEN,BAROQUE BUTTERFLY EARRINGS CRYSTAL,WHITE ROSEBUD  PEARL EARRINGS,"LETTER ""F"" BLING KEY RING",ANTIQUE OPAL WHITE FLOWER EARRINGS
NECKLACE+BRACELET SET BLUE BLOSSOM,MIDNIGHT BLUE CRYSTAL DROP EARRINGS,NECKLACE+BRACELET SET PINK DAISY,WHITE STONE/CRYSTAL EARRINGS,NECKLACE+BRACELET SET FRUIT SALAD ,GREEN SQUARE COMPACT MIRROR
NECKLACE+BRACELET SET BLUE HIBISCUS,NECKLACE+BRACELET SET FRUIT SALAD ,PINK POLKADOT KIDS BAG,FUNKY MONKEY MUG,FLOWER SHOP DESIGN MUG,"LETTER ""G"" BLING KEY RING"
NECKLACE+BRACELET SET FRUIT SALAD ,NECKLACE+BRACELET SET BLUE BLOSSOM,NECKLACE+BRACELET SET BLUE HIBISCUS,WHITE STONE/CRYSTAL EARRINGS,MIDNIGHT BLUE CRYSTAL DROP EARRINGS,FUNKY MONKEY MUG
NECKLACE+BRACELET SET PINK DAISY,NECKLACE+BRACELET SET PINK DAISY,WHITE STONE/CRYSTAL EARRINGS,NECKLACE+BRACELET SET BLUE BLOSSOM,YELLOW DRAGONFLY HELICOPTER,15 PINK FLUFFY CHICKS IN BOX
NEW BAROQUE B'FLY NECKLACE CRYSTAL,NEW BAROQUE B'FLY NECKLACE GREEN,GLASS BEAD HOOP NECKLACE MONTANA,GLASS BEAD HOOP NECKLACE GREEN,MIDNIGHT BLUE COPPER FLOWER NECKLAC,WHITE VINTAGE CRYSTAL EARRINGS
NEW BAROQUE B'FLY NECKLACE GREEN,NEW BAROQUE B'FLY NECKLACE GREEN,GLASS BEAD HOOP NECKLACE MONTANA,GLASS BEAD HOOP NECKLACE GREEN,MIDNIGHT BLUE COPPER FLOWER NECKLAC,WHITE VINTAGE CRYSTAL EARRINGS
NEW BAROQUE B'FLY NECKLACE PINK,BLACK/WHITE GLASS/SILVER BRACELET,AMBER CHUNKY BEAD BRACELET W STRAP,MIDNIGHT BLUE GLASS/SILVER BRACELET,FLOWER BURST SILVER RING CRYSTAL,WHITE GLASS CHUNKY CHARM BRACELET
NEW BAROQUE B'FLY NECKLACE RED,SILVER BLACK ORBIT DROP EARRINGS,LARGE BLACK DIAMANTE HAIRSLIDE,"GARLAND, MAGIC GARDEN 1.8M",DIAMANTE HAIR GRIP PACK/2 CRYSTAL,DOORKNOB CERAMIC IVORY
NEW BAROQUE BLACK BOXES,"GARLAND, MAGIC GARDEN 1.8M",LARGE BLACK DIAMANTE HAIRSLIDE,DIAMANTE HAIR GRIP PACK/2 PERIDOT,DAISY HAIR COMB,DOORKNOB CERAMIC IVORY
NEW BAROQUE BLACK PHOTO ALBUM,BLUE FLOCK CUSHION COVER ,GIRLY PINK TOOL SET,PINK EASTER HENS+FLOWER,TRANQUILITY MASALA INCENSE,PINK/WHITE RIBBED MELAMINE JUG
NEW BAROQUE JEWELLERY BOX ,PURPLE FRANGIPANI NECKLACE,WHITE FRANGIPANI NECKLACE,DIAMANTE HAIR GRIP PACK/2 LT ROSE,NEW BAROQUE BLACK BOXES,DIAMANTE HAIR GRIP PACK/2 BLACK DIA
NEW BAROQUE LARGE NECKLACE BLK/WHIT,NEW BAROQUE LARGE NECKLACE BLK/WHIT,MURANO STYLE GLASS BRACELET GOLD,CLEAR ACRYLIC FACETED BANGLE,5 STRAND GLASS NECKLACE CRYSTAL,WHITE VINT ART DECO CRYSTAL NECKLAC
NEW BAROQUE SMALL NECKLACE BLACK,SILVER/CRYSTAL DROP EARRINGS W LEAF,GLASS BEAD HOOP NECKLACE BLACK,GOLD/AMBER DROP EARRINGS W LEAF,GREEN DROP EARRINGS W BEAD CLUSTER,CRACKED GLAZE EARRINGS BROWN
NEW ENGLAND MUG W GIFT BOX,SILVER DIAMANTE PEN IN GIFT BOX,CUBIC MUG FLOCK BLUE ON BROWN,CHRISTMAS HANGING HEART WITH BELL,"DECOUPAGE,GREETING CARD,",SMALL STRIPES CHOCOLATE GIFT BAG 
NEWSPAPER STAND,PACK 20 DOLLY PEGS,VINTAGE POST OFFICE CABINET,DOG AND BALL WALL ART,CAT AND BIRD WALL ART,HALL CABINET WITH 3 DRAWERS
NINJA RABBIT BLACK,SPACE CADET RED,NINJA RABBIT PINK,SPACE CADET WHITE,SPACE OWL,SPACE FROG
NINJA RABBIT PINK,NINJA RABBIT BLACK,SPACE CADET RED,SPACE CADET WHITE,SPACE FROG,SPACE OWL
NO JUNK MAIL METAL SIGN,DO NOT TOUCH MY STUFF DOOR HANGER ,BEWARE OF THE CAT METAL SIGN ,TOILET METAL SIGN,BATHROOM METAL SIGN,METAL SIGN NEIGHBOURHOOD WITCH 
NO SINGING METAL SIGN,HAND OVER THE CHOCOLATE   SIGN ,PLEASE ONE PERSON METAL SIGN,GIN + TONIC DIET METAL SIGN,COOK WITH WINE METAL SIGN ,LADIES & GENTLEMEN METAL SIGN
NOEL GARLAND PAINTED ZINC ,STAR DECORATION PAINTED ZINC ,CHRISTMAS TREE PAINTED ZINC ,HOME GARLAND PAINTED ZINC ,WOODEN HEART CHRISTMAS SCANDINAVIAN,WOODEN TREE CHRISTMAS SCANDINAVIAN
NOEL WOODEN BLOCK LETTERS ,PEACE WOODEN BLOCK LETTERS,JOY WOODEN BLOCK LETTERS,HOME BUILDING BLOCK WORD,LOVE BUILDING BLOCK WORD,WICKER STAR 
NOVELTY BISCUITS CAKE STAND 3 TIER,MINI CAKE STAND WITH HANGING CAKES,LARGE CAKE STAND  HANGING STRAWBERY,CERAMIC CAKE STAND + HANGING CAKES,FORKED CACTUS CANDLE,FOLKART HEART NAPKIN RINGS
NUMBER TILE COTTAGE GARDEN 0 ,NUMBER TILE COTTAGE GARDEN 8,NUMBER TILE COTTAGE GARDEN 3 ,NUMBER TILE COTTAGE GARDEN 6,NUMBER TILE COTTAGE GARDEN 4,NUMBER TILE COTTAGE GARDEN 2
NUMBER TILE COTTAGE GARDEN 1,NUMBER TILE COTTAGE GARDEN 2,NUMBER TILE COTTAGE GARDEN 3 ,NUMBER TILE COTTAGE GARDEN 0 ,NUMBER TILE COTTAGE GARDEN 6,NUMBER TILE COTTAGE GARDEN 4
NUMBER TILE COTTAGE GARDEN 2,NUMBER TILE COTTAGE GARDEN 4,NUMBER TILE COTTAGE GARDEN 0 ,NUMBER TILE COTTAGE GARDEN 6,NUMBER TILE COTTAGE GARDEN 8,NUMBER TILE COTTAGE GARDEN 9
NUMBER TILE COTTAGE GARDEN 3 ,NUMBER TILE COTTAGE GARDEN 9,NUMBER TILE COTTAGE GARDEN 6,NUMBER TILE COTTAGE GARDEN 0 ,NUMBER TILE COTTAGE GARDEN 8,NUMBER TILE COTTAGE GARDEN 5
NUMBER TILE COTTAGE GARDEN 4,NUMBER TILE COTTAGE GARDEN 2,NUMBER TILE COTTAGE GARDEN 0 ,NUMBER TILE COTTAGE GARDEN 8,NUMBER TILE COTTAGE GARDEN 5,NUMBER TILE COTTAGE GARDEN 6
NUMBER TILE COTTAGE GARDEN 5,NUMBER TILE COTTAGE GARDEN 3 ,NUMBER TILE COTTAGE GARDEN 0 ,NUMBER TILE COTTAGE GARDEN 4,NUMBER TILE COTTAGE GARDEN 8,NUMBER TILE COTTAGE GARDEN 7
NUMBER TILE COTTAGE GARDEN 6,NUMBER TILE COTTAGE GARDEN 9,NUMBER TILE COTTAGE GARDEN 3 ,NUMBER TILE COTTAGE GARDEN 0 ,NUMBER TILE COTTAGE GARDEN 8,NUMBER TILE COTTAGE GARDEN 2
NUMBER TILE COTTAGE GARDEN 7,NUMBER TILE COTTAGE GARDEN 0 ,NUMBER TILE COTTAGE GARDEN 5,NUMBER TILE COTTAGE GARDEN 6,NUMBER TILE COTTAGE GARDEN 4,NUMBER TILE COTTAGE GARDEN 8
NUMBER TILE COTTAGE GARDEN 8,NUMBER TILE COTTAGE GARDEN 0 ,NUMBER TILE COTTAGE GARDEN 3 ,NUMBER TILE COTTAGE GARDEN 6,NUMBER TILE COTTAGE GARDEN 4,NUMBER TILE COTTAGE GARDEN 2
NUMBER TILE COTTAGE GARDEN 9,NUMBER TILE COTTAGE GARDEN 6,NUMBER TILE COTTAGE GARDEN 3 ,NUMBER TILE COTTAGE GARDEN 0 ,NUMBER TILE COTTAGE GARDEN 8,NUMBER TILE COTTAGE GARDEN 2
NUMBER TILE COTTAGE GARDEN No,NUMBER TILE COTTAGE GARDEN 0 ,NUMBER TILE COTTAGE GARDEN 8,NUMBER TILE COTTAGE GARDEN 5,NUMBER TILE COTTAGE GARDEN 9,NUMBER TILE COTTAGE GARDEN 4
NUMBER TILE VINTAGE FONT 0,NUMBER TILE VINTAGE FONT 9 ,NUMBER TILE VINTAGE FONT 7,NUMBER TILE VINTAGE FONT 8,NUMBER TILE VINTAGE FONT 1,NUMBER TILE VINTAGE FONT No 
NUMBER TILE VINTAGE FONT 1,NUMBER TILE VINTAGE FONT 0,NUMBER TILE VINTAGE FONT 9 ,NUMBER TILE VINTAGE FONT 8,NUMBER TILE VINTAGE FONT 7,NUMBER TILE VINTAGE FONT No 
NUMBER TILE VINTAGE FONT 2,NUMBER TILE VINTAGE FONT 7,NUMBER TILE VINTAGE FONT 0,NUMBER TILE VINTAGE FONT 4,NUMBER TILE VINTAGE FONT 9 ,NUMBER TILE VINTAGE FONT 6 
NUMBER TILE VINTAGE FONT 3,NUMBER TILE VINTAGE FONT 6 ,NUMBER TILE VINTAGE FONT 8,NUMBER TILE VINTAGE FONT 7,NUMBER TILE VINTAGE FONT 1,NUMBER TILE VINTAGE FONT 0
NUMBER TILE VINTAGE FONT 4,NUMBER TILE VINTAGE FONT 6 ,NUMBER TILE VINTAGE FONT 7,NUMBER TILE VINTAGE FONT 0,NUMBER TILE VINTAGE FONT 2,NUMBER TILE VINTAGE FONT 9 
NUMBER TILE VINTAGE FONT 5,NUMBER TILE VINTAGE FONT 1,NUMBER TILE VINTAGE FONT 7,NUMBER TILE VINTAGE FONT 8,NUMBER TILE VINTAGE FONT No ,NUMBER TILE VINTAGE FONT 0
NUMBER TILE VINTAGE FONT 6 ,NUMBER TILE VINTAGE FONT 4,NUMBER TILE VINTAGE FONT 7,NUMBER TILE VINTAGE FONT 0,NUMBER TILE VINTAGE FONT 2,NUMBER TILE VINTAGE FONT 9 
NUMBER TILE VINTAGE FONT 7,NUMBER TILE VINTAGE FONT 0,NUMBER TILE VINTAGE FONT No ,NUMBER TILE VINTAGE FONT 2,NUMBER TILE VINTAGE FONT 4,NUMBER TILE VINTAGE FONT 9 
NUMBER TILE VINTAGE FONT 8,NUMBER TILE VINTAGE FONT 0,NUMBER TILE VINTAGE FONT 9 ,NUMBER TILE VINTAGE FONT 7,NUMBER TILE VINTAGE FONT 1,NUMBER TILE VINTAGE FONT No 
NUMBER TILE VINTAGE FONT 9 ,NUMBER TILE VINTAGE FONT 0,NUMBER TILE VINTAGE FONT 1,NUMBER TILE VINTAGE FONT 8,NUMBER TILE VINTAGE FONT 7,NUMBER TILE VINTAGE FONT No 
NUMBER TILE VINTAGE FONT No ,NUMBER TILE VINTAGE FONT 7,NUMBER TILE VINTAGE FONT 0,NUMBER TILE VINTAGE FONT 9 ,NUMBER TILE VINTAGE FONT 1,NUMBER TILE VINTAGE FONT 8
NURSE'S BAG SOFT TOY,DOCTOR'S BAG SOFT TOY,TOOL BOX SOFT TOY ,EIGHT PIECE CREEPY CRAWLIE SET,SHOE SHINE BOX ,SILVER CHRISTMAS TREE BAUBLE STAND 
"NURSERY A,B,C PAINTED LETTERS",12 PINK ROSE PEG PLACE SETTINGS,PURPLE FRANGIPANI NECKLACE,JOY WOODEN BLOCK LETTERS,12 IVORY ROSE PEG PLACE SETTINGS,12 RED ROSE PEG PLACE SETTINGS
Next Day Carriage,ANTIQUE SILVER T-LIGHT GLASS,ASSORTED TUTTI FRUTTI KEYRING BALL,WHITE MOROCCAN METAL LANTERN,VICTORIAN GLASS HANGING T-LIGHT,ANTIQUE GLASS PEDESTAL BOWL
OCEAN SCENT CANDLE IN JEWELLED BOX,VANILLA SCENT CANDLE JEWELLED BOX,ROSE SCENT CANDLE IN JEWELLED BOX,SET/3 OCEAN SCENT CANDLE JEWEL BOX,SET/3 VANILLA SCENTED CANDLE IN BOX,SET/3 ROSE CANDLE IN JEWELLED BOX
OCEAN STRIPE HAMMOCK ,INCENSE BAZAAR PEACH,TRANQUILITY MASALA INCENSE,LOVE POTION MASALA INCENSE,DRAGONS BLOOD INCENSE,ELEPHANT CARNIVAL POUFFE
OFFICE MUG WARMER BLACK+SILVER ,OFFICE MUG WARMER POLKADOT,OFFICE MUG WARMER CHOC+BLUE,OFFICE MUG WARMER PINK,FIRST CLASS PASSPORT COVER ,QUEEN OF THE SKIES PASSPORT COVER 
OFFICE MUG WARMER CHOC+BLUE,OFFICE MUG WARMER PINK,OFFICE MUG WARMER POLKADOT,OFFICE MUG WARMER BLACK+SILVER ,LOCAL CAFE MUG,FIRST CLASS PASSPORT COVER 
OFFICE MUG WARMER PINK,OFFICE MUG WARMER CHOC+BLUE,OFFICE MUG WARMER POLKADOT,OFFICE MUG WARMER BLACK+SILVER ,IVORY KNITTED MUG COSY ,VINTAGE NOTEBOOK BEAUTY GIRL
OFFICE MUG WARMER POLKADOT,OFFICE MUG WARMER BLACK+SILVER ,OFFICE MUG WARMER CHOC+BLUE,OFFICE MUG WARMER PINK,LOCAL CAFE MUG,CLEAR CRYSTAL STAR PHONE CHARM
OLD DOC RUSSEL METAL SIGN,VINTAGE BEAD PINK SHADE ,WHITE WITH BLACK CATS PLATE,MINI HIGHLIGHTER PENS,SET/4 BLUE FLOWER CANDLES IN BOWL,BLACK MEDIUM GLASS CAKE STAND
OPEN CLOSED METAL SIGN,CHOCOLATE THIS WAY METAL SIGN,METAL SIGN TAKE IT OR LEAVE IT ,HAND OVER THE CHOCOLATE   SIGN ,"AIRLINE LOUNGE,METAL SIGN",GIN + TONIC DIET METAL SIGN
OPIUM SCENTED VOTIVE CANDLE,STRAWBRY SCENTED VOTIVE CANDLE,ORANGE VOTIVE CANDLE,CINNAMON SCENTED VOTIVE CANDLE,PURPLE DRESS JEWELLERY STAND,BLUE MONTE CARLO HANDBAG
ORANGE FELT VASE + FLOWERS,GLASS CAKE COVER AND PLATE,ORANGE FELT VASE + FLOWERS,HEN HOUSE W CHICK IN NEST,TURQ ICE CREAM BUM BAG ,DUSTY PINK CHRISTMAS TREE 60CM
ORANGE FLOWER MUG ,YELLOW PINK FLOWER DESIGN BIG BOWL,FLOWER FAIRY INCENSE BOUQUET,PINK/BLUE STRING CURTAIN ,ZINC HEART LATTICE TRAY OVAL ,CLASSICAL ROSE CANDLESTAND
ORANGE PENDANT TRIPLE SHELL NECKLAC,DROP DIAMANTE EARRINGS GREEN,DOORKNOB CERAMIC IVORY,LARGE BLACK DIAMANTE HAIRSLIDE,DIAMANTE HAIR GRIP PACK/2 CRYSTAL,DIAMANTE HAIR GRIP PACK/2 PERIDOT
ORANGE SCENTED SET/9 T-LIGHTS,CINAMMON SET OF 9 T-LIGHTS,PINK DIAMANTE PEN IN GIFT BOX,QUEEN OF SKIES LUGGAGE TAG,GREEN MURANO TWIST NECKLACE,LILAC DIAMANTE PEN IN GIFT BOX
ORANGE TV TRAY TABLE ,VINTAGE PINK DECORATIVE PARASOL,BLUE TV TRAY TABLE ,"WHITE TEA,COFFEE,SUGAR JARS",PURPLE DRESS JEWELLERY STAND,RETRO BROWN BALL ASHTRAY 
ORANGE VOTIVE CANDLE,STRAWBRY SCENTED VOTIVE CANDLE,CINNAMON SCENTED VOTIVE CANDLE,OPIUM SCENTED VOTIVE CANDLE,IVORY SCULPTED RND CANDLE ,PURPLE DRESS JEWELLERY STAND
ORANGE/WHT/FUSCHIA STONES NECKLACE,WHITE/PINK MINI CRYSTALS NECKLACE,ORANGE/WHT/FUSCHIA STONES NECKLACE,PALE PINK/AMETHYST STONE NECKLACE,COTE D'AZURE NECKLACE,RIVIERA NECKLACE
ORGANISER WOOD ANTIQUE WHITE ,ENAMEL BLUE RIM BISCUIT BIN,SET OF 3 CONEY ISLAND OVAL BOXES,WHITE WOOD GARDEN PLANT LADDER,DOORKNOB CRACKED GLAZE PINK,PURPLE FRANGIPANI NECKLACE
ORIENTAL RED CUSHION COVER ,RED PEONY CUSHION COVER ,GREEN PEONY CUSHION COVER,UBO-LIGHT TRIOBASE BLUE,"LETTER ""F"" BLING KEY RING",UBO-LIGHT TRIOBASE PURPLE
ORIGAMI JASMINE INCENSE/CANDLE SET,ORIGAMI VANILLA INCENSE/CANDLE SET ,ORIGAMI ROSE INCENSE/CANDLE SET ,ORIGAMI SANDLEWOOD INCENSE/CAND SET,ORIGAMI LAVENDER INCENSE/CANDL SET ,ORIGAMI SANDLEWOOD INCENSE+FLOWER
ORIGAMI LAVENDER INCENSE/CANDL SET ,ORIGAMI SANDLEWOOD INCENSE/CAND SET,ORIGAMI ROSE INCENSE/CANDLE SET ,ORIGAMI JASMINE INCENSE/CANDLE SET,ORIGAMI VANILLA INCENSE/CANDLE SET ,IVORY SCULPTED RND CANDLE 
ORIGAMI OPIUM INCENSE/CANDLE SET ,"GARLAND, MAGIC GARDEN 1.8M",2 DAISIES HAIR COMB,PURPLE ENAMEL FLOWER HAIR TIE,LARGE BLACK DIAMANTE HAIRSLIDE,DOORKNOB CERAMIC IVORY
ORIGAMI ROSE INCENSE IN TUBE,ASSORTED LAQUERED INCENSE HOLDERS,BIRD ON BRANCH CANVAS SCREEN,GOLD APERITIF GLASS,JAM JAR WITH BLUE LID,PORCELAIN BUDAH INCENSE HOLDER
ORIGAMI ROSE INCENSE/CANDLE SET ,ORIGAMI SANDLEWOOD INCENSE/CAND SET,ORIGAMI JASMINE INCENSE/CANDLE SET,ORIGAMI LAVENDER INCENSE/CANDL SET ,ORIGAMI VANILLA INCENSE/CANDLE SET ,IVORY SCULPTED RND CANDLE 
ORIGAMI SANDLEWOOD INCENSE+FLOWER,PINK ROUND COMPACT MIRROR,"GREETING CARD, TWO SISTERS.",ASSORTED LAQUERED INCENSE HOLDERS,ASSTD RASTA KEY-CHAINS,HENRIETTA HEN MUG 
ORIGAMI SANDLEWOOD INCENSE/CAND SET,ORIGAMI ROSE INCENSE/CANDLE SET ,ORIGAMI LAVENDER INCENSE/CANDL SET ,ORIGAMI JASMINE INCENSE/CANDLE SET,ORIGAMI VANILLA INCENSE/CANDLE SET ,PURPLE FRANGIPANI NECKLACE
ORIGAMI VANILLA INCENSE CONES,HEAVENS SCENT FRAGRANCE OILS ASSTD,ORIGAMI OPIUM INCENSE/CANDLE SET ,FLOWER PURPLE CLOCK W/SUCKER,BLUE ORGANDY ROUND LAMPSHADE W BEA,PINK GAUZE BUTTERFLY LAMPSHADE
ORIGAMI VANILLA INCENSE/CANDLE SET ,ORIGAMI JASMINE INCENSE/CANDLE SET,ORIGAMI SANDLEWOOD INCENSE/CAND SET,ORIGAMI ROSE INCENSE/CANDLE SET ,ORIGAMI LAVENDER INCENSE/CANDL SET ,AMETHYST DIAMANTE EXPANDABLE RING
OVAL  MINI PORTRAIT FRAME,SQUARE MINI PORTRAIT FRAME,HEART MINI PORTRAIT FRAME,NEW BAROQUE B'FLY NECKLACE RED,WALL ART STOP FOR TEA ,THREE MINI HANGING FRAMES
OVEN MITT APPLES DESIGN,SET OF 2 TEA TOWELS APPLE AND PEARS,PEG BAG APPLES DESIGN,RED RETROSPOT OVEN GLOVE ,TABLECLOTH RED APPLES DESIGN ,PACK OF 20 NAPKINS RED APPLES
OVERNIGHT BAG VINTAGE ROSE PAISLEY,GREEN ROSE WASHBAG,WASH BAG VINTAGE ROSE PAISLEY,COSMETIC BAG VINTAGE ROSE PAISLEY,MONEY BOX FIRST ADE DESIGN,TROPICAL PASSPORT COVER 
OWL DOORSTOP,DOORSTOP RETROSPOT HEART,BEADED CRYSTAL HEART PINK SMALL,GINGHAM HEART  DOORSTOP RED,SPOTTY PINK DUCK DOORSTOP,PINK & WHITE ROSEBUD RING
OYSTER TRINKET BOX,PERIWINKLE T-LIGHT HOLDER,COCKLE SHELL DISH,STARFISH SOAP DISH,EIGHT PIECE CREEPY CRAWLIE SET,VIP PASSPORT COVER 
PACK 20 DOLLY PEGS,NEWSPAPER STAND,LILAC GAUZE BUTTERFLY LAMPSHADE,"BATHROOM SCALES, TROPICAL BEACH",BATHROOM SCALES RUBBER DUCKS,SQUARE FLOOR CUSHION VINTAGE RED
PACK 20 ENGLISH ROSE PAPER NAPKINS,SET/20 STRAWBERRY PAPER NAPKINS ,SET/20 RED RETROSPOT PAPER NAPKINS ,SET 20 NAPKINS FAIRY CAKES DESIGN ,BLUE BREAKFAST CUP AND SAUCER ,VINTAGE NOTEBOOK BEAUTY GIRL
PACK 3 BOXES BIRD PANETTONE ,BLUE POLKADOT PURSE ,BLUE LEAVES AND BEADS PHONE CHARM,BLUE/GREEN SHELL NECKLACE W PENDANT,DOTCOM POSTAGE,SET OF 36 PANTRY PAPER DOILIES
PACK 3 BOXES BIRD PANNETONE ,PACK 3 BOXES CHRISTMAS PANNETONE,PACK OF 6 PANNETONE GIFT BOXES,PACK OF 6 BIRDY GIFT TAGS,PACK OF 6 SWEETIE GIFT BOXES,PACK OF 6 PANETTONE GIFT BOXES
PACK 3 BOXES CHRISTMAS PANETTONE,BLUE POLKADOT PURSE ,BLUE LEAVES AND BEADS PHONE CHARM,PINK CRYSTAL GUITAR PHONE CHARM,DOTCOM POSTAGE,BLUE/GREEN SHELL NECKLACE W PENDANT
PACK 3 BOXES CHRISTMAS PANNETONE,PACK 3 BOXES BIRD PANNETONE ,PACK OF 6 PANNETONE GIFT BOXES,PAPER CHAIN KIT 50'S CHRISTMAS ,PAPER CHAIN KIT VINTAGE CHRISTMAS,GIANT 50'S CHRISTMAS CRACKER
PACK 3 FIRE ENGINE/CAR PATCHES,PACK 6 HEART/ICE-CREAM PATCHES,TINY CRYSTAL BRACELET GREEN,SET/3 FLORAL GARDEN TOOLS IN BAG,WHITE MURANO TWIST BRACELET,ROBOT MUG IN DISPLAY BOX
PACK 3 IRON ON DOG PATCHES,PACK 6 HEART/ICE-CREAM PATCHES,CRYSTAL FROG PHONE CHARM,MEASURING TAPE BABUSHKA PINK,BLUE BLOSSOM HAIR CLIP,NECKLACE+BRACELET SET BLUE BLOSSOM
PACK 4 FLOWER/BUTTERFLY PATCHES,S/3 POT POURI CUSHIONS BLUE COLOURS,ST GEORGE SET OF 10 PARTY LIGHTS,DROP DIAMANTE EARRINGS BLACK DIAMON,SILVER FLOWR PINK SHELL NECKLACE,WRAP GREEN RUSSIAN FOLKART 
PACK 6 HEART/ICE-CREAM PATCHES,PACK 3 IRON ON DOG PATCHES,PACK 3 FIRE ENGINE/CAR PATCHES,MEASURING TAPE BABUSHKA BLUE,SET/5 RED SPOTTY LID GLASS BOWLS,GIRLY PINK TOOL SET
PACK OF 12 50'S CHRISTMAS TISSUES,PACK OF 12 VINTAGE CHRISTMAS TISSUE,PACK OF 12 VINTAGE DOILY TISSUES,PACK OF 12 PAISLEY PARK TISSUES ,6 GIFT TAGS 50'S CHRISTMAS ,PACK OF 12 DOLLY GIRL TISSUES
PACK OF 12 BLUE PAISLEY TISSUES ,PACK OF 12 PINK PAISLEY TISSUES ,PACK OF 12 RED RETROSPOT TISSUES ,PACK OF 12 PINK POLKADOT TISSUES,PACK OF 12 HEARTS DESIGN TISSUES ,PACK OF 12 SUKI TISSUES 
PACK OF 12 CHRISTMAS FUN CARDS,CHRISTMAS CARD STACK OF PRESENTS,SET OF 2 TEA TOWELS PING MICROWAVE,SET 12 COLOUR PENCILS SPACEBOY ,PACK/12 BLUE FOLKART CARDS,DECORATIVE WICKER HEART SMALL
PACK OF 12 CIRCUS PARADE TISSUES ,PACK OF 12 SPACEBOY TISSUES,PACK OF 12 WOODLAND TISSUES ,PACK OF 12 SUKI TISSUES ,PLASTERS IN TIN CIRCUS PARADE ,PACK OF 12 LONDON TISSUES 
PACK OF 12 COLOURED PENCILS,PACK OF 12 TRADITIONAL CRAYONS,TRADITIONAL MODELLING CLAY,WOODEN SCHOOL COLOURING SET,SET 12 KIDS COLOUR  CHALK STICKS,BUNDLE OF 3 ALPHABET EXERCISE BOOKS
PACK OF 12 DOILEY TISSUES,"WALL ART,ONLY ONE PERSON ",PLAYING CARDS VINTAGE DOILEY ,"WALL ART , LOVES' SECRET ","WALL ART ,PUDDINGS ",FOLDING MIRROR IVORY 
PACK OF 12 DOLLY GIRL TISSUES,PACK OF 12 SPACEBOY TISSUES,PACK OF 12 VINTAGE DOILY TISSUES, DOLLY GIRL BEAKER,MINI PLAYING CARDS DOLLY GIRL ,PACK OF 12 PAISLEY PARK TISSUES 
PACK OF 12 HEARTS DESIGN TISSUES ,PACK OF 12 PINK POLKADOT TISSUES,PACK OF 12 RED RETROSPOT TISSUES ,PACK OF 12 SUKI TISSUES ,PACK OF 12 SKULL TISSUES,PACK OF 12 BLUE PAISLEY TISSUES 
PACK OF 12 LONDON TISSUES ,LUNCH BOX I LOVE LONDON,LONDON BUS COFFEE MUG,SET OF 4 KNICK KNACK TINS LONDON ,CARD I LOVE LONDON ,SET 2 TEA TOWELS I LOVE LONDON 
PACK OF 12 PAISLEY PARK TISSUES ,PACK OF 12 VINTAGE DOILY TISSUES,PACK OF 12 VINTAGE LEAF TISSUES ,PACK OF 12 50'S CHRISTMAS TISSUES,PACK OF 12 DOLLY GIRL TISSUES,PACK OF 12 PINK POLKADOT TISSUES
PACK OF 12 PINK PAISLEY TISSUES ,PACK OF 12 BLUE PAISLEY TISSUES ,PACK OF 12 RED RETROSPOT TISSUES ,PACK OF 12 SUKI TISSUES ,PACK OF 12 PINK POLKADOT TISSUES,PACK OF 12 WOODLAND TISSUES 
PACK OF 12 PINK POLKADOT TISSUES,PACK OF 12 HEARTS DESIGN TISSUES ,PACK OF 12 RED RETROSPOT TISSUES ,PACK OF 12 PINK PAISLEY TISSUES ,PACK OF 12 SPACEBOY TISSUES,PACK OF 12 BLUE PAISLEY TISSUES 
PACK OF 12 RED APPLE TISSUES,PACK OF 12 VINTAGE LEAF TISSUES ,PACK OF 12 VINTAGE DOILY TISSUES,PACK OF 12 WOODLAND TISSUES ,PACK OF 12 SUKI TISSUES ,SET OF 2 TEA TOWELS APPLE AND PEARS
PACK OF 12 RED RETROSPOT TISSUES ,PACK OF 12 PINK POLKADOT TISSUES,PACK OF 12 HEARTS DESIGN TISSUES ,PACK OF 12 SUKI TISSUES ,PACK OF 12 WOODLAND TISSUES ,PACK OF 12 BLUE PAISLEY TISSUES 
PACK OF 12 SKULL TISSUES,PACK OF 12 SUKI TISSUES ,PACK OF 12 HEARTS DESIGN TISSUES ,PACK OF 12 WOODLAND TISSUES ,PACK OF 12 SPACEBOY TISSUES,PACK OF 12 RED RETROSPOT TISSUES 
PACK OF 12 SPACEBOY TISSUES,PACK OF 12 WOODLAND TISSUES ,PACK OF 12 SUKI TISSUES ,PACK OF 12 CIRCUS PARADE TISSUES ,PACK OF 12 DOLLY GIRL TISSUES,PACK OF 12 SKULL TISSUES
PACK OF 12 STICKY BUNNIES,S/12 MINI RABBIT EASTER,PAINTED PINK RABBIT ,DECORATION  BUTTERFLY  MAGIC GARDEN,EASTER CRAFT 4 CHICKS ,HANGING SPRING FLOWER EGG LARGE
PACK OF 12 SUKI TISSUES ,PACK OF 12 SKULL TISSUES,PACK OF 12 WOODLAND TISSUES ,PACK OF 12 RED RETROSPOT TISSUES ,PACK OF 12 HEARTS DESIGN TISSUES ,PACK OF 12 SPACEBOY TISSUES
PACK OF 12 TRADITIONAL CRAYONS,PACK OF 12 COLOURED PENCILS,TRADITIONAL MODELLING CLAY,WOODEN SCHOOL COLOURING SET,SET 12 KIDS COLOUR  CHALK STICKS,WOODEN BOX OF DOMINOES
PACK OF 12 VINTAGE CHRISTMAS TISSUE,PACK OF 12 50'S CHRISTMAS TISSUES,SET OF 20 VINTAGE CHRISTMAS NAPKINS,PACK OF 12 LONDON TISSUES ,PACK OF 12 PAISLEY PARK TISSUES ,60 CAKE CASES VINTAGE CHRISTMAS
PACK OF 12 VINTAGE DOILY TISSUES,PACK OF 12 PAISLEY PARK TISSUES ,PACK OF 12 VINTAGE LEAF TISSUES ,PACK OF 12 SPACEBOY TISSUES,PACK OF 12 DOLLY GIRL TISSUES,PACK OF 12 50'S CHRISTMAS TISSUES
PACK OF 12 VINTAGE LEAF TISSUES ,PACK OF 12 PAISLEY PARK TISSUES ,PACK OF 12 VINTAGE DOILY TISSUES,PACK OF 12 RED APPLE TISSUES,PACK OF 12 SPACEBOY TISSUES,PACK OF 12 SUKI TISSUES 
PACK OF 12 WOODLAND TISSUES ,PACK OF 12 SPACEBOY TISSUES,PACK OF 12 SUKI TISSUES ,PACK OF 12 RED RETROSPOT TISSUES ,PACK OF 12 SKULL TISSUES,PACK OF 12 CIRCUS PARADE TISSUES 
PACK OF 20 NAPKINS PANTRY DESIGN,PACK OF 20 NAPKINS RED APPLES,SET OF 3 CAKE TINS PANTRY DESIGN ,SET/20 RED RETROSPOT PAPER NAPKINS ,SET 2 PANTRY DESIGN TEA TOWELS,SET 20 NAPKINS FAIRY CAKES DESIGN 
PACK OF 20 NAPKINS RED APPLES,SET/20 STRAWBERRY PAPER NAPKINS ,SET/20 RED RETROSPOT PAPER NAPKINS ,PACK OF 20 NAPKINS PANTRY DESIGN,SET OF 2 TEA TOWELS APPLE AND PEARS,COFFEE MUG APPLES DESIGN
PACK OF 20 SKULL PAPER NAPKINS,PACK OF 6 SKULL PAPER PLATES,PACK OF 6 SKULL PAPER CUPS,SKULLS PARTY BAG + STICKER SET,SET/6 RED SPOTTY PAPER CUPS,SET/6 RED SPOTTY PAPER PLATES
PACK OF 20 SPACEBOY NAPKINS,PACK OF 20 SKULL PAPER NAPKINS,SET/20 RED RETROSPOT PAPER NAPKINS ,PACK OF 20 NAPKINS RED APPLES,PACK OF 60 SPACEBOY CAKE CASES,PACK OF 6 SKULL PAPER CUPS
PACK OF 6 BIRDY GIFT TAGS,PACK 3 BOXES BIRD PANNETONE ,PACK OF 6 PANNETONE GIFT BOXES,ASSORTED COLOUR BIRD ORNAMENT,6 RIBBONS RUSTIC CHARM,SCANDINAVIAN REDS RIBBONS
PACK OF 6 COCKTAIL PARASOL STRAWS,PACK OF 6 LARGE FRUIT STRAWS ,PACK OF 6 SMALL FRUIT STRAWS,COCKTAIL SWORDS 50 PIECES,PARTY CHARMS 50 PIECES,BOX OF 24 COCKTAIL PARASOLS
PACK OF 6 HANDBAG GIFT BOXES,PACK OF 6 PANNETONE GIFT BOXES,PACK OF 6 SWEETIE GIFT BOXES,SET OF 72 GREEN PAPER DOILIES,PACK OF 6 BIRDY GIFT TAGS,SET/4 GARDEN ROSE DINNER CANDLE
PACK OF 6 LARGE FRUIT STRAWS ,PACK OF 6 COCKTAIL PARASOL STRAWS,PACK OF 6 SMALL FRUIT STRAWS,PARTY CHARMS 50 PIECES,COCKTAIL SWORDS 50 PIECES,BOX OF 24 COCKTAIL PARASOLS
PACK OF 6 PANETTONE GIFT BOXES,CANNISTER VINTAGE LEAF DESIGN,BISCUIT TIN VINTAGE LEAF,DOTCOM POSTAGE,PACK 3 BOXES BIRD PANETTONE ,BUNDLE OF 3 RETRO EXERCISE BOOKS
PACK OF 6 PANNETONE GIFT BOXES,PACK OF 6 HANDBAG GIFT BOXES,PACK OF 6 SWEETIE GIFT BOXES,PACK 3 BOXES BIRD PANNETONE ,PACK OF 6 BIRDY GIFT TAGS,PACK 3 BOXES CHRISTMAS PANNETONE
PACK OF 6 SANDCASTLE FLAGS ASSORTED,RED METAL BEACH SPADE ,BOYS VINTAGE TIN SEASIDE BUCKET,GIRLS VINTAGE TIN SEASIDE BUCKET,PAPER CHAIN KIT EMPIRE,PARTY BUNTING
PACK OF 6 SKULL PAPER CUPS,PACK OF 6 SKULL PAPER PLATES,PACK OF 20 SKULL PAPER NAPKINS,SET/6 RED SPOTTY PAPER CUPS,SET/6 RED SPOTTY PAPER PLATES,SKULLS PARTY BAG + STICKER SET
PACK OF 6 SKULL PAPER PLATES,PACK OF 6 SKULL PAPER CUPS,PACK OF 20 SKULL PAPER NAPKINS,SET/6 RED SPOTTY PAPER CUPS,SET/6 RED SPOTTY PAPER PLATES,SKULLS PARTY BAG + STICKER SET
PACK OF 6 SMALL FRUIT STRAWS,PACK OF 6 COCKTAIL PARASOL STRAWS,PARTY CHARMS 50 PIECES,PACK OF 6 LARGE FRUIT STRAWS ,COCKTAIL SWORDS 50 PIECES,BOX OF 24 COCKTAIL PARASOLS
PACK OF 6 SWEETIE GIFT BOXES,PACK OF 6 PANNETONE GIFT BOXES,PACK OF 6 HANDBAG GIFT BOXES,FOLDING CAMPING SCISSOR W/KNIF & S,PACK 3 BOXES BIRD PANNETONE ,PACK OF 6 BIRDY GIFT TAGS
PACK OF 60 DINOSAUR CAKE CASES,PACK OF 60 SPACEBOY CAKE CASES,PACK OF 72 SKULL CAKE CASES,72 SWEETHEART FAIRY CAKE CASES,60 TEATIME FAIRY CAKE CASES,PACK OF 72 RETROSPOT CAKE CASES
PACK OF 60 MUSHROOM CAKE CASES,PACK OF 60 SPACEBOY CAKE CASES,PACK OF 60 PINK PAISLEY CAKE CASES,PACK OF 60 DINOSAUR CAKE CASES,PACK OF 72 RETROSPOT CAKE CASES,60 CAKE CASES DOLLY GIRL DESIGN
PACK OF 60 PINK PAISLEY CAKE CASES,PACK OF 72 RETROSPOT CAKE CASES,60 TEATIME FAIRY CAKE CASES,72 SWEETHEART FAIRY CAKE CASES,SET OF 60 PANTRY DESIGN CAKE CASES ,PACK OF 60 DINOSAUR CAKE CASES
PACK OF 60 SPACEBOY CAKE CASES,60 CAKE CASES DOLLY GIRL DESIGN,PACK OF 60 DINOSAUR CAKE CASES,PACK OF 72 RETROSPOT CAKE CASES,PACK OF 72 SKULL CAKE CASES,PACK OF 60 MUSHROOM CAKE CASES
PACK OF 72 RETROSPOT CAKE CASES,PACK OF 60 PINK PAISLEY CAKE CASES,60 TEATIME FAIRY CAKE CASES,PACK OF 60 DINOSAUR CAKE CASES,72 SWEETHEART FAIRY CAKE CASES,PACK OF 72 SKULL CAKE CASES
PACK OF 72 SKULL CAKE CASES,PACK OF 60 DINOSAUR CAKE CASES,PACK OF 72 RETROSPOT CAKE CASES,PACK OF 60 SPACEBOY CAKE CASES,72 SWEETHEART FAIRY CAKE CASES,60 TEATIME FAIRY CAKE CASES
PACK OF SIX LED TEA LIGHTS,SET 6 PAPER TABLE LANTERN STARS ,SET 6 PAPER TABLE LANTERN HEARTS ,ROTATING SILVER ANGELS T-LIGHT HLDR,PAPER CHAIN KIT 50'S CHRISTMAS ,CHRISTMAS TOILET ROLL
PACK/12 BLUE FOLKART CARDS,"FOLK ART GREETING CARD,pack/12",SET/3 FLORAL GARDEN TOOLS IN BAG,THE KING GIFT BAG,ROBOT MUG IN DISPLAY BOX,PASTEL PINK PHOTO ALBUM 
PACK/12 XMAS FUN CARD,WHITE ROSEBUD  PEARL EARRINGS,SCALLOP SHELL SOAP DISH,BLUE TEATIME PRINT BOWL ,WRAP GREEN RUSSIAN FOLKART ,FRENCH ENAMEL UTENSIL HOLDER
PACKING CHARGE,ROSE PENDANT TRIPLE SHELL NECKLACE,DAISY HAIR COMB,DIAMANTE HAIR GRIP PACK/2 PERIDOT,PINK DAISY BAG CHARM,LARGE BLACK DIAMANTE HAIRSLIDE
PADS TO MATCH ALL CUSHIONS,PINK BUTTERFLY CUSHION COVER ,WOVEN SUNSET CUSHION COVER ,WOVEN CANDY CUSHION COVER ,WOVEN BUBBLE GUM CUSHION COVER,WOVEN ROSE GARDEN CUSHION COVER 
PAINT YOUR OWN CANVAS SET,TRADITIONAL MODELLING CLAY,MINI PAINT SET VINTAGE ,HAPPY STENCIL CRAFT,WOODEN SCHOOL COLOURING SET,PACK OF 12 COLOURED PENCILS
PAINT YOUR OWN EGGS IN CRATE,SET 36 COLOURING PENCILS DOILEY,SET 12 COLOURING PENCILS DOILEY, I LOVE LONDON MINI RUCKSACK,12 HANGING EGGS HAND PAINTED,WOODLAND MINI RUCKSACK 
PAINTED HEART WREATH WITH BELL,BLUE VICTORIAN FABRIC OVAL BOX,RED VICTORIAN FABRIC OVAL BOX,CHARLIE + LOLA BISCUITS TINS,SET/3 ROSE CANDLE IN JEWELLED BOX,CARDHOLDER GINGHAM CHRISTMAS TREE
PAINTED LIGHTBULB RAINBOW DESIGN,PAINTED LIGHTBULB STAR+ MOON,JAM JAR WITH BLUE LID,SILVER AND BLACK ORBIT NECKLACE,GOLD APERITIF GLASS,BIRD ON BRANCH CANVAS SCREEN
PAINTED LIGHTBULB STAR+ MOON,PAINTED LIGHTBULB RAINBOW DESIGN,BIRD ON BRANCH CANVAS SCREEN,GOLD APERITIF GLASS,SILVER AND BLACK ORBIT NECKLACE,JAM JAR WITH BLUE LID
PAINTED METAL HEART WITH HOLLY BELL,PAINTED METAL STAR WITH HOLLY BELLS,SWISS CHALET TREE DECORATION ,CHRISTMAS HANGING TREE WITH BELL,WOODEN TREE CHRISTMAS SCANDINAVIAN,WOODEN HEART CHRISTMAS SCANDINAVIAN
PAINTED METAL PEARS ASSORTED,ASSORTED COLOUR BIRD ORNAMENT,IVORY HANGING DECORATION  HEART,WHITE HANGING HEART T-LIGHT HOLDER,HEART FILIGREE DOVE  SMALL,LOVE BUILDING BLOCK WORD
PAINTED METAL STAR WITH HOLLY BELLS,PAINTED METAL HEART WITH HOLLY BELL,WOODEN TREE CHRISTMAS SCANDINAVIAN,WOODEN HEART CHRISTMAS SCANDINAVIAN,WOODEN STAR CHRISTMAS SCANDINAVIAN,HEART DECORATION RUSTIC HANGING 
PAINTED PINK RABBIT ,PAINTED YELLOW WOODEN DAISY,BUNNY WOODEN PAINTED WITH FLOWER ,BUNNY WOODEN PAINTED WITH BIRD ,PACK OF 12 STICKY BUNNIES,BUNNY DECORATION MAGIC GARDEN
PAINTED SEA SHELL METAL WINDCHIME,MINI  ZINC GARDEN DECORATIONS ,PASTEL BLUE PHOTO ALBUM ,PASTEL PINK PHOTO ALBUM ,BLACK/WHITE GLASS/SILVER BRACELET,BLACK PHOTO ALBUM 
PAINTED YELLOW WOODEN DAISY,PAINTED PINK RABBIT ,BUNNY WOODEN PAINTED WITH BIRD ,BUNNY WOODEN PAINTED WITH FLOWER ,RABBIT EASTER DECORATION,HANGING SPRING FLOWER EGG LARGE
PAIR BUTTERFLY HAIR CLIPS,DAISY HAIR BAND,PAIR OF ENAMEL BUTTERFLY HAIRCLIP,PINK ENAMEL FLOWER HAIR TIE,CRYSTAL SEA HORSE PHONE CHARM,RED DAISY PAPER LAMPSHADE
PAIR OF ENAMEL BUTTERFLY HAIRCLIP,DAISY HAIR BAND,CRYSTAL PAIR HEART HAIR SLIDES,PAIR OF PINK FLOWER CLUSTER SLIDE,PURPLE FRANGIPANI NECKLACE,PINK ENAMEL FLOWER HAIR TIE
PAIR OF PINK FLOWER CLUSTER SLIDE,DIAMANTE HAIR GRIP PACK/2 LT ROSE,PURPLE FRANGIPANI NECKLACE,DIAMANTE HAIR GRIP PACK/2 RUBY,DIAMANTE HAIR GRIP PACK/2 BLACK DIA,DIAMANTE HAIR GRIP PACK/2 MONTANA
PAIR PADDED HANGERS PINK CHECK,High Resolution Image,BLUE GREEN EMBROIDERY COSMETIC BAG,PINK RIVIERA HANDBAG,BLUE POLKADOT GARDEN PARASOL,ROSE DU SUD DRAWSTRING BAG
PAISLEY PARK CARD,DOILY THANK YOU CARD,A PRETTY THANK YOU CARD,SILVER/NAT SHELL NECKLACE W PENDANT,PURPLE AMETHYST NECKLACE W TASSEL,BANQUET BIRTHDAY  CARD  
PAISLEY PATTERN  STICKERS,BUTTERFLIES STICKERS,POLYESTER FILLER PAD 60x40cm,PINK/AMETHYST/GOLD NECKLACE,SET/3 FLORAL GARDEN TOOLS IN BAG,MIDNIGHT BLUE CRYSTAL DROP EARRINGS
PALE PINK/AMETHYST STONE NECKLACE,WHITE ROSEBUD & PEARL NECKLACE,FRESHWATER PEARL BRACELET GOLD,"PEARL & SHELL 42""NECKL. GREEN",WHITE/PINK MINI CRYSTALS NECKLACE,ORANGE/WHT/FUSCHIA STONES NECKLACE
PANDA AND BUNNIES STICKER SHEET,ALPHABET HEARTS STICKER SHEET,LOVELY BONBON STICKER SHEET,SWEETIES  STICKERS,SWEET PUDDING STICKER SHEET,MULTI HEARTS  STICKERS
PANTRY 3 HOOK ROLLING PIN HANGER,PANTRY HOOK SPATULA,PANTRY HOOK BALLOON WHISK ,PANTRY HOOK TEA STRAINER ,SET OF TEA COFFEE SUGAR TINS PANTRY,DRAWER KNOB VINTAGE GLASS HEXAGON
PANTRY APPLE CORER,PANTRY PASTRY BRUSH,PANTRY WASHING UP BRUSH,PANTRY ROLLING PIN,PANTRY SCRUBBING BRUSH,SET 2 PANTRY DESIGN TEA TOWELS
PANTRY CHOPPING BOARD,SET OF TEA COFFEE SUGAR TINS PANTRY,PANTRY ROLLING PIN,WOODLAND MINI RUCKSACK ,SET OF 3 CAKE TINS PANTRY DESIGN ,SET 2 PANTRY DESIGN TEA TOWELS
PANTRY HOOK BALLOON WHISK ,PANTRY HOOK TEA STRAINER ,PANTRY HOOK SPATULA,PANTRY 3 HOOK ROLLING PIN HANGER,VINTAGE COFFEE GRINDER BOX,SET OF 4 JAM JAR MAGNETS
PANTRY HOOK SPATULA,PANTRY HOOK TEA STRAINER ,PANTRY HOOK BALLOON WHISK ,PANTRY 3 HOOK ROLLING PIN HANGER,SET OF 4 JAM JAR MAGNETS,BAROQUE BUTTERFLY EARRINGS CRYSTAL
PANTRY HOOK TEA STRAINER ,PANTRY HOOK SPATULA,PANTRY HOOK BALLOON WHISK ,PANTRY 3 HOOK ROLLING PIN HANGER,SET OF 4 JAM JAR MAGNETS,LIGHT DECORATION BATTERY OPERATED
PANTRY KITCHEN THERMOMETER ,SET OF 3 PANTRY WOODEN SPOONS,"GARLAND, MAGIC GARDEN 1.8M",PINK DAISY BAG CHARM,CLASSIC DIAMANTE EARRINGS JET,PURPLE ENAMEL FLOWER HAIR TIE
PANTRY MAGNETIC  SHOPPING LIST,VINTAGE LEAF MAGNETIC NOTEPAD,SKETCHBOOK MAGNETIC SHOPPING LIST,RECIPE BOX PANTRY YELLOW DESIGN,SET OF TEA COFFEE SUGAR TINS PANTRY,SET OF 3 CAKE TINS PANTRY DESIGN 
PANTRY PASTRY BRUSH,PANTRY ROLLING PIN,PANTRY WASHING UP BRUSH,PANTRY SCRUBBING BRUSH,PANTRY APPLE CORER,SET OF 4 PANTRY JELLY MOULDS
PANTRY ROLLING PIN,PANTRY PASTRY BRUSH,PANTRY SCRUBBING BRUSH,PANTRY WASHING UP BRUSH,SET OF 4 PANTRY JELLY MOULDS,SET OF 3 CAKE TINS PANTRY DESIGN 
PANTRY SCRUBBING BRUSH,PANTRY WASHING UP BRUSH,PANTRY PASTRY BRUSH,PANTRY ROLLING PIN,SET OF 4 PANTRY JELLY MOULDS,SET OF 6 SPICE TINS PANTRY DESIGN
PANTRY WASHING UP BRUSH,PANTRY SCRUBBING BRUSH,PANTRY PASTRY BRUSH,PANTRY ROLLING PIN,SET OF 4 PANTRY JELLY MOULDS,PANTRY APPLE CORER
PAPER BUNTING COLOURED LACE,PAPER BUNTING VINTAGE PAISLEY,PAPER BUNTING WHITE LACE,PAPER BUNTING RETROSPOT,PARTY BUNTING,PAPER CHAIN KIT RETROSPOT
PAPER BUNTING PAISLEY PARK,PAPER BUNTING VINTAGE PARTY,BLUE BUNNY EASTER EGG BASKET,SET 36 COLOURING PENCILS DOILEY, I LOVE LONDON MINI RUCKSACK,PINK BUNNY EASTER EGG BASKET
PAPER BUNTING RETROSPOT,PAPER BUNTING VINTAGE PAISLEY,PAPER BUNTING COLOURED LACE,PAPER CHAIN KIT RETROSPOT,SET/20 RED RETROSPOT PAPER NAPKINS ,PACK OF 72 RETROSPOT CAKE CASES
PAPER BUNTING VINTAGE PAISLEY,PAPER BUNTING RETROSPOT,PAPER BUNTING COLOURED LACE,PAPER CHAIN KIT RETROSPOT,PARTY BUNTING,TEA TIME PARTY BUNTING
PAPER BUNTING VINTAGE PARTY,PAPER BUNTING PAISLEY PARK,IVORY RETRO KITCHEN WALL CLOCK,SPACEBOY LUNCH BOX ,WOODLAND LARGE PINK FELT HEART,SET OF 36 VINTAGE CHRISTMAS DOILIES
PAPER BUNTING WHITE LACE,PAPER BUNTING COLOURED LACE,PAPER BUNTING RETROSPOT,PAPER BUNTING VINTAGE PAISLEY,LOVEBIRD HANGING DECORATION WHITE ,PAPER CHAIN KIT RETROSPOT
PAPER CHAIN KIT 50'S CHRISTMAS ,PAPER CHAIN KIT VINTAGE CHRISTMAS,PAPER CHAIN KIT RETROSPOT,BOX OF 6 MINI 50'S CRACKERS,SET OF 20 VINTAGE CHRISTMAS NAPKINS,JUMBO BAG 50'S CHRISTMAS 
PAPER CHAIN KIT EMPIRE,WOODEN UNION JACK BUNTING,PAPER CHAIN KIT RETROSPOT,PAPER CHAIN KIT 50'S CHRISTMAS ,VINTAGE UNION JACK BUNTING,PAPER CHAIN KIT VINTAGE CHRISTMAS
PAPER CHAIN KIT LONDON,PAPER CHAIN KIT RETROSPOT,PACK OF 12 LONDON TISSUES ,PAPER CHAIN KIT EMPIRE,SET 12 COLOUR PENCILS LOVE LONDON,PAPER CHAIN KIT 50'S CHRISTMAS 
PAPER CHAIN KIT RETROSPOT,PAPER CHAIN KIT 50'S CHRISTMAS ,PAPER CHAIN KIT VINTAGE CHRISTMAS,PAPER CHAIN KIT EMPIRE,PAPER BUNTING RETROSPOT,PAPER CHAIN KIT SKULLS 
PAPER CHAIN KIT SKULLS ,PAPER CHAIN KIT RETROSPOT,SKULL AND CROSSBONES  GARLAND ,PACK OF 20 SKULL PAPER NAPKINS,PACK OF 6 SKULL PAPER CUPS,SET OF 9 BLACK SKULL BALLOONS
PAPER CHAIN KIT VINTAGE CHRISTMAS,PAPER CHAIN KIT 50'S CHRISTMAS ,SET OF 20 VINTAGE CHRISTMAS NAPKINS,60 CAKE CASES VINTAGE CHRISTMAS,BOX OF 6 MINI VINTAGE CRACKERS,VINTAGE CHRISTMAS BUNTING
"PAPER CRAFT , LITTLE BIRDIE",PANTRY PASTRY BRUSH,PANTRY SCRUBBING BRUSH,POLKADOT COFFEE CUP & SAUCER PINK,POLKA DOT RAFFIA FOOD COVER,POCKET MIRROR WOODLAND
PAPER LANTERN 5 POINT SEQUIN STAR,PAPER LANTERN 9 POINT DELUXE STAR,PAPER LANTERN 9 POINT HOLLY STAR L,PACK 4 FLOWER/BUTTERFLY PATCHES,PAPER LANTERN 5 POINT STAR MOON ,SET OF 2 TEA TOWELS PING MICROWAVE
PAPER LANTERN 5 POINT STAR MOON ,FRYING PAN RED POLKADOT ,LUNCH BAG RED SPOTTY,MISELTOE HEART WREATH CREAM,SET/5 RED SPOTTY LID GLASS BOWLS,PEG BAG APPLE DESIGN
PAPER LANTERN 5 POINT STAR MOON 30,PAPER LANTERN 9 POINT HOLLY STAR 40,PAPER LANTERN 6 POINT SNOW STAR,PAPER LANTERN 5 POINT STUDDED STAR,PAPER LANTERN 9 POINT HOLLY STAR 23,CRYSTAL CHANDELIER T-LIGHT HOLDER
PAPER LANTERN 5 POINT STUDDED STAR,PAPER LANTERN 9 POINT HOLLY STAR 23,PAPER LANTERN 5 POINT STAR MOON 30,PAPER LANTERN 9 POINT HOLLY STAR 40,CRYSTAL CHANDELIER T-LIGHT HOLDER,PAPER LANTERN 6 POINT SNOW STAR
PAPER LANTERN 6 POINT SNOW STAR,PAPER LANTERN 5 POINT STAR MOON 30,PAPER LANTERN 9 POINT HOLLY STAR 40,PAPER LANTERN 5 POINT STUDDED STAR,CRYSTAL CHANDELIER T-LIGHT HOLDER,PAPER LANTERN 9 POINT HOLLY STAR 23
PAPER LANTERN 7 POINT SNOW STAR,PAPER LANTERN 9 POINT SNOW STAR,PAPER LANTERN 6 POINT SNOW STAR,PAPER LANTERN 5 POINT STAR MOON 30,PAPER LANTERN 9 POINT HOLLY STAR 40,VINTAGE ENGRAVED HEART
PAPER LANTERN 9 POINT DELUXE STAR,PAPER LANTERN 9 POINT HOLLY STAR S,PAPER LANTERN 9 POINT HOLLY STAR L,PAPER LANTERN 5 POINT SEQUIN STAR,VINTAGE ENGRAVED HEART,PAPER LANTERN 5 POINT STUDDED STAR
PAPER LANTERN 9 POINT HOLLY STAR 23,PAPER LANTERN 5 POINT STUDDED STAR,PAPER LANTERN 5 POINT STAR MOON 30,PAPER LANTERN 9 POINT HOLLY STAR 40,CRYSTAL CHANDELIER T-LIGHT HOLDER,PAPER LANTERN 6 POINT SNOW STAR
PAPER LANTERN 9 POINT HOLLY STAR 40,PAPER LANTERN 5 POINT STAR MOON 30,CRYSTAL CHANDELIER T-LIGHT HOLDER,PAPER LANTERN 5 POINT STUDDED STAR,PAPER LANTERN 9 POINT HOLLY STAR 23,PAPER LANTERN 6 POINT SNOW STAR
PAPER LANTERN 9 POINT HOLLY STAR L,PAPER LANTERN 9 POINT HOLLY STAR S,PAPER LANTERN 9 POINT DELUXE STAR,PACK 4 FLOWER/BUTTERFLY PATCHES,FLAG OF ST GEORGE CAR FLAG,PAPER LANTERN 5 POINT SEQUIN STAR
PAPER LANTERN 9 POINT HOLLY STAR S,PAPER LANTERN 9 POINT HOLLY STAR L,PAPER LANTERN 9 POINT DELUXE STAR,MUMMY MOUSE RED GINGHAM RIBBON,FLAG OF ST GEORGE CAR FLAG,MISELTOE HEART WREATH CREAM
PAPER LANTERN 9 POINT SNOW STAR,PAPER LANTERN 9 POINT SNOW STAR ,PAPER LANTERN 7 POINT SNOW STAR,SET OF 10 LANTERNS FAIRY LIGHT STAR,PAPER LANTERN 6 POINT SNOW STAR,PAPER LANTERN 9 POINT HOLLY STAR 40
PAPER LANTERN 9 POINT SNOW STAR ,PAPER LANTERN 9 POINT SNOW STAR,PAPER LANTERN 5 POINT STAR MOON ,DOORKNOB CRACKED GLAZE BLUE,PAPER LANTERN 9 POINT HOLLY STAR S,DIAMANTE HAIR GRIP PACK/2 CRYSTAL
PAPER POCKET TRAVELING FAN ,SANDALWOOD FAN,ASSORTED COLOURS SILK FAN,BROCADE RING PURSE ,DINOSAUR KEYRINGS ASSORTED,BOX OF 24 COCKTAIL PARASOLS
PAPERWEIGHT CHILDHOOD MEMORIES,PAPERWEIGHT VINTAGE COLLAGE,PAPERWEIGHT SAVE THE PLANET,PAPERWEIGHT HOME SWEET HOME,RETRO BROWN BALL ASHTRAY ,2 DAISIES HAIR COMB
PAPERWEIGHT HOME SWEET HOME,PAPERWEIGHT VINTAGE COLLAGE,PAPERWEIGHT SAVE THE PLANET,PAPERWEIGHT VINTAGE PAISLEY,PAPERWEIGHT KINGS CHOICE ,PAPERWEIGHT CHILDHOOD MEMORIES
PAPERWEIGHT KINGS CHOICE ,PAPERWEIGHT VINTAGE PAISLEY,PAPERWEIGHT HOME SWEET HOME,3 BLACK CATS W HEARTS BLANK CARD,DOORSTOP RACING CAR DESIGN,PAPERWEIGHT VINTAGE COLLAGE
PAPERWEIGHT SAVE THE PLANET,PAPERWEIGHT VINTAGE COLLAGE,PAPERWEIGHT HOME SWEET HOME,PAPERWEIGHT CHILDHOOD MEMORIES,PAPERWEIGHT VINTAGE PAISLEY,PAPERWEIGHT KINGS CHOICE 
PAPERWEIGHT VINTAGE COLLAGE,PAPERWEIGHT HOME SWEET HOME,PAPERWEIGHT SAVE THE PLANET,PAPERWEIGHT VINTAGE PAISLEY,PAPERWEIGHT CHILDHOOD MEMORIES,PAPERWEIGHT KINGS CHOICE 
PAPERWEIGHT VINTAGE PAISLEY,PAPERWEIGHT KINGS CHOICE ,PURPLE FRANGIPANI NECKLACE,PAPERWEIGHT VINTAGE COLLAGE,DROP DIAMANTE EARRINGS PURPLE,DAISY HAIR BAND
PARISIENNE CURIO CABINET,PARISIENNE JEWELLERY DRAWER ,PARISIENNE KEY CABINET ,PARISIENNE SEWING BOX,SMALL PARISIENNE HEART PHOTO FRAME ,DRAWER KNOB CRACKLE GLAZE PINK
PARISIENNE JEWELLERY DRAWER ,PARISIENNE SEWING BOX,PARISIENNE CURIO CABINET,PARISIENNE KEY CABINET ,SET OF 3 REGENCY CAKE TINS,REGENCY CAKESTAND 3 TIER
PARISIENNE KEY CABINET ,PARISIENNE JEWELLERY DRAWER ,PARISIENNE CURIO CABINET,PARISIENNE SEWING BOX,SMALL PARISIENNE HEART PHOTO FRAME ,REGENCY CAKESTAND 3 TIER
PARISIENNE SEWING BOX,PARISIENNE JEWELLERY DRAWER ,PARISIENNE CURIO CABINET,PARISIENNE KEY CABINET ,SMALL PARISIENNE HEART PHOTO FRAME ,VICTORIAN SEWING BOX SMALL 
PARLOUR CERAMIC WALL HOOK,ZINC HERB GARDEN CONTAINER,DRAWER KNOB VINTAGE GLASS HEXAGON,ENCHANTED BIRD COATHANGER 5 HOOK,QUEEN OF THE SKIES PASSPORT COVER ,DRAWER KNOB CERAMIC IVORY
PARTY BUNTING,SPOTTY BUNTING,TEA TIME PARTY BUNTING,REGENCY CAKESTAND 3 TIER,WHITE HANGING HEART T-LIGHT HOLDER,ASSORTED COLOUR BIRD ORNAMENT
PARTY CHARMS 50 PIECES,COCKTAIL SWORDS 50 PIECES,PACK OF 6 SMALL FRUIT STRAWS,PACK OF 6 COCKTAIL PARASOL STRAWS,PACK OF 6 LARGE FRUIT STRAWS ,BOX OF 24 COCKTAIL PARASOLS
PARTY CONE CHRISTMAS DECORATION ,ROCKING HORSE RED CHRISTMAS ,CHRISTMAS HANGING TREE WITH BELL,CHRISTMAS CRAFT LITTLE FRIENDS,ADVENT CALENDAR GINGHAM SACK,WOODEN HEART CHRISTMAS SCANDINAVIAN
PARTY CONES CANDY ASSORTED,PARTY CONES CANDY TREE DECORATION,PARTY CONES CARNIVAL ASSORTED,PINK PARTY BAGS,DIAMANTE HAIR GRIP PACK/2 LT ROSE,PAIR OF PINK FLOWER CLUSTER SLIDE
PARTY CONES CANDY DECORATION, I LOVE LONDON MINI RUCKSACK,SET 36 COLOURING PENCILS DOILEY,SET 12 COLOURING PENCILS DOILEY,PURPLE GLASS TASSLE BAG CHARM,DOTCOM POSTAGE
PARTY CONES CANDY TREE DECORATION,PARTY CONES CANDY ASSORTED,PURPLE FRANGIPANI NECKLACE,DIAMANTE HAIR GRIP PACK/2 LT ROSE,DIAMANTE HAIR GRIP PACK/2 RUBY,DIAMANTE HAIR GRIP PACK/2 MONTANA
PARTY CONES CARNIVAL ASSORTED,PURPLE FRANGIPANI NECKLACE,WHITE FRANGIPANI NECKLACE,DIAMANTE HAIR GRIP PACK/2 MONTANA,DIAMANTE HAIR GRIP PACK/2 BLACK DIA,DIAMANTE HAIR GRIP PACK/2 LT ROSE
PARTY FOOD SHOPPER BAG,STRAWBERRY SHOPPER BAG,RED RETROSPOT SHOPPER BAG,CAROUSEL PONIES BABY BIB,BLUE CHENILLE SHAGGY CUSHION COVER ,ORANGE FELT VASE + FLOWERS
PARTY INVITES BALLOON GIRL,PARTY INVITES DINOSAURS,PARTY INVITES JAZZ HEARTS,PARTY INVITES SPACEMAN,PARTY INVITES FOOTBALL,PARTY INVITES WOODLAND
PARTY INVITES DINOSAURS,PARTY INVITES BALLOON GIRL,PARTY INVITES JAZZ HEARTS,PARTY INVITES FOOTBALL,PARTY INVITES SPACEMAN,PARTY INVITES WOODLAND
PARTY INVITES FOOTBALL,PARTY INVITES BALLOON GIRL,PARTY INVITES DINOSAURS,PARTY INVITES JAZZ HEARTS,PARTY INVITES SPACEMAN,PARTY INVITES WOODLAND
PARTY INVITES JAZZ HEARTS,PARTY INVITES BALLOON GIRL,PARTY INVITES DINOSAURS,PARTY INVITES SPACEMAN,PARTY INVITES FOOTBALL,PARTY INVITES WOODLAND
PARTY INVITES SPACEMAN,PARTY INVITES BALLOON GIRL,PARTY INVITES DINOSAURS,PARTY INVITES JAZZ HEARTS,PARTY INVITES WOODLAND,PARTY INVITES FOOTBALL
PARTY INVITES WOODLAND,PARTY INVITES DINOSAURS,PARTY INVITES SPACEMAN,PARTY INVITES BALLOON GIRL,WOODLAND PARTY BAG + STICKER SET,PARTY INVITES FOOTBALL
PARTY METAL SIGN ,BATHROOM METAL SIGN ,CHOCOLATE THIS WAY METAL SIGN,HAND OVER THE CHOCOLATE   SIGN ,BEWARE OF THE CAT METAL SIGN ,WASHROOM METAL SIGN
PARTY PIZZA DISH BLUE POLKADOT,PARTY PIZZA DISH PINK POLKADOT,PARTY PIZZA DISH GREEN POLKADOT,PARTY PIZZA DISH RED RETROSPOT,WALL TIDY RETROSPOT ,"SWISS ROLL TOWEL, PINK  SPOTS"
PARTY PIZZA DISH GREEN POLKADOT,PARTY PIZZA DISH PINK POLKADOT,PARTY PIZZA DISH BLUE POLKADOT,PARTY PIZZA DISH RED RETROSPOT,GREEN POLKADOT BOWL,WALL TIDY RETROSPOT 
PARTY PIZZA DISH PINK POLKADOT,PARTY PIZZA DISH BLUE POLKADOT,PARTY PIZZA DISH GREEN POLKADOT,PARTY PIZZA DISH RED RETROSPOT,WALL TIDY RETROSPOT ,GREEN POLKADOT BOWL
PARTY PIZZA DISH RED RETROSPOT,PARTY PIZZA DISH PINK POLKADOT,PARTY PIZZA DISH GREEN POLKADOT,PARTY PIZZA DISH BLUE POLKADOT,"SMALL POP BOX,FUNKY MONKEY",AMETHYST DIAMANTE EXPANDABLE RING
PARTY TIME DESIGN FLANNEL,CAKES AND RABBITS DESIGN FLANNEL ,"LETTER ""S"" BLING KEY RING","LETTER ""M"" BLING KEY RING","LETTER ""J"" BLING KEY RING",KITTENS DESIGN FLANNEL
PARTY TIME PENCIL ERASERS,KITTY PENCIL ERASERS,SLEEPING CAT ERASERS,DOGGY RUBBER,LETTER SHAPE PENCIL SHARPENER,RECYCLED PENCIL WITH RABBIT ERASER
PASTEL BLUE PHOTO ALBUM ,JAM JAR WITH BLUE LID,GOLD APERITIF GLASS,BIRD ON BRANCH CANVAS SCREEN,CANNABIS LEAF BEAD CURTAIN,ROUND ARTICULATED PINK CLOCK W/SUCK
PASTEL COLOUR HONEYCOMB FAN,PINK  HONEYCOMB PAPER FAN,MULTICOLOUR HONEYCOMB FAN,PINK  HONEYCOMB PAPER BALL ,"ACRYLIC JEWEL ANGEL,PINK",PURPLE FRANGIPANI NECKLACE
PASTEL PINK PHOTO ALBUM ,PASTEL BLUE PHOTO ALBUM ,BLACK PHOTO ALBUM ,FLOWER PURPLE CLOCK WITH SUCKER,BIRD BOX CHRISTMAS TREE DECORATION,BEACH HUT MIRROR
PEACE SMALL WOOD LETTERS,HOME SMALL WOOD LETTERS,EIGHT PIECE CREEPY CRAWLIE SET,LOVE LARGE WOOD LETTERS ,RELAX LARGE WOOD LETTERS,PINK POLKADOT KIDS BAG
PEACE WOODEN BLOCK LETTERS,JOY WOODEN BLOCK LETTERS,NOEL WOODEN BLOCK LETTERS ,HOME BUILDING BLOCK WORD,LOVE BUILDING BLOCK WORD,BATH BUILDING BLOCK WORD
PEACH KNITTED HEN ,BLUE KNITTED HEN ,BLACK GLASS BRACELET W HEART CHARMS,HANGING METAL RABBIT DECORATION,BLUE MURANO TWIST NECKLACE,HANGING SPRING FLOWER EGG SMALL
"PEARL & SHELL 42""NECKL. GREEN",FRESHWATER PEARL BRACELET GOLD,FIRE POLISHED GLASS NECKL GOLD,PALE PINK/AMETHYST STONE NECKLACE,AMBER FINE BEAD NECKLACE W TASSEL,TEAL/FUSCHIA COL BEAD NECKLACE
"PEARL & SHELL 42""NECKL. IVORY",CRYSTAL DIAMANTE STAR BROOCH,ANT COPPER RED BOUDICCA BRACELET,ROUND PINK HEART MIRROR,ANT COPPER LIME BOUDICCA BRACELET,GREEN SWEETHEART BRACELET
PEARL AND CHERRY QUARTZ BRACLET,BLUE MURANO TWIST NECKLACE,PINK MURANO TWIST NECKLACE,BLUE GLASS CHUNKY CHARM BRACELET,CHRISTMAS TREE T-LIGHT HOLDER,ASSORTED CAKES FRIDGE MAGNETS
PEARL CRYSTAL PUMPKIN T-LIGHT HLDR,VICTORIAN GLASS HANGING T-LIGHT,HEART IVORY TRELLIS SMALL,HEART DECORATION WITH PEARLS ,LARGE WHITE HEART OF WICKER,HEART OF WICKER LARGE
PEARLISED IVORY HEART LARGE ,PEARLISED IVORY HEART SMALL ,SQUARE MINI PORTRAIT FRAME,CHRISTMAS TREE T-LIGHT HOLDER,GLITTER HEART DECORATION,3 ROSE MORRIS BOXED CANDLES
PEARLISED IVORY HEART SMALL ,PEARLISED IVORY HEART LARGE ,ASSTD COL BUTTERFLY/CRYSTAL W/CHIME,HEART IVORY TRELLIS SMALL,PINK CLEAR GLASS CANDLE PLATE,BLACK FEATHER CHRISTMAS DECORATION
PEG BAG APPLE DESIGN,MISELTOE HEART WREATH CREAM,PEG BAG APPLE DESIGN,SET/5 RED SPOTTY LID GLASS BOWLS,FRYING PAN RED POLKADOT ,WRAP A PRETTY THANK YOU
PEG BAG APPLES DESIGN,OVEN MITT APPLES DESIGN,RED RETROSPOT PEG BAG,APRON APPLE DELIGHT,SET OF 2 TEA TOWELS APPLE AND PEARS,CHILDRENS APRON APPLES DESIGN
PENCIL CASE LIFE IS BEAUTIFUL,MEASURING TAPE BABUSHKA PINK,HILDA CANDY SPOT RABBIT,S/4 PINK FLOWER CANDLES IN BOWL,FIRST CLASS HOLIDAY PURSE ,MOTHER'S KITCHEN SPOON REST 
PENNY FARTHING BIRTHDAY CARD,RAINY LADIES BIRTHDAY CARD,CARD DOLLY GIRL ,TEA PARTY BIRTHDAY CARD,SWALLOWS GREETING CARD,CARD GINGHAM ROSE 
PENS ASSORTED FUNKY JEWELED ,PENS ASSORTED SPACEBALL,PENS ASSORTED FUNNY FACE,LETTER SHAPE PENCIL SHARPENER,PURPLE DRESS JEWELLERY STAND,RECYCLED PENCIL WITH RABBIT ERASER
PENS ASSORTED FUNNY FACE,PENS ASSORTED SPACEBALL,PENS ASSORTED FUNKY JEWELED ,HOUSE SHAPE PENCIL SHARPENER,JAZZ HEARTS PURSE NOTEBOOK,CARTOON  PENCIL SHARPENERS
PENS ASSORTED SPACEBALL,PENS ASSORTED FUNNY FACE,PENS ASSORTED FUNKY JEWELED ,CARTOON  PENCIL SHARPENERS,POPART RECT PENCIL SHARPENER ASST,ROUND PURPLE CLOCK WITH SUCKER
PERIWINKLE T-LIGHT HOLDER,CLAM SHELL LARGE,OYSTER TRINKET BOX,COCKLE SHELL DISH,EIGHT PIECE CREEPY CRAWLIE SET,VIP PASSPORT COVER 
"PET MUG, GOLDFISH",VINTAGE NOTEBOOK BEAUTY GIRL,ENVELOPE 50 ROMANTIC IMAGES,"SILICON CUBE 25W, BLUE",BLUE STRIPES SHOULDER BAG,PINK BUTTERFLY CUSHION COVER
PETIT TRAY CHIC,LARGE WHITE HEART OF WICKER,IVORY WICKER HEART LARGE,HEART IVORY TRELLIS SMALL,SMALL WHITE HEART OF WICKER,METAL 4 HOOK HANGER FRENCH CHATEAU
PHARMACIE FIRST AID TIN,EMERGENCY FIRST AID TIN ,FIRST AID TIN,VINTAGE CREAM DOG FOOD CONTAINER,ENAMEL FIRE BUCKET CREAM,OPEN CLOSED METAL SIGN
PHOTO CLIP LINE,BLUE GLASS GEMS IN BAG,QUEEN OF THE SKIES HOLIDAY PURSE ,HANGING PHOTO CLIP ROPE LADDER,BLUE CHENILLE SHAGGY CUSHION COVER ,50CM METAL STRING WITH  7 CLIPS
PHOTO CUBE,AIRLINE BAG VINTAGE JET SET RED,AIRLINE BAG VINTAGE WORLD CHAMPION ,ALARM CLOCK BAKELIKE CHOCOLATE,SILVER RECORD COVER FRAME,AIRLINE BAG VINTAGE TOKYO 78
PHOTO FRAME 3 CLASSIC HANGING,TRIPLE PHOTO FRAME CORNICE ,PHOTO FRAME CORNICE,FAMILY PHOTO FRAME CORNICE,WOODEN PICTURE FRAME WHITE FINISH,PICTURE FRAME WOOD TRIPLE PORTRAIT
PHOTO FRAME CORNICE,WOODEN FRAME ANTIQUE WHITE ,TRIPLE PHOTO FRAME CORNICE ,WOODEN PICTURE FRAME WHITE FINISH,FAMILY PHOTO FRAME CORNICE,WHITE HANGING HEART T-LIGHT HOLDER
PHOTO FRAME LINEN AND LACE LARGE,PHOTO FRAME LINEN AND LACE SMALL,RUSTIC MIRROR WITH LACE HEART,HOME SWEET HOME 2 DRAWER CABINET,SMALL PARISIENNE HEART PHOTO FRAME ,CURIO CABINET LINEN AND LACE 
PHOTO FRAME LINEN AND LACE SMALL,PHOTO FRAME LINEN AND LACE LARGE,RUSTIC MIRROR WITH LACE HEART,HOME SWEET HOME 2 DRAWER CABINET,SMALL PARISIENNE HEART PHOTO FRAME ,HOME SWEET HOME HANGING HEART
PICNIC BASKET WICKER 60 PIECES,PICNIC BASKET WICKER SMALL,PLAYING CARDS I LOVE LONDON ,PLAYING CARDS JUBILEE UNION JACK,PLAYING CARDS KEEP CALM & CARRY ON,PLAYING CARDS VINTAGE DOILEY 
PICNIC BASKET WICKER LARGE,PICNIC BASKET WICKER SMALL,PARTY BUNTING,SET OF 3 CAKE TINS PANTRY DESIGN ,PAPER CHAIN KIT EMPIRE,REGENCY CAKESTAND 3 TIER
PICNIC BASKET WICKER SMALL,PICNIC BASKET WICKER LARGE,SET OF 4 PANTRY JELLY MOULDS,LUNCH BAG RED RETROSPOT,LUNCH BAG APPLE DESIGN,SET OF 3 CAKE TINS PANTRY DESIGN 
PICNIC BOXES SET OF 3 RETROSPOT ,ROUND CONTAINER SET OF 5 RETROSPOT,ROUND SNACK BOXES SET OF 4 FRUITS ,ROUND SNACK BOXES SET OF4 WOODLAND ,RED SPOTTY BISCUIT TIN,RED RETROSPOT ROUND CAKE TINS
PICTURE DOMINOES,VINTAGE HEADS AND TAILS CARD GAME ,VINTAGE SNAP CARDS,HEADS AND TAILS SPORTING FUN,WOODEN BOX OF DOMINOES,RED  HARMONICA IN BOX 
PICTURE FRAME WOOD TRIPLE PORTRAIT,FAMILY ALBUM WHITE PICTURE FRAME,3 HOOK PHOTO SHELF ANTIQUE WHITE,WOODEN PICTURE FRAME WHITE FINISH,FAMILY PHOTO FRAME CORNICE,WOODEN FRAME ANTIQUE WHITE 
PIECE OF CAMO STATIONERY SET,PURPLE FRANGIPANI NECKLACE,DIAMANTE HAIR GRIP PACK/2 RUBY,DIAMANTE HAIR GRIP PACK/2 MONTANA,WHITE FRANGIPANI NECKLACE,DIAMANTE HAIR GRIP PACK/2 BLACK DIA
PIG KEYRING WITH LIGHT & SOUND ,WHITE ENAMEL FLOWER HAIR TIE,PURPLE FRANGIPANI NECKLACE,"LETTER ""B"" BLING KEY RING",GREEN ENAMEL FLOWER HAIR TIE,"LETTER ""V"" BLING KEY RING"
PIG MUG IN TWO COLOUR DESIGNS,GREEN ROUND COMPACT MIRROR,BLUE ROUND COMPACT MIRROR,ESSENTIAL BALM 3.5g TIN IN ENVELOPE,BLACK BAROQUE CARRIAGE CLOCK,VIP HOLIDAY PURSE
PIGGY BANK RETROSPOT ,CERAMIC STRAWBERRY MONEY BOX,CERAMIC CHERRY CAKE MONEY BANK,RED RETROSPOT MUG,RED RETROSPOT SUGAR JAM BOWL,LUNCH BAG RED RETROSPOT
PIN CUSHION BABUSHKA BLUE,PIN CUSHION BABUSHKA RED,PIN CUSHION BABUSHKA PINK,MEASURING TAPE BABUSHKA BLUE,SET 36 COLOURING PENCILS DOILEY, I LOVE LONDON MINI RUCKSACK
PIN CUSHION BABUSHKA PINK,PIN CUSHION BABUSHKA BLUE,PIN CUSHION BABUSHKA RED,MEASURING TAPE BABUSHKA PINK,PURPLE FRANGIPANI NECKLACE,WOODLAND MINI RUCKSACK 
PIN CUSHION BABUSHKA RED,PIN CUSHION BABUSHKA BLUE,PIN CUSHION BABUSHKA PINK,MEASURING TAPE BABUSHKA BLUE,FIRST CLASS HOLIDAY PURSE ,WOODLAND MINI RUCKSACK 
PING MICROWAVE APRON,SET OF 2 TEA TOWELS PING MICROWAVE,METAL SIGN HIS DINNER IS SERVED,SMALL DOLLY MIX DESIGN ORANGE BOWL,SMALL MARSHMALLOWS PINK BOWL,"CHARLIE+LOLA""EXTREMELY BUSY"" SIGN"
PING! MICROWAVE PLATE,PURPLE FRANGIPANI NECKLACE,SET OF 2 TEA TOWELS PING MICROWAVE,LOCAL CAFE MUG,WHITE FRANGIPANI NECKLACE,DIAMANTE HAIR GRIP PACK/2 LT ROSE
PINK  HEART CONFETTI IN TUBE,WHITE HEART CONFETTI IN TUBE,MULTICOLOUR  CONFETTI IN TUBE,ROUND WHITE CONFETTI IN TUBE,S/4 VALENTINE DECOUPAGE HEART BOX,50CM METAL STRING WITH  7 CLIPS
PINK  HEART SHAPE LOVE BUCKET ,RED HEART SHAPE LOVE BUCKET ,FOOD CONTAINER SET 3 LOVE HEART ,PINK LOVE HEART SHAPE CUP,MONEY BOX FIRST AID DESIGN,PINK  POLKADOT CUP
PINK  HONEYCOMB PAPER BALL ,3D HEARTS  HONEYCOMB PAPER GARLAND,MULTICOLOUR HONEYCOMB FAN,MULTICOLOUR 3D BALLS GARLAND,MULTICOLOUR HONEYCOMB PAPER GARLAND, I LOVE LONDON MINI RUCKSACK
PINK  HONEYCOMB PAPER FAN,MULTICOLOUR HONEYCOMB FAN,PASTEL COLOUR HONEYCOMB FAN,PINK  HONEYCOMB PAPER BALL ,PURPLE DRESS JEWELLERY STAND,LARGE CRYSTAL DIAMANTE HAIRSLIDE
PINK  POLKADOT CUP,BLUE POLKADOT CUP,RED RETROSPOT CUP,PINK  POLKADOT PLATE ,BLUE POLKADOT PLATE ,BLUE POLKADOT BOWL
PINK  POLKADOT PLATE ,BLUE POLKADOT PLATE ,PINK  POLKADOT CUP,PINK POLKADOT BOWL,RED RETROSPOT PLATE ,BLUE POLKADOT BOWL
PINK & WHITE BREAKFAST TRAY,BLUE & WHITE BREAKFAST TRAY,BLACK 3 BEAD DROP EARRINGS,DAISY HAIR COMB,PURPLE ENAMEL FLOWER HAIR TIE,GIRLY PINK TOOL SET
PINK & WHITE ROSEBUD RING,PINK DAISY BAG CHARM,PURPLE ENAMEL FLOWER HAIR TIE,"GARLAND, MAGIC GARDEN 1.8M",BLACK 3 BEAD DROP EARRINGS,DIAMANTE HAIR GRIP PACK/2 CRYSTAL
PINK 3 PIECE POLKADOT CUTLERY SET,BLUE 3 PIECE POLKADOT CUTLERY SET,GREEN 3 PIECE POLKADOT CUTLERY SET,RED 3 PIECE RETROSPOT CUTLERY SET,CHILDRENS CUTLERY POLKADOT PINK,CHILDRENS CUTLERY RETROSPOT RED 
PINK ACRYLIC JEWEL SNOWFLAKE,"ACRYLIC JEWEL ANGEL,PINK",FLAG OF ST GEORGE CHAIR,FLAG OF ST GEORGE ,SMALLFOLKART BAUBLE CHRISTMAS DEC,SMALL HANGING GLASS+ZINC LANTERN
PINK AND BLACK STRING CURTAIN,YELLOW/PINK FLOWER DESIGN BIG MUG,PINK/GREEN FLOWER DESIGN BIG MUG,PINK/BLUE STRING CURTAIN ,ASSORTED COLOURED CIRCLE MOBILE ,PINK STRING CURTAIN WITH POLE
PINK AND WHITE CHRISTMAS TREE 120CM,BLACK CHRISTMAS TREE 120CM,QUEEN OF THE SKIES HOLIDAY PURSE ,WOVEN SUNSET CUSHION COVER ,PINK/WHITE CHRISTMAS TREE 60CM,GLASS CAKE COVER AND PLATE
PINK B'FLY C/COVER W BOBBLES,ROBOT MUG IN DISPLAY BOX,PINK BUTTERFLY CUSHION COVER ,FUNKY FLOWER PICNIC BAG FOR 4,RECIPE BOX WITH METAL HEART,LUNCH BAG VINTAGE DOILEY 
PINK BABY BUNTING,RED BABY BUNTING ,SPOTTY BUNTING,PARTY BUNTING,TEA TIME PARTY BUNTING,PINK HAPPY BIRTHDAY BUNTING
PINK BAROQUE FLOCK CANDLE HOLDER,BLUE FLOCK GLASS CANDLEHOLDER,ROSE SCENT CANDLE JEWELLED DRAWER,CHARLIE+LOLA RED HOT WATER BOTTLE ,CHOCOLATE 3 WICK MORRIS BOX CANDLE,CHOCOLATE 1 WICK MORRIS BOX CANDLE
PINK BERTIE GLASS BEAD BAG CHARM,TURQUOISE BERTIE GLASS BEAD CHARM,AQUA BERTIE GLASS BEAD BAG CHARM,PURPLE BERTIE GLASS BEAD BAG CHARM,GOLD APERITIF GLASS,BIRD ON BRANCH CANVAS SCREEN
PINK BITTY LIGHT CHAIN,GREEN BITTY LIGHT CHAIN,PACK 4 FLOWER/BUTTERFLY PATCHES,S/3 POT POURI CUSHIONS BLUE COLOURS,PURPLE FRANGIPANI NECKLACE,VINTAGE BEAD PINK SHADE 
PINK BLUE FELT CRAFT TRINKET BOX,PINK CREAM FELT CRAFT TRINKET BOX ,FELTCRAFT BUTTERFLY HEARTS,FELTCRAFT CUSHION BUTTERFLY,FELTCRAFT PRINCESS LOLA DOLL,FELTCRAFT PRINCESS CHARLOTTE DOLL
PINK BOUDICCA LARGE BRACELET,PURPLE BOUDICCA LARGE BRACELET,TURQ+RED BOUDICCA LARGE BRACELET,ANT COPPER TURQ BOUDICCA BRACELET,RED BOUDICCA LARGE BRACELET,TURQUOISE GLASS TASSLE BAG CHARM 
PINK BOUDOIR T-LIGHT HOLDER,WHITE ANEMONE ARTIFICIAL FLOWER,HAPPY BIRTHDAY CARD TEDDY/CAKE,LIGHTHOUSE PRINTED METAL SIGN,"WRAP, CAROUSEL",CREAM DELPHINIUM ARTIFICIAL FLOWER
PINK BREAKFAST CUP AND SAUCER ,BLUE BREAKFAST CUP AND SAUCER ,YELLOW BREAKFAST CUP AND SAUCER,GIRLY PINK TOOL SET,PINK GAUZE BUTTERFLY LAMPSHADE,LILAC GAUZE BUTTERFLY LAMPSHADE
PINK BUNNY EASTER EGG BASKET,BLUE BUNNY EASTER EGG BASKET,CREAM BUNNY EASTER EGG BASKET, I LOVE LONDON MINI RUCKSACK,SET 36 COLOURING PENCILS DOILEY,SET 12 COLOURING PENCILS DOILEY
PINK BUTTERFLY CUSHION COVER,BLUE STRIPES SHOULDER BAG,"ACRYLIC JEWEL ICICLE, BLUE",FLOWERS HANDBAG blue and orange,"PET MUG, GOLDFISH","S/4 ICON COASTER,ELVIS LIVES"
PINK BUTTERFLY CUSHION COVER ,PADS TO MATCH ALL CUSHIONS,WOVEN SUNSET CUSHION COVER ,PINK/FLOWER RABBIT EGG WARMER ,WOVEN CANDY CUSHION COVER ,WOVEN BUBBLE GUM CUSHION COVER
PINK BUTTERFLY WASHBAG,LIGHT DECORATION BATTERY OPERATED,ROSE DU SUD COSMETICS BAG,HANGING BUTTERFLY  EGG,PURPLE BERTIE GLASS BEAD BAG CHARM,QUEEN OF THE SKIES HOLIDAY PURSE 
PINK CANDYSTUFT ARTIFICIAL FLOWER,BLUE DELPHINIUM ARTIFICIAL FLOWER,BLUE CLIMBING HYDRANGA ART FLOWER,CREAM DELPHINIUM ARTIFICIAL FLOWER,WHITE ANEMONE ARTIFICIAL FLOWER, I LOVE LONDON MINI RUCKSACK
PINK CAT BOWL,PINK DOG BOWL,FOLDING CAMPING SCISSOR W/KNIF & S,PINK ROSE FABRIC MIRROR,BLACK AND WHITE CAT BOWL,POTTING SHED CANDLE CITRONELLA
PINK CAT FLORAL CUSHION COVER ,WHITE FRANGIPANI HAIR CLIP,GREEN CAT FLORAL CUSHION COVER ,RED PURSE WITH PINK HEART,FLOWER PURPLE CLOCK W/SUCKER,MURANO STYLE GLASS BRACELET GOLD
PINK CHERRY BLOSSOM CUP & SAUCER,RUBY DROP CHANDELIER EARRINGS,SILVER FLOWR PINK SHELL NECKLACE,BLUE CRUSOE CHECK LAMPSHADE,ANT SILVER FUSCHIA BOUDICCA RING,ENAMEL BLUE RIM TEA CONTAINER
PINK CHERRY LIGHTS,PINK CHERRY LIGHTS,HANGING RIDGE GLASS T-LIGHT HOLDER,SET OF 3 BABUSHKA STACKING TINS,PLASTERS IN TIN WOODLAND ANIMALS,PLAYING CARDS I LOVE LONDON 
PINK CHICK EGG WARMER + EGG CUP,MULTICOLOUR RABBIT EGG WARMER,LARGE CRYSTAL DIAMANTE HAIRSLIDE,DIAMANTE HAIR GRIP PACK/2 PERIDOT,DOORKNOB CERAMIC IVORY,BLACK 3 BEAD DROP EARRINGS
PINK CHRISTMAS FLOCK DROPLET ,"ACRYLIC JEWEL SNOWFLAKE,PINK",4 PINK FLOCK CHRISTMAS BALLS,ANTIQUE GLASS HEART DECORATION ,WHITE HONEYCOMB PAPER GARLAND ,GLITTER HEART GARLAND WITH BELLS 
PINK CHRYSANTHEMUMS ART FLOWER,MULTICOLOUR EASTER RABBIT ,MEDIUM WHITE/PINK ROSE ART FLOWER,OYSTER TRINKET BOX,6PC WOOD PLATE SET DISPOSABLE,WHITE/PINK CHICK DECORATION
PINK CLEAR GLASS CANDLE PLATE,POLYESTER FILLER PAD 60x40cm,HEN HOUSE W CHICK IN NEST,ORANGE FELT VASE + FLOWERS,GLASS CAKE COVER AND PLATE,VINTAGE PHOTO ALBUM PARIS DAYS
PINK CREAM FELT CRAFT TRINKET BOX ,PINK BLUE FELT CRAFT TRINKET BOX,FELTCRAFT BUTTERFLY HEARTS,FELTCRAFT PRINCESS CHARLOTTE DOLL,FELTCRAFT CUSHION BUTTERFLY,FELTCRAFT 6 FLOWER FRIENDS
PINK CRYSTAL GUITAR PHONE CHARM,ROSE COLOUR PAIR HEART HAIR SLIDES,FUSCHIA RETRO BAR STOOL,SILVER/AMETHYST DROP EARRINGS LEAF,PINK DOG CANNISTER,MIDNIGHT BLUE PAIR HEART HAIR SLIDE
PINK CRYSTAL SKULL PHONE CHARM,CRYSTAL CZECH CROSS PHONE CHARM,FOLKART CHRISTMAS TREE T-LIGHT HOLD,HEN HOUSE WITH CHICK STANDING,"LETTER ""N"" BLING KEY RING",WHITE WITH BLACK CATS PLATE
PINK CRYSTAL+GLASS BRACELET,TURQUOISE CRYSTAL+GLASS BRACELET,JADE CRYSTAL+GLASS BRACELET,FIRE POLISHED GLASS BRACELET BLACK,ANT COPPER PINK BOUDICCA BRACELET,GREEN MURANO TWIST BRACELET
PINK DAISY BAG CHARM,DROP DIAMANTE EARRINGS GREEN,DOORKNOB CERAMIC IVORY,LARGE BLACK DIAMANTE HAIRSLIDE,DIAMANTE HAIR GRIP PACK/2 CRYSTAL,DIAMANTE HAIR GRIP PACK/2 PERIDOT
PINK DIAMANTE PEN IN GIFT BOX,LILAC DIAMANTE PEN IN GIFT BOX,GREEN  DIAMANTE PEN IN GIFT BOX,SILVER DIAMANTE PEN IN GIFT BOX,"LETTER ""D"" BLING KEY RING","LETTER ""M"" BLING KEY RING"
PINK DINER WALL CLOCK,MINT DINER WALL CLOCK,BLUE DINER WALL CLOCK,RED DINER WALL CLOCK,IVORY DINER WALL CLOCK,ALARM CLOCK BAKELIKE PINK
PINK DISCO HANDBAG,BLUE DISCO HANDBAG,SILVER DISCO HANDBAG,BLUE POLKADOT KIDS BAG,DOTCOM POSTAGE,PINK CHERRY BLOSSOM CUP & SAUCER
PINK DOG BOWL,PINK CAT BOWL,BLACK AND WHITE DOG BOWL,BLACK AND WHITE CAT BOWL,PINK DIAMANTE PEN IN GIFT BOX,VINTAGE BEAD PINK EVENING BAG
PINK DOG CANNISTER,PINK CRYSTAL GUITAR PHONE CHARM,BIRD ON BRANCH CANVAS SCREEN,JAM JAR WITH BLUE LID,GOLD APERITIF GLASS,CANNABIS LEAF BEAD CURTAIN
PINK DOUGHNUT TRINKET POT ,SWEETHEART CERAMIC TRINKET BOX,CHOC TRUFFLE GOLD TRINKET POT ,STRAWBERRY CERAMIC TRINKET POT,LOVE HEART TRINKET POT,STRAWBERRY CERAMIC TRINKET BOX
PINK DRAWER KNOB ACRYLIC EDWARDIAN,BLUE DRAWER KNOB ACRYLIC EDWARDIAN,PURPLE DRAWERKNOB ACRYLIC EDWARDIAN,GREEN DRAWER KNOB ACRYLIC EDWARDIAN,RED DRAWER KNOB ACRYLIC EDWARDIAN,CLEAR DRAWER KNOB ACRYLIC EDWARDIAN
PINK EASTER HENS+FLOWER,SMALL ZINC/GLASS CANDLEHOLDER,TRANQUILITY MASALA INCENSE,ZINC HEART LATTICE CHARGER SMALL,LOVE POTION MASALA INCENSE,NEW BAROQUE BLACK PHOTO ALBUM
PINK ENAMEL FLOWER HAIR TIE,2 DAISIES HAIR COMB,DIAMANTE HAIR GRIP PACK/2 PERIDOT,PINK DAISY BAG CHARM,DAISY HAIR COMB,MONTANA DIAMOND CLUSTER EARRINGS
PINK ENAMEL+GLASS HAIR COMB,GREEN ENAMEL+GLASS HAIR COMB,PURPLE ENAMEL+GLASS HAIR COMB,BLACK 3 BEAD DROP EARRINGS,PINK/WHITE GLASS DEMI CHOKER,PURPLE ENAMEL FLOWER HAIR TIE
PINK FAIRY CAKE CHILDRENS APRON,CHILDRENS APRON SPACEBOY DESIGN,RETROSPOT CHILDRENS APRON,CHILDREN'S APRON DOLLY GIRL ,60 TEATIME FAIRY CAKE CASES,TEA TIME OVEN GLOVE
PINK FAIRY CAKE CUSHION COVER,EASTER CRAFT IVY WREATH WITH CHICK,VINTAGE UNION JACK CUSHION COVER,WOVEN CANDY CUSHION COVER ,PINK OWL SOFT TOY,CERAMIC CAKE DESIGN SPOTTED PLATE
PINK FEATHERS CURTAIN,PACK 4 FLOWER/BUTTERFLY PATCHES,PURPLE FRANGIPANI NECKLACE,"SILICON CUBE 25W, BLUE",WRAP GREEN RUSSIAN FOLKART ,DROP DIAMANTE EARRINGS BLACK DIAMON
PINK FELT EASTER EGG BASKET,GREEN MURANO TWIST NECKLACE,BLUE TV TRAY TABLE ,JUMBO BAG VINTAGE DOILEY ,KENSINGTON COFFEE SET,BLUE FELT EASTER EGG BASKET
PINK FELT EASTER RABBIT GARLAND,BUNNY EGG BOX,CREAM FELT EASTER EGG BASKET,BLUE FELT EASTER EGG BASKET,GLASS CAKE COVER AND PLATE,GIRLY PINK TOOL SET
PINK FELT HANGING HEART W FLOWER,YELLOW FELT HANGING HEART W FLOWER,BLUE FELT HANGING HEART WITH FLOWER,BLUE KNITTED HEN ,HAND TOWEL PALE BLUE W FLOWERS,DECORATIVE HANGING SHELVING UNIT
PINK FLOCK GLASS CANDLEHOLDER,FRESHWATER PEARL BRACELET GOLD,"PEARL & SHELL 42""NECKL. GREEN",PINK ROUND COMPACT MIRROR,FIRE POLISHED GLASS NECKL GOLD,PALE PINK/AMETHYST STONE NECKLACE
PINK FLOCK PHOTO FRAME ,BLUE MONTE CARLO HANDBAG,POP ART PUSH DOWN RUBBER ,YELLOW/ORANGE FLOWER DESIGN PLATE,FLOWERS HANDBAG blue and orange,YELLOW PINK FLOWER DESIGN BIG BOWL
PINK FLOCK SUEDE CUSHION COVER ,BLUE FLOCK CUSHION COVER ,BEST DAD CANDLE LETTERS,NEW BAROQUE BLACK PHOTO ALBUM,"BATHROOM SCALES, TROPICAL BEACH",BLACK SQUARE TABLE CLOCK
PINK FLORAL FELTCRAFT SHOULDER BAG,RED FLORAL FELTCRAFT SHOULDER BAG,GREY FLORAL FELTCRAFT SHOULDER BAG,FELTCRAFT DOLL ROSIE,FELTCRAFT CUSHION BUTTERFLY,FELTCRAFT CUSHION RABBIT
PINK FLOWER CROCHET FOOD COVER,POLKA DOT RAFFIA FOOD COVER,FLOWER VINE RAFFIA FOOD COVER,RED FLOWER CROCHET FOOD COVER,CHERRY CROCHET FOOD COVER,BUTTERFLY CROCHET FOOD COVER
PINK FLOWER FABRIC PONY,BLUE/YELLOW CERAMIC CANDLE HOLDER,BUTTERFLY HAIR BAND,GREEN/BLUE CERAMIC CANDLE HOLDER,HEN HOUSE W CHICK IN NEST,KNITTED RABBIT DOLL 
PINK FLOWERS RABBIT EASTER,MULTICOLOUR EASTER RABBIT ,PINK/AMETHYST/GOLD NECKLACE,"FLOWER GLASS GARLD NECKL36""TURQUOIS",CROCHET DOG KEYRING,5 STRAND GLASS NECKLACE BLACK
PINK FLUFFY CHRISTMAS DECORATION,SPRIG LAVENDER ARTIFICIAL FLOWER,FUSCHIA VOILE POINTY SHOE DEC,SET/6 BEAD COASTERS GAUZE BAG GOLD,DANISH ROSE FOLDING CHAIR,CAKE PLATE LOVEBIRD PINK
PINK FLY SWAT,BLUE FLY SWAT,SILVER FLOWR PINK SHELL NECKLACE,GREEN CAT FLORAL CUSHION COVER ,PINK CHERRY BLOSSOM CUP & SAUCER,BAROQUE BUTTERFLY EARRINGS CRYSTAL
PINK FOXGLOVE ARTIIFCIAL FLOWER,RED ROSE AND LACE C/COVER,PURPLE ANEMONE ARTIFICIAL FLOWER,WHITE ALLIUM  ARTIFICIAL FLOWER,WHITE HYDRANGEA ART FLOWER,WHITE CHRYSANTHEMUMS ART FLOWER
PINK GAUZE BUTTERFLY LAMPSHADE,GIRLY PINK TOOL SET,PINK BREAKFAST CUP AND SAUCER ,LILAC GAUZE BUTTERFLY LAMPSHADE,"POCKET MIRROR ""GLAMOROUS""",BLUE BREAKFAST CUP AND SAUCER 
PINK GINGHAM CAT WITH SCARF,SET/6 POSIES PAPER PLATES,BLACK 3 BEAD DROP EARRINGS,GLASS CAKE COVER AND PLATE,"GARLAND, MAGIC GARDEN 1.8M",DROP DIAMANTE EARRINGS GREEN
PINK GLASS CANDLEHOLDER,ROSE PENDANT TRIPLE SHELL NECKLACE,CLASSIC DIAMANTE EARRINGS JET,PINK DAISY BAG CHARM,PURPLE ENAMEL FLOWER HAIR TIE,BLACK 3 BEAD DROP EARRINGS
PINK GLASS TASSLE BAG CHARM ,VINTAGE ENAMEL & CRYSTAL EARRINGS,GREEN GLASS TASSLE BAG CHARM,TURQUOISE GLASS TASSLE BAG CHARM ,WHITE MURANO TWIST BRACELET,PINK BOUDICCA LARGE BRACELET
PINK GOOSE FEATHER TREE 60CM,WHITE GOOSE FEATHER TREE 60CM ,POLYESTER FILLER PAD 60x40cm,GLASS CAKE COVER AND PLATE,HEN HOUSE W CHICK IN NEST,ORANGE FELT VASE + FLOWERS
PINK GREEN EMBROIDERY COSMETIC BAG,BLUE GREEN EMBROIDERY COSMETIC BAG,LIGHT DECORATION BATTERY OPERATED,HANGING BUTTERFLY  EGG,VINTAGE KEEPSAKE BOX PINK FLOWER,DANISH ROSE UMBRELLA STAND
PINK HANGING GINGHAM EASTER HEN,BLUE HANGING GINGHAM EASTER HEN,EASTER CRAFT IVY WREATH WITH CHICK,BLUE STRIPES SHOULDER BAG,BLUE CHECK BAG W HANDLE 34X20CM,FUSCHIA TABLE RUN FLOWER 
PINK HANGING HEART T-LIGHT HOLDER,RED HANGING HEART T-LIGHT HOLDER,WHITE HANGING HEART T-LIGHT HOLDER,CANDLEHOLDER PINK HANGING HEART,SMALL WHITE HEART OF WICKER,WOVEN ROSE GARDEN CUSHION COVER 
PINK HAPPY BIRTHDAY BUNTING,BLUE HAPPY BIRTHDAY BUNTING,TEA TIME PARTY BUNTING,PARTY BUNTING,SPOTTY BUNTING,PINK BABY BUNTING
PINK HAWAIIAN PICNIC HAMPER FOR 2,VINTAGE BEAD PINK JEWEL STAND,BLUE SAVANNAH PICNIC HAMPER FOR 2,RED DAISY PAPER LAMPSHADE,CROCHET BEAR RED/BLUE  KEYRING,BLUE POLKADOT PURSE 
PINK HEART DOTS HOT WATER BOTTLE,WRAP  PINK FLOCK,HEN HOUSE W CHICK IN NEST,ORANGE FELT VASE + FLOWERS,POLYESTER FILLER PAD 60x40cm,GLASS CAKE COVER AND PLATE
PINK HEART OF GLASS BRACELET,TURQUOISE HEART OF GLASS BRACELET,WHITE HEART OF GLASS BRACELET,GREEN HEART OF GLASS BRACELET,BLACK/WHITE GLASS/SILVER BRACELET,NEW BAROQUE B'FLY NECKLACE PINK
PINK HEART RED HANDBAG,DOTCOM POSTAGE,CRYSTAL CZECH CROSS PHONE CHARM,IVORY GOLD METAL BAG CHARM,BEADED CRYSTAL HEART GREEN ON STICK,COPPER AND BRASS BAG CHARM
PINK HEART SHAPE EGG FRYING PAN,TOAST ITS - I LOVE YOU ,TEA TIME OVEN GLOVE,SET OF 3 HEART COOKIE CUTTERS,72 SWEETHEART FAIRY CAKE CASES,HAND WARMER BABUSHKA DESIGN
PINK HEART SHAPE PHOTO FRAME,EAU DE NILE JEWELLED PHOTOFRAME,ROUND PINK HEART MIRROR,ASSTD COL BUTTERFLY/CRYSTAL W/CHIME,EAU DE NILE HEART SHAPE PHOTO FRAME,PINK EASTER HENS+FLOWER
PINK HEARTS LIGHT CHAIN ,RED HEARTS LIGHT CHAIN ,PURPLE DRESS JEWELLERY STAND,CROCHET WHITE RABBIT KEYRING ,GREEN BITTY LIGHT CHAIN,BLUE MONTE CARLO HANDBAG
PINK HEARTS PAPER GARLAND,JET BLACK LAS VEGAS BRACELET ROUND,SET/6 IVORY BIRD T-LIGHT CANDLES,POTTING SHED SOW 'N' GROW SET,PURPLE LAS VEGAS BRACELET ROUND,BLUE CRUSOE CHECK LAMPSHADE
PINK HORSE SOCK PUPPET,FROG SOCK PUPPET,FELTCRAFT BUTTERFLY HEARTS,RED FLORAL FELTCRAFT SHOULDER BAG,FELTCRAFT GIRL AMELIE KIT,FELTCRAFT CUSHION OWL
PINK HORSE SOCK PUPPET KIT,PACK 4 FLOWER/BUTTERFLY PATCHES,PURPLE ANEMONE ARTIFICIAL FLOWER,RED ROSE AND LACE C/COVER,CAKE SHOP  STICKER SHEET,S/3 POT POURI CUSHIONS BLUE COLOURS
PINK HYDRANGEA ART FLOWER,S/3 POT POURI CUSHIONS BLUE COLOURS,PACK 4 FLOWER/BUTTERFLY PATCHES,ST GEORGE SET OF 10 PARTY LIGHTS,PURPLE FRANGIPANI NECKLACE,WRAP GREEN RUSSIAN FOLKART 
PINK JEWELLED MIRROR TRINKET TRAY,GREEN PAIR HEART HAIR SLIDES,PURPLE FRANGIPANI NECKLACE,DIAMANTE HAIR GRIP PACK/2 RUBY,DIAMANTE HAIR GRIP PACK/2 BLACK DIA,DIAMANTE HAIR GRIP PACK/2 LT ROSE
PINK JEWELLED PHOTO FRAME,AMETHYST DIAMANTE EXPANDABLE RING,PINK JEWELLED PHOTO FRAME ,DIAMANTE HAIR GRIP PACK/2 PERIDOT,LASER CUT MULTI STRAND NECKLACE,DOORKNOB CERAMIC IVORY
PINK JEWELLED PHOTO FRAME ,PINK JEWELLED PHOTO FRAME,BLACK BAROQUE CARRIAGE CLOCK,PINK OVAL SHAPE TRINKET BOX,PINK FLOCK SUEDE CUSHION COVER ,BLUE FLOCK CUSHION COVER 
PINK KNITTED EGG COSY,BLUE KNITTED EGG COSY,PURPLE FRANGIPANI NECKLACE,SET/4 MODERN VINTAGE COTTON NAPKINS,FRENCH CHATEAU OVAL PLATTER,DIAMANTE HAIR GRIP PACK/2 RUBY
PINK LOVE BIRD CANDLE,EAU DE NIL LOVE BIRD CANDLE,IVORY LOVE BIRD CANDLE,SET/6 PINK BIRD T-LIGHT CANDLES,GREY ACRYLIC FACETED BANGLE,FUNKY MONKEY MUG
PINK LOVE HEART SHAPE CUP,RED LOVE HEART SHAPE CUP,MINI LADLE LOVE HEART PINK,FOOD CONTAINER SET 3 LOVE HEART ,PINK  HEART SHAPE LOVE BUCKET ,FRYING PAN PINK POLKADOT
PINK MARSHMALLOW SCARF KNITTING KIT,SET OF 3 COLOURED  FLYING DUCKS,VINTAGE UNION JACK SHOPPING BAG,ROSE SCENT CANDLE IN JEWELLED BOX,RED FLOCK LOVE HEART PHOTO FRAME,CREAM SLICE FLANNEL PINK SPOT 
PINK METAL CHICKEN HEART ,YELLOW METAL CHICKEN HEART ,BUNNY DECORATION MAGIC GARDEN,DECORATION  BUTTERFLY  MAGIC GARDEN,BUNNY WOODEN PAINTED WITH FLOWER ,RED HANGING HEART T-LIGHT HOLDER
PINK METAL SWINGING BUNNY,HAPPY BIRTHDAY CARD TEDDY/CAKE,WHITE ANEMONE ARTIFICIAL FLOWER,PINK BOUDOIR T-LIGHT HOLDER,GREEN METAL SWINGING BUNNY,ENGLISH ROSE SCENTED HANGING HEART
PINK MONTE CARLO HANDBAG,PURPLE DRESS JEWELLERY STAND,BIRD ON BRANCH CANVAS SCREEN,"GARLAND, MAGIC GARDEN 1.8M",2 DAISIES HAIR COMB,CLASSIC DIAMANTE EARRINGS JET
PINK MURANO TWIST NECKLACE,BLUE MURANO TWIST NECKLACE,GREEN MURANO TWIST NECKLACE,BLACK GLASS BRACELET W HEART CHARMS,PEARL AND CHERRY QUARTZ BRACLET,MOP PENDANT SHELL NECKLACE
PINK NEW BAROQUE FLOCK CANDLESTICK,VINTAGE BLUE TINSEL REEL,JARDIN ETCHED GLASS BUTTER DISH,ANTIQUE MID BLUE FLOWER EARRINGS,ENVELOPE 50 ROMANTIC IMAGES,VINTAGE NOTEBOOK BEAUTY GIRL
PINK NEW BAROQUECANDLESTICK CANDLE,BLUE NEW BAROQUE CANDLESTICK CANDLE, TOADSTOOL BEDSIDE LIGHT ,DROP DIAMANTE EARRINGS GREEN,2 DAISIES HAIR COMB,DOORKNOB CERAMIC IVORY
PINK OVAL JEWELLED MIRROR,FRYING PAN RED POLKADOT ,SET/5 RED SPOTTY LID GLASS BOWLS,PACK 4 FLOWER/BUTTERFLY PATCHES,MISELTOE HEART WREATH CREAM,PEG BAG APPLE DESIGN
PINK OVAL SHAPE TRINKET BOX,SILVER OVAL SHAPE TRINKET BOX,BLACK PHOTO ALBUM ,HAND PAINTED HANGING EASTER EGG,PINK CLEAR GLASS CANDLE PLATE,FRUIT SALAD BAG CHARM
PINK OWL SOFT TOY,BLUE OWL SOFT TOY,BLUE SCOTTIE DOG W FLOWER PATTERN,DIAMANTE HAIR GRIP PACK/2 LT ROSE,PINK FAIRY CAKE CHILDRENS APRON,FIVE CATS HANGING DECORATION
PINK PADDED MOBILE,BIRDS MOBILE VINTAGE DESIGN,PURPLE FRANGIPANI NECKLACE,ROSE DU SUD CUSHION COVER,DOORKNOB CRACKED GLAZE BLUE,WHITE FRANGIPANI NECKLACE
PINK PAINTED KASHMIRI CHAIR,LARGE CAMPHOR WOOD FIELD MUSHROOM ,BLUE GEISHA GIRL ,CLASSICAL ROSE SMALL VASE,GREEN GEISHA GIRL ,CERAMIC STRAWBERRY TRINKET TRAY
PINK PAISLEY CUSHION COVER ,BLUE GINGHAM ROSE CUSHION COVER,BLUE NEW BAROQUE FLOCK CANDLESTICK,PURPLE FOXGLOVE ARTIIFCIAL FLOWER,CHERRY BLOSSOM TABLE CLOCK ,POLYESTER FILLER PAD 65CMx65CM
PINK PAISLEY ROSE GIFT WRAP,BLUE SCANDINAVIAN PAISLEY WRAP,WRAP ENGLISH ROSE ,BLUE POLKADOT WRAP,WRAP PAISLEY PARK ,GLASS SONGBIRD STORAGE JAR
PINK PAISLEY SQUARE TISSUE BOX ,BLUE PAISLEY TISSUE BOX,MOTORING TISSUE BOX,SWALLOW SQUARE TISSUE BOX,CARAVAN SQUARE TISSUE BOX,BOUDOIR SQUARE TISSUE BOX
PINK PAPER PARASOL ,PURPLE PAPER PARASOL,BLUE PAPER PARASOL ,RED PAPER PARASOL,ASSORTED COLOURS SILK FAN,FIRST CLASS HOLIDAY PURSE 
PINK PARTY BAGS,BLUE PARTY BAGS ,RETROSPOT PARTY BAG + STICKER SET,PARTY CONES CANDY ASSORTED,DINOSAUR PARTY BAG + STICKER SET,TEA TIME PARTY BUNTING
PINK PARTY SUNGLASSES,DUSTY PINK CHRISTMAS TREE 30CM,BLACKCHRISTMAS TREE 30CM,TEATIME FUNKY FLOWER BACKPACK FOR 2,PURPLE BERTIE GLASS BEAD BAG CHARM,TROPICAL HOLIDAY PURSE 
PINK PILLAR CANDLE SILVER FLOCK,IVORY PILLAR CANDLE SILVER FLOCK,PACK 4 FLOWER/BUTTERFLY PATCHES,ROSE FLOWER CANDLE+INCENSE 16X16CM,GOLD FABRIC MIRROR,HEART T-LIGHT HOLDER
PINK POLKADOT BOWL,BLUE POLKADOT BOWL,GREEN POLKADOT BOWL,RED RETROSPOT BOWL,PINK  POLKADOT PLATE ,PINK  POLKADOT CUP
PINK POLKADOT CHILDRENS UMBRELLA,RED RETROSPOT CHILDRENS UMBRELLA,STRAWBERRY DREAM CHILDS UMBRELLA,DINOSAUR LUNCH BOX WITH CUTLERY,GARDEN PATH NOTEBOOK ,WOODLAND LARGE BLUE FELT HEART
PINK POLKADOT GARDEN PARASOL,BLUE POLKADOT GARDEN PARASOL,ICE CREAM DESIGN GARDEN PARASOL,ROSE DU SUD CUSHION COVER,FRYING PAN BLUE POLKADOT,MILK PAN BLUE POLKADOT
PINK POLKADOT KIDS BAG,PINK POLKADOT KIDS BAG,FROG KING WATERING CAN,RED WHITE SCARF  HOT WATER BOTTLE,BLACK FLOWER CANDLE PLATE,"LETTER ""V"" BLING KEY RING"
PINK POLKADOT PLATE ,WOODLAND MINI RUCKSACK ,PINK  POLKADOT CUP,TRIANGULAR POUFFE VINTAGE ,RED RETROSPOT PLATE ,PINK POLKADOT BOWL
PINK POLKADOT WRAP ,BLUE POLKADOT WRAP,RED RETROSPOT WRAP ,WRAP ENGLISH ROSE ,WRAP PINK FAIRY CAKES ,SKULLS AND CROSSBONES WRAP
PINK POT PLANT CANDLE,BLUE POT PLANT CANDLE ,SET/3 POT PLANT CANDLES,ROSE FLOWER CANDLE+INCENSE 16X16CM,POLYESTER FILLER PAD 60x40cm,GLASS CAKE COVER AND PLATE
PINK REGENCY TEACUP AND SAUCER,GREEN REGENCY TEACUP AND SAUCER,ROSES REGENCY TEACUP AND SAUCER ,REGENCY TEA PLATE PINK,REGENCY TEA PLATE GREEN ,REGENCY TEA PLATE ROSES 
PINK RETRO BIG FLOWER BAG,GLASS CAKE COVER AND PLATE,HEN HOUSE W CHICK IN NEST,GOLD APERITIF GLASS,ORANGE FELT VASE + FLOWERS,JAM JAR WITH BLUE LID
PINK RIVIERA HANDBAG,PINK FLOCK PHOTO FRAME ,BLUE MONTE CARLO HANDBAG,POP ART PUSH DOWN RUBBER ,S/2 BEACH HUT TREASURE CHESTS,YELLOW/ORANGE FLOWER DESIGN PLATE
PINK ROSE FABRIC MIRROR,BLUE ROSE FABRIC MIRROR,PURPLE FRANGIPANI NECKLACE,DAISY HAIR BAND,DENIM PATCH PURSE PINK BUTTERFLY,PURPLE DRESS JEWELLERY STAND
PINK ROSE WASHBAG,GREEN ROSE WASHBAG,MONEY BOX FIRST ADE DESIGN,PURPLE ENAMEL FLOWER HAIR TIE,PINK GAUZE BUTTERFLY LAMPSHADE,PINK DAISY BAG CHARM
PINK ROSEBUD & PEARL NECKLACE,WHITE ROSEBUD & PEARL NECKLACE,WHITE/PINK MINI CRYSTALS NECKLACE,ORANGE/WHT/FUSCHIA STONES NECKLACE,COTE D'AZURE NECKLACE,PALE PINK/AMETHYST STONE NECKLACE
PINK ROSEBUD PEARL BRACELET,WHITE  ROSEBUD PEARL BRACELET,ORANGE/WHT/FUSCHIA STONES NECKLACE,WHITE ROSEBUD & PEARL NECKLACE,BLACK GLASS BRACELET W HEART CHARMS,WHITE WITH METAL BAG CHARM
PINK ROUND COMPACT MIRROR,PINK FLOCK GLASS CANDLEHOLDER,ORIGAMI SANDLEWOOD INCENSE+FLOWER,BLUE SQUARE COMPACT MIRROR,MIRROR MOSAIC HURRICANE LAMP ,CAST IRON HOOK GARDEN FORK
PINK SCOTTIE DOG W FLOWER PATTERN,BLUE SCOTTIE DOG W FLOWER PATTERN,RABBIT EASTER DECORATION,DAISY HAIR COMB,BLACK 3 BEAD DROP EARRINGS,GREEN/BLUE CERAMIC CANDLE HOLDER
PINK SMALL GLASS CAKE STAND,ROSE DU SUD CUSHION COVER,WHITE TISSUE REAM,EASTER DECORATION SITTING BUNNY,SALLE DE BAIN HOOK,EASTER DECORATION EGG BUNNY 
PINK SMALL JEWELLED PHOTOFRAME,EAU DE NILE JEWELLED PHOTOFRAME,EAU DE NILE HEART SHAPE PHOTO FRAME,ROUND PINK HEART MIRROR,"LETTER ""R"" BLING KEY RING",FRUIT SALAD BAG CHARM
PINK SPOTS CHOCOLATE NESTING BOXES ,PINK CHERRY BLOSSOM CUP & SAUCER,RUBY DROP CHANDELIER EARRINGS,SILVER FLOWR PINK SHELL NECKLACE,ENAMEL BLUE RIM TEA CONTAINER,BLUE CRUSOE CHECK LAMPSHADE
PINK SQUARE TABLE CLOCK,WHITE SQUARE TABLE CLOCK,BLACK SQUARE TABLE CLOCK,WINE BOTTLE DRESSING LT.BLUE,HAND OPEN SHAPE DECO.WHITE,WINE BOTTLE DRESSING DARK BLUE
PINK STITCHED WALL CLOCK,BLACK STITCHED WALL CLOCK,WHITE STITCHED WALL CLOCK,PASTEL BLUE PHOTO ALBUM ,GRASS HOPPER WOODEN WALL CLOCK ,PURPLE DRESS JEWELLERY STAND
PINK STOCKING CHRISTMAS DECORATION,FOLK ART METAL HEART T-LIGHT HOLDER,PURPLE FRANGIPANI NECKLACE,FOLKART CHRISTMAS TREE T-LIGHT HOLD,DIAMANTE HAIR GRIP PACK/2 RUBY,WHITE FRANGIPANI NECKLACE
PINK STRAWBERRY HANDBAG ,GREEN/BLUE CERAMIC CANDLE HOLDER,BLUE/YELLOW CERAMIC CANDLE HOLDER,PURPLE/BLUE CERAMIC CANDLE HOLDER,PINK CHERRY BLOSSOM CUP & SAUCER,KNITTED RABBIT DOLL 
PINK STRING CURTAIN WITH POLE,IVORY STRING CURTAIN WITH POLE ,GOLD APERITIF GLASS,JAM JAR WITH BLUE LID,BIRD ON BRANCH CANVAS SCREEN,PINK/PURPLE CIRCLE CURTAIN
PINK SWEETHEART BRACELET,BLACK SWEETHEART BRACELET,GREEN SWEETHEART BRACELET,PURPLE SWEETHEART BRACELET,BLUE SWEETHEART BRACELET,ANT COPPER TURQ BOUDICCA BRACELET
PINK TALL PORCELAIN T-LIGHT HOLDER ,GOLD PRINT PAPER BAG,LARGE CRYSTAL DIAMANTE HAIRSLIDE,5 STRAND GLASS NECKLACE BLACK,AMETHYST HOOP EARRING FLORAL LEAF,BLACK GEMSTONE BRACELET
PINK UNION JACK  LUGGAGE TAG,UNION JACK FLAG LUGGAGE TAG,PINK UNION JACK  PASSPORT COVER ,UNION JACK FLAG PASSPORT COVER ,TROPICAL LUGGAGE TAG,PINK HEART DOTS HOT WATER BOTTLE
PINK UNION JACK  PASSPORT COVER ,UNION JACK FLAG PASSPORT COVER ,PINK UNION JACK  LUGGAGE TAG,UNION JACK FLAG LUGGAGE TAG,VIPPASSPORT COVER ,QUEEN OF THE SKIES PASSPORT COVER 
PINK VINTAGE PAISLEY PICNIC BAG,SCANDINAVIAN PAISLEY PICNIC BAG,LUNCH BAG RED RETROSPOT,LUNCH BAG PINK POLKADOT,LUNCH BAG SUKI DESIGN ,LUNCH BAG  BLACK SKULL.
PINK VINTAGE SPOT BEAKER,BLUE VINTAGE SPOT BEAKER,GREEN VINTAGE SPOT BEAKER,RED VINTAGE SPOT BEAKER,DOILEY STORAGE TIN,SET OF 60 PANTRY DESIGN CAKE CASES 
PINK VINTAGE VICTORIAN EARRINGS,CRYSTAL HOOP EARRING FLORAL LEAF,FOLKART CHRISTMAS TREE T-LIGHT HOLD,WHITE VINTAGE CRYSTAL BRACELET,ROSE COLOUR PAIR HEART HAIR SLIDES,PINK GLASS TASSLE BAG CHARM 
PINK YELLOW PATCH CUSHION COVER,BLUE CUSHION COVER WITH FLOWER,POTTING SHED ROSE CANDLE,SILVER APERITIF GLASS,BUTTONS AND STRIPES NOTEBOOK ,SET OF 16 VINTAGE BLACK CUTLERY
PINK/AMETHYST/GOLD NECKLACE,"FLOWER GLASS GARLD NECKL36""TURQUOIS",CROCHET DOG KEYRING,CROCHET BEAR RED/BLUE  KEYRING,5 STRAND GLASS NECKLACE BLACK,"FLOWER GLASS GARLAND NECKL.36""BLACK"
PINK/BLUE DISC/MIRROR STRING,PINK FLOCK PHOTO FRAME ,BLUE MONTE CARLO HANDBAG,ASS COL CIRCLE MOBILE ,ASSORTED CIRCULAR MOBILE,LARGE CIRCULAR MIRROR MOBILE
PINK/BLUE STRING CURTAIN ,YELLOW PINK FLOWER DESIGN BIG BOWL,BLUE MONTE CARLO HANDBAG,PINK FLOCK PHOTO FRAME ,ORANGE FLOWER MUG ,CLASSICAL ROSE CANDLESTAND
PINK/FLOWER RABBIT EGG WARMER ,PINK BUTTERFLY CUSHION COVER ,NECKLACE+BRACELET SET BLUE BLOSSOM,12 PINK ROSE PEG PLACE SETTINGS,BLACK CHRISTMAS TREE 60CM,MULTICOLOUR RABBIT EGG WARMER
PINK/GREEN FLOWER DESIGN BIG MUG,YELLOW/PINK FLOWER DESIGN BIG MUG,BLUE/YELLOW FLOWER DESIGN BIG MUG,GREEN/BLUE FLOWER DESIGN BIG MUG,CERAMIC BOWL WITH LOVE HEART DESIGN,WHITE FRANGIPANI HAIR CLIP
PINK/PURPLE CIRCLE CURTAIN,JAM JAR WITH BLUE LID,GOLD APERITIF GLASS,LILAC FEATHERS CURTAIN,BIRD ON BRANCH CANVAS SCREEN,BLUE DAISY MOBILE
PINK/PURPLE RETRO RADIO,YELLOW/BLUE RETRO RADIO,CAT WITH SUNGLASSES BLANK CARD,LARGE ZINC GLASS CANDLEHOLDER,BLUE CRUSOE CHECK LAMPSHADE,ROSE DU SUD CUSHION COVER 
"PINK/WHITE ""KEEP CLEAN"" BULLET BIN",PURPLE FRANGIPANI NECKLACE,DIAMANTE HAIR GRIP PACK/2 RUBY,DIAMANTE HAIR GRIP PACK/2 MONTANA,DIAMANTE HAIR GRIP PACK/2 LT ROSE,WHITE FRANGIPANI NECKLACE
PINK/WHITE CHRISTMAS TREE 30CM,BLUE PAISLEY TISSUE BOX,PINK/WHITE CHRISTMAS TREE 60CM,SILVER DISCO HANDBAG,EMPIRE TISSUE BOX,HANGING FAIRY CAKE DECORATION
PINK/WHITE CHRISTMAS TREE 60CM,BLACK CHRISTMAS TREE 60CM,PASTEL BLUE PHOTO ALBUM ,PINK STOCKING CHRISTMAS DECORATION,PINK AND WHITE CHRISTMAS TREE 120CM,PURPLE DRESS JEWELLERY STAND
PINK/WHITE GLASS DEMI CHOKER,BLUE/NAT SHELL NECKLACE W PENDANT,PINK/WHITE GLASS DEMI CHOKER,FILIGREE DIAMANTE EARRINGS,SILVER/NATURAL SHELL NECKLACE,GOLD DIAMANTE STAR BROOCH
PINK/WHITE RIBBED MELAMINE JUG,RETRO BROWN BALL ASHTRAY ,CONGRATULATIONS BUNTING,FLOOR LAMP SHADE WOOD BASE,NEW BAROQUE BLACK PHOTO ALBUM,MODERN VINTAGE COTTON SHOPPING BAG
PINK/YELLOW FLOWERS HANDBAG,BIRD ON BRANCH CANVAS SCREEN,GOLD APERITIF GLASS,JAM JAR WITH BLUE LID,PURPLE/TURQ FLOWERS HANDBAG,PINK MONTE CARLO HANDBAG
PIZZA PLATE IN BOX,FULL ENGLISH BREAKFAST PLATE,MONEY BOX FIRST AID DESIGN,SANDWICH BATH SPONGE,PING! MICROWAVE PLATE,FIRST CLASS HOLIDAY PURSE 
PLACE SETTING WHITE HEART,PLACE SETTING WHITE STAR,LOVEBIRD HANGING DECORATION WHITE ,RED HANGING HEART T-LIGHT HOLDER,SMALL WHITE HEART OF WICKER,HEART OF WICKER LARGE
PLACE SETTING WHITE STAR,PLACE SETTING WHITE HEART,MONEY BOX FIRST ADE DESIGN,SET OF 4 NAPKIN CHARMS STARS   ,MUSICAL ZINC HEART DECORATION ,HEART STRING MEMO HOLDER HANGING
PLASMATRONIC LAMP,DOTCOM POSTAGE,WRAP BLUE RUSSIAN FOLKART,PINK ACRYLIC JEWEL SNOWFLAKE,IVORY GOLD METAL BAG CHARM,COPPER AND BRASS BAG CHARM
PLASTERS IN TIN CIRCUS PARADE ,PLASTERS IN TIN WOODLAND ANIMALS,PLASTERS IN TIN SPACEBOY,PLASTERS IN TIN STRONGMAN,PLASTERS IN TIN VINTAGE PAISLEY ,PLASTERS IN TIN SKULLS
PLASTERS IN TIN SKULLS,PLASTERS IN TIN WOODLAND ANIMALS,PLASTERS IN TIN VINTAGE PAISLEY ,PLASTERS IN TIN SPACEBOY,PLASTERS IN TIN STRONGMAN,PLASTERS IN TIN CIRCUS PARADE 
PLASTERS IN TIN SPACEBOY,PLASTERS IN TIN WOODLAND ANIMALS,PLASTERS IN TIN CIRCUS PARADE ,PLASTERS IN TIN STRONGMAN,PLASTERS IN TIN VINTAGE PAISLEY ,PLASTERS IN TIN SKULLS
PLASTERS IN TIN STRONGMAN,PLASTERS IN TIN WOODLAND ANIMALS,PLASTERS IN TIN CIRCUS PARADE ,PLASTERS IN TIN SPACEBOY,PLASTERS IN TIN VINTAGE PAISLEY ,PLASTERS IN TIN SKULLS
PLASTERS IN TIN VINTAGE PAISLEY ,PLASTERS IN TIN WOODLAND ANIMALS,PLASTERS IN TIN SKULLS,PLASTERS IN TIN STRONGMAN,PLASTERS IN TIN SPACEBOY,PLASTERS IN TIN CIRCUS PARADE 
PLASTERS IN TIN WOODLAND ANIMALS,PLASTERS IN TIN SPACEBOY,PLASTERS IN TIN CIRCUS PARADE ,PLASTERS IN TIN STRONGMAN,PLASTERS IN TIN VINTAGE PAISLEY ,PLASTERS IN TIN SKULLS
PLAYING CARDS I LOVE LONDON ,PLAYING CARDS JUBILEE UNION JACK,SET 2 TEA TOWELS I LOVE LONDON ,SET 12 COLOUR PENCILS LOVE LONDON,SET 36 COLOUR PENCILS LOVE LONDON,PACK OF 12 LONDON TISSUES 
PLAYING CARDS JUBILEE UNION JACK,PLAYING CARDS KEEP CALM & CARRY ON,PLAYING CARDS I LOVE LONDON ,PLAYING CARDS VINTAGE DOILY ,SET 12 COLOUR PENCILS LOVE LONDON,KEY RING BASEBALL BOOT UNION JACK
PLAYING CARDS KEEP CALM & CARRY ON,PLAYING CARDS JUBILEE UNION JACK,HOT WATER BOTTLE KEEP CALM,DOORMAT KEEP CALM AND COME IN,PLAYING CARDS I LOVE LONDON ,PLAYING CARDS VINTAGE DOILY 
PLAYING CARDS VINTAGE DOILEY ,"WALL ART,ONLY ONE PERSON ", I LOVE LONDON MINI RUCKSACK,SET 12 COLOURING PENCILS DOILEY,SET 36 COLOURING PENCILS DOILEY,FOLDING MIRROR HOT PINK 
PLAYING CARDS VINTAGE DOILY ,PLAYING CARDS JUBILEE UNION JACK,PLAYING CARDS KEEP CALM & CARRY ON,PLAYING CARDS I LOVE LONDON ,SET 36 COLOURING PENCILS DOILY,SET 12 COLOUR PENCILS LOVE LONDON
PLEASE ONE PERSON METAL SIGN,GIN + TONIC DIET METAL SIGN,HAND OVER THE CHOCOLATE   SIGN ,COOK WITH WINE METAL SIGN ,LADIES & GENTLEMEN METAL SIGN,NO SINGING METAL SIGN
POCKET BAG BLUE PAISLEY RED SPOT,POCKET BAG PINK PAISELY BROWN SPOT,CANDY SPOT HAND BAG,PURPLE FRANGIPANI NECKLACE,BLUE PAISLEY POCKET BOOK,TOMATO CHARLIE+LOLA COASTER SET
POCKET BAG PINK PAISELY BROWN SPOT,POCKET BAG BLUE PAISLEY RED SPOT,TOMATO CHARLIE+LOLA COASTER SET,BIRDS MOBILE VINTAGE DESIGN,BLUE PAISLEY POCKET BOOK,PACK 4 FLOWER/BUTTERFLY PATCHES
"POCKET MIRROR ""GLAMOROUS""",S/3 PINK SQUARE PLANTERS ROSES,PINK GAUZE BUTTERFLY LAMPSHADE,SPOTS ON RED BOOKCOVER TAPE,CHERRY BLOSSOM CANVAS ART PICTURE,4 SKY BLUE DINNER CANDLES
POCKET MIRROR WOODLAND,BAROQUE BUTTERFLY EARRINGS CRYSTAL,ANTIQUE OPAL WHITE FLOWER EARRINGS,"FLOWER GLASS GARLD NECKL36""AMETHYST",GOLD FABRIC MIRROR,RASTA IN BATH W SPLIFF ASHTRAY
POLKA DOT RAFFIA FOOD COVER,PINK FLOWER CROCHET FOOD COVER,FLOWER VINE RAFFIA FOOD COVER,STRAWBERRY RAFFIA FOOD COVER,CHERRY CROCHET FOOD COVER,BUTTERFLY CROCHET FOOD COVER
POLKADOT COFFEE CUP & SAUCER PINK,ASSTD MULTICOLOUR CIRCLES MUG,LARGE TORTILLA DESIGN RED BOWL,PURPLE DRESS JEWELLERY STAND,BISCUITS SMALL BOWL LIGHT BLUE,RED POLKADOT COFFEE  MUG
POLKADOT MUG PINK ,FUNKY MONKEY MUG,PINK CHERRY BLOSSOM CUP & SAUCER,PINK POLKADOT KIDS BAG,LIGHT DECORATION BATTERY OPERATED,RED BOUDICCA LARGE BRACELET
POLKADOT PEN,FUNKY DIVA PEN,LUNCH BAG RED RETROSPOT,JUMBO BAG RED RETROSPOT,RED RETROSPOT WRAP ,CHARLOTTE BAG APPLES DESIGN
POLKADOT RAIN HAT ,RAIN PONCHO RETROSPOT,WHITE FRANGIPANI NECKLACE,ROUND STORAGE TIN VINTAGE LEAF,KIDS RAIN MAC BLUE,SNOWSTORM PHOTO FRAME FRIDGE MAGNET
POLYESTER FILLER PAD 30CMx30CM,"ACRYLIC JEWEL ICICLE, BLUE",WHITE/PINK CHICK EASTER DECORATION,WHITE/PINK CHICK DECORATION,DROP DIAMANTE EARRINGS GREEN,BLACK 3 BEAD DROP EARRINGS
POLYESTER FILLER PAD 40x40cm,POLYESTER FILLER PAD 45x45cm,HOME SWEET HOME CUSHION COVER ,BELLE JARDINIERE CUSHION COVER,LE JARDIN BOTANIQUE CUSHION COVER,POSTE FRANCE CUSHION COVER
POLYESTER FILLER PAD 45x30cm,CUSHION COVER PINK UNION JACK,WOVEN SUNSET CUSHION COVER ,POLYESTER FILLER PAD 60x40cm,PURPLE/TURQ FLOWERS HANDBAG,GLASS CAKE COVER AND PLATE
POLYESTER FILLER PAD 45x45cm,POLYESTER FILLER PAD 40x40cm,HOME SWEET HOME CUSHION COVER ,VINTAGE UNION JACK CUSHION COVER,BELLE JARDINIERE CUSHION COVER,POLYESTER FILLER PAD 45x30cm
POLYESTER FILLER PAD 60x40cm,GLASS CAKE COVER AND PLATE,ORANGE FELT VASE + FLOWERS,HEN HOUSE W CHICK IN NEST,TURQ ICE CREAM BUM BAG ,DUSTY PINK CHRISTMAS TREE 60CM
POLYESTER FILLER PAD 65CMx65CM,BLUE GINGHAM ROSE CUSHION COVER,RECIPE BOX WITH METAL HEART,SUMMER FUN DESIGN SHOWER CAP,CANDY SHOP  STICKER SHEET,WOVEN CANDY CUSHION COVER 
POMPOM CURTAIN,PASTEL BLUE PHOTO ALBUM ,PINK FEATHERS CURTAIN,DIAMANTE BOW BROOCH RED COLOUR,S/4 GROOVY CAT MAGNETS,BIRD ON BRANCH CANVAS SCREEN
POP ART PUSH DOWN RUBBER ,PINK FLOCK PHOTO FRAME ,BLUE MONTE CARLO HANDBAG,YELLOW/ORANGE FLOWER DESIGN PLATE,FLOWERS HANDBAG blue and orange,YELLOW PINK FLOWER DESIGN BIG BOWL
POPART RECT PENCIL SHARPENER ASST,POPART WOODEN PENCILS ASST,PURPLE FRANGIPANI NECKLACE,A4 WALL TIDY BLUE OFFICE,PENS ASSORTED SPACEBALL,DIAMANTE HAIR GRIP PACK/2 BLACK DIA
POPART WOODEN PENCILS ASST,POPART RECT PENCIL SHARPENER ASST,TEATIME ROUND PENCIL SHARPENER ,PURPLE DRESS JEWELLERY STAND,BLUE DAISY MOBILE,PENS ASSORTED FUNNY FACE
POPCORN HOLDER,SMALL POPCORN HOLDER,PAPER CHAIN KIT 50'S CHRISTMAS ,RABBIT NIGHT LIGHT,LARGE POPCORN HOLDER ,SET/20 RED RETROSPOT PAPER NAPKINS 
POPPY FIELDS CHOPPING BOARD,VINTAGE LEAF CHOPPING BOARD  ,RED APPLES CHOPPING BOARD   ,VEGETABLE GARDEN CHOPPING BOARD,QUEEN OF THE SKIES HOLIDAY PURSE ,PINK CRYSTAL GUITAR PHONE CHARM
POPPY'S PLAYHOUSE BATHROOM,POPPY'S PLAYHOUSE LIVINGROOM ,POPPY'S PLAYHOUSE KITCHEN,POPPY'S PLAYHOUSE BEDROOM ,FELTCRAFT PRINCESS LOLA DOLL,SET OF 6 3D KIT CARDS FOR KIDS
POPPY'S PLAYHOUSE BEDROOM ,POPPY'S PLAYHOUSE KITCHEN,POPPY'S PLAYHOUSE LIVINGROOM ,POPPY'S PLAYHOUSE BATHROOM,SET OF 6 3D KIT CARDS FOR KIDS,FELTCRAFT PRINCESS CHARLOTTE DOLL
POPPY'S PLAYHOUSE KITCHEN,POPPY'S PLAYHOUSE BEDROOM ,POPPY'S PLAYHOUSE LIVINGROOM ,POPPY'S PLAYHOUSE BATHROOM,FELTCRAFT PRINCESS CHARLOTTE DOLL,SET OF 6 3D KIT CARDS FOR KIDS
POPPY'S PLAYHOUSE LIVINGROOM ,POPPY'S PLAYHOUSE KITCHEN,POPPY'S PLAYHOUSE BEDROOM ,POPPY'S PLAYHOUSE BATHROOM,SET OF 6 3D KIT CARDS FOR KIDS,FELTCRAFT CHRISTMAS FAIRY
PORCELAIN BUDAH INCENSE HOLDER,ASSORTED LAQUERED INCENSE HOLDERS,PINK STRING CURTAIN WITH POLE,S/4 BLACK MINI ROSE CANDLE IN BOWL,GOLD APERITIF GLASS,UNION JACK HOT WATER BOTTLE 
PORCELAIN BUTTERFLY OIL BURNER,"LETTER ""J"" BLING KEY RING","LETTER ""M"" BLING KEY RING",PURPLE DRESS JEWELLERY STAND,ORIGAMI OPIUM INCENSE/CANDLE SET ,QUEEN OF SKIES LUGGAGE TAG
PORCELAIN ROSE LARGE ,PORCELAIN ROSE SMALL,PINK CHERRY BLOSSOM CUP & SAUCER,"WALL ART,ONLY ONE PERSON ",BEADED PEARL HEART WHITE LARGE,ZINC HEART LATTICE 2 WALL PLANTER
PORCELAIN ROSE SMALL,PORCELAIN ROSE LARGE ,BEADED CRYSTAL HEART PINK ON STICK,SILVER ROCCOCO CHANDELIER,BEADED CRYSTAL HEART BLUE SMALL,DIAMANTE HAIR GRIP PACK/2 PERIDOT
PORCELAIN T-LIGHT HOLDERS ASSORTED,WOOD STOCKING CHRISTMAS SCANDISPOT,BLUE ROUND COMPACT MIRROR,CARDHOLDER GINGHAM STAR,DECORATIVE WICKER HEART LARGE,FINE SILVER NECKLACE W PASTEL FLOWE
POSTAGE,ROUND SNACK BOXES SET OF4 WOODLAND ,ROUND SNACK BOXES SET OF 4 FRUITS ,PLASTERS IN TIN WOODLAND ANIMALS,PLASTERS IN TIN SPACEBOY,PLASTERS IN TIN CIRCUS PARADE 
POSTE FRANCE CUSHION COVER,BELLE JARDINIERE CUSHION COVER,LE JARDIN BOTANIQUE CUSHION COVER,HOME SWEET HOME CUSHION COVER ,POLYESTER FILLER PAD 40x40cm,HOME SWEET HOME HANGING HEART
POSY CANDY BAG,BLACKCHRISTMAS TREE 30CM,DUSTY PINK CHRISTMAS TREE 30CM,BLUE POLKADOT PURSE ,RABBIT EASTER DECORATION,CANDY SPOT BUNNY
POTTERING IN THE SHED METAL SIGN,COOK WITH WINE METAL SIGN ,HAND OVER THE CHOCOLATE   SIGN ,I'M ON HOLIDAY METAL SIGN,GIN + TONIC DIET METAL SIGN,PLEASE ONE PERSON METAL SIGN
POTTERING MUG,POTTERING IN THE SHED METAL SIGN,POTTING SHED TEA MUG,GLAMOROUS  MUG,IF YOU CAN'T STAND THE HEAT MUG,HOME SWEET HOME MUG
POTTING SHED CANDLE CITRONELLA,NUMBER TILE VINTAGE FONT 0,POTTING SHED ROSE CANDLE,NUMBER TILE VINTAGE FONT No ,NUMBER TILE VINTAGE FONT 9 ,NUMBER TILE VINTAGE FONT 1
POTTING SHED ROSE CANDLE,POTTING SHED CANDLE CITRONELLA,YELLOW/BLUE RETRO RADIO,NECKLACE+BRACELET SET BLUE BLOSSOM,PINK YELLOW PATCH CUSHION COVER,PINK/FLOWER RABBIT EGG WARMER 
POTTING SHED SEED ENVELOPES,POTTING SHED TWINE,WATERING CAN GARDEN MARKER,FRENCH ENAMEL POT W LID,DAISY GARDEN MARKER,HERB MARKER PARSLEY
POTTING SHED SOW 'N' GROW SET,SET/6 IVORY BIRD T-LIGHT CANDLES,PINK HEARTS PAPER GARLAND,MIRRORED WALL ART FOXY,SET/9 CHRISTMAS T-LIGHTS SCENTED ,BUTTONS AND STRIPES NOTEBOOK 
POTTING SHED TEA MUG,POTTERING MUG,HOME SWEET HOME MUG,KINGS CHOICE MUG,GARDENERS KNEELING PAD CUP OF TEA ,POTTERING IN THE SHED METAL SIGN
POTTING SHED TWINE,POTTING SHED SEED ENVELOPES,POTTING SHED TEA MUG,GARDENERS KNEELING PAD CUP OF TEA ,CITRONELLA CANDLE GARDEN POT,WATERING CAN GARDEN MARKER
PRETTY HANGING QUILTED HEARTS,NATURAL HANGING QUILTED HEARTS ,HANGING QUILTED PATCHWORK APPLES,GINGHAM HEART DECORATION,HOME SWEET HOME HANGING HEART,FIVE HEART HANGING DECORATION
PSYCHEDELIC METAL SIGN CALENDAR,VINTAGE KEEPSAKE BOX PINK FLOWER,LIGHT PINK FLOCK GLASS CANDLEHOLDER,CUTE RABBIT CEATURE SCREEN ,CUTE BIRD CEATURE SCREEN,ENAMEL BLUE RIM TEA CONTAINER
PSYCHEDELIC TILE COASTER,LA PALMIERA TILE COASTER,LIGHT PINK FLOCK GLASS CANDLEHOLDER,PSYCHEDELIC TILE HOOK,FLOWERS TILE COASTER,BLUE MONTE CARLO HANDBAG
PSYCHEDELIC TILE HOOK,PSYCHEDELIC TILE COASTER,WAKE UP COCKEREL TILE HOOK,LIGHT PINK FLOCK GLASS CANDLEHOLDER,METAL SIGN HIS DINNER IS SERVED,FUNKY MONKEY CUSHION COVER
PSYCHEDELIC WALL THERMOMETER,LIGHT PINK FLOCK GLASS CANDLEHOLDER,POLYESTER FILLER PAD 60x40cm,GLASS CAKE COVER AND PLATE,ROSE DU SUD CUSHION COVER ,ORANGE FELT VASE + FLOWERS
PURPLE ACRYLIC FACETED BANGLE,MARIE ANTOIENETT TRINKET BOX GOLD,PINK FLOCK PHOTO FRAME ,BLUE MONTE CARLO HANDBAG,RED   ACRYLIC FACETED BANGLE,POP ART PUSH DOWN RUBBER 
PURPLE AMETHYST NECKLACE W TASSEL,SILVER/NAT SHELL NECKLACE W PENDANT,IVORY SHELL HEART EARRINGS,BLUE/NAT SHELL NECKLACE W PENDANT,PACK 4 FLOWER/BUTTERFLY PATCHES,DIAMANTE BOW BROOCH BLACK COLOUR
PURPLE ANEMONE ARTIFICIAL FLOWER,PURPLE ANEMONE ARTIFICIAL FLOWER,PINK FOXGLOVE ARTIIFCIAL FLOWER,WHITE HYDRANGEA ART FLOWER,WHITE ALLIUM  ARTIFICIAL FLOWER,WHITE CHRYSANTHEMUMS ART FLOWER
PURPLE BERTIE GLASS BEAD BAG CHARM,TURQUOISE BERTIE GLASS BEAD CHARM,PINK BERTIE GLASS BEAD BAG CHARM,AMBER BERTIE GLASS BEAD BAG CHARM,BIRD ON BRANCH CANVAS SCREEN,JAM JAR WITH BLUE LID
PURPLE BOUDICCA LARGE BRACELET,PINK BOUDICCA LARGE BRACELET,RED BOUDICCA LARGE BRACELET,TURQ+RED BOUDICCA LARGE BRACELET,GOLD M.O.P ORBIT BRACELET,ANT COPPER TURQ BOUDICCA BRACELET
PURPLE CHUNKY GLASS+BEAD NECKLACE,5 STRAND GLASS NECKLACE AMBER,LAZER CUT NECKLACE W PASTEL BEADS,SILVER/MOP ORBIT NECKLACE,DAISY HAIR BAND,CRYSTAL DIAMANTE EXPANDABLE RING
PURPLE DRAWERKNOB ACRYLIC EDWARDIAN,BLUE DRAWER KNOB ACRYLIC EDWARDIAN,RED DRAWER KNOB ACRYLIC EDWARDIAN,PINK DRAWER KNOB ACRYLIC EDWARDIAN,GREEN DRAWER KNOB ACRYLIC EDWARDIAN,CLEAR DRAWER KNOB ACRYLIC EDWARDIAN
PURPLE DRESS JEWELLERY STAND,DAISY HAIR COMB,DIAMANTE HAIR GRIP PACK/2 PERIDOT,CLASSIC DIAMANTE EARRINGS JET,ORANGE PENDANT TRIPLE SHELL NECKLAC,DIAMANTE HAIR GRIP PACK/2 CRYSTAL
PURPLE ENAMEL FLOWER HAIR TIE,DROP DIAMANTE EARRINGS GREEN,DOORKNOB CERAMIC IVORY,LARGE BLACK DIAMANTE HAIRSLIDE,DIAMANTE HAIR GRIP PACK/2 CRYSTAL,DIAMANTE HAIR GRIP PACK/2 PERIDOT
PURPLE ENAMEL FLOWER RING,GREEN ENAMEL FLOWER RING,RED ENAMEL FLOWER RING,BLACK ENAMEL FLOWER RING,VINTAGE ENAMEL & CRYSTAL EARRINGS,RUBY DROP CHANDELIER EARRINGS
PURPLE ENAMEL+GLASS HAIR COMB,PINK ENAMEL+GLASS HAIR COMB,PURPLE ENAMEL FLOWER HAIR TIE,CLASSIC DIAMANTE EARRINGS JET,PINK/WHITE GLASS DEMI CHOKER,ROSE PENDANT TRIPLE SHELL NECKLACE
PURPLE FOXGLOVE ARTIIFCIAL FLOWER,PINK PAISLEY CUSHION COVER ,15 PINK FLUFFY CHICKS IN BOX,GARDEN PATH NOTEBOOK ,GREEN EASTER EGG HUNT START POST,HEN HOUSE W FAMILY IN BARN & NEST
PURPLE FRANGIPANI HAIRCLIP,BLACK FLOWER CANDLE PLATE,FRUIT SALAD BAG CHARM,BUTTERFLY HAIR BAND,EDWARDIAN DROP EARRINGS JET BLACK,THE KING GIFT BAG
PURPLE FRANGIPANI NECKLACE,WHITE FRANGIPANI NECKLACE,DIAMANTE HAIR GRIP PACK/2 LT ROSE,DIAMANTE HAIR GRIP PACK/2 MONTANA,DIAMANTE HAIR GRIP PACK/2 BLACK DIA,DIAMANTE HAIR GRIP PACK/2 RUBY
PURPLE GEMSTONE BRACELET,PURPLE GEMSTONE NECKLACE 45CM,BLACK GEMSTONE BRACELET,BLACK GEMSTONE NECKLACE 45CM,BLACK VINT ART DEC CRYSTAL BRACELET,BLUE/GREEN SHELL NECKLACE W PENDANT
PURPLE GEMSTONE NECKLACE 45CM,BLACK GEMSTONE BRACELET,PURPLE GEMSTONE BRACELET,BLACK GEMSTONE NECKLACE 45CM,BLUE/GREEN SHELL NECKLACE W PENDANT,BLUE LEAVES AND BEADS PHONE CHARM
PURPLE GLASS TASSLE BAG CHARM,AMBER GLASS TASSLE BAG CHARM,BUTTERFLY CUSHION COVER,PARTY CONES CANDY DECORATION,GREEN GLASS TASSLE BAG CHARM,TURQUOISE GLASS TASSLE BAG CHARM 
PURPLE LAS VEGAS BRACELET ROUND,GLASS AND PAINTED BEADS BRACELET TO,JET BLACK LAS VEGAS BRACELET ROUND,BLACK CRYSTAL DROP EARRINGS,BLUE CRUSOE CHECK LAMPSHADE,SILVER BLACK ORBIT BRACELET
PURPLE PAPER PARASOL,PINK PAPER PARASOL ,RED PAPER PARASOL,BLUE PAPER PARASOL ,SUNFLOWER DECORATIVE PARASOL,CHINESE DRAGON PAPER LANTERNS
PURPLE SWEETHEART BRACELET,BLACK SWEETHEART BRACELET,PINK SWEETHEART BRACELET,GREEN SWEETHEART BRACELET,ANT COPPER TURQ BOUDICCA BRACELET,VINTAGE ENAMEL & CRYSTAL EARRINGS
PURPLE/BLUE CERAMIC CANDLE HOLDER,KNITTED RABBIT DOLL ,GREEN/BLUE CERAMIC CANDLE HOLDER,PURPLE/BLUE CERAMIC CANDLE HOLDER,PINK STRAWBERRY HANDBAG ,FLORAL PINK MONSTER
PURPLE/COPPER HANGING LAMPSHADE,BLUE WHITE PLASTIC RINGS LAMPSHADE,3 BIRDS CANVAS SCREEN,IVORY SCULPTED RND CANDLE ,SMALL SINGLE FLAME CANDLE HOLDER,RED POLKADOT PUDDING BOWL
PURPLE/TURQ FLOWERS HANDBAG,PINK/YELLOW FLOWERS HANDBAG,FELT EGG COSY LADYBIRD ,12 PINK ROSE PEG PLACE SETTINGS,TRIPLE WIRE HOOK PINK HEART,RAINBOW PEGS PHOTO CLIP STRING
QUEEN OF SKIES LUGGAGE TAG,ECONOMY LUGGAGE TAG,QUEEN OF THE SKIES PASSPORT COVER ,FIRST CLASS LUGGAGE TAG ,BATHROOM SET LOVE HEART DESIGN,FIRST CLASS PASSPORT COVER 
QUEEN OF THE SKIES HOLIDAY PURSE ,GLASS CAKE COVER AND PLATE,ORANGE FELT VASE + FLOWERS,LIGHT DECORATION BATTERY OPERATED,POLYESTER FILLER PAD 60x40cm,FIRST CLASS HOLIDAY PURSE 
QUEEN OF THE SKIES PASSPORT COVER ,FIRST CLASS PASSPORT COVER ,QUEEN OF SKIES LUGGAGE TAG,TROPICAL PASSPORT COVER ,VIPPASSPORT COVER ,ECONOMY LUGGAGE TAG
QUEENS GUARD COFFEE MUG,LONDON BUS COFFEE MUG,SOLDIERS EGG CUP ,LUNCH BOX I LOVE LONDON,SET OF 4 KNICK KNACK TINS LONDON ,PACK OF 12 LONDON TISSUES 
RABBIT  DESIGN  COTTON TOTE BAG,LOLITA  DESIGN  COTTON TOTE BAG,PINK STRAWBERRY HANDBAG ,SAVE THE PLANET COTTON TOTE BAG,WOODLAND DESIGN  COTTON TOTE BAG,MARIE ANTOIENETT TRINKET BOX GOLD
RABBIT EASTER DECORATION,FELT FARM ANIMAL RABBIT,FUSCHIA RETRO BAR STOOL,MULTICOLOUR EASTER RABBIT ,FELT FARM ANIMAL HEN,CLAM SHELL LARGE
RABBIT NIGHT LIGHT,RED TOADSTOOL LED NIGHT LIGHT,MINI LIGHTS WOODLAND MUSHROOMS,SPACEBOY LUNCH BOX ,SET OF 10 LED DOLLY LIGHTS,ROUND SNACK BOXES SET OF4 WOODLAND 
RAIN PONCHO ,BEADED LOVE HEART JEWELLERY SET,PACK 4 FLOWER/BUTTERFLY PATCHES,PURPLE FRANGIPANI NECKLACE,GOLD COSMETIC BAG PINK STAR,WRAP GREEN RUSSIAN FOLKART 
RAIN PONCHO RETROSPOT,POLKADOT RAIN HAT ,KIDS RAIN MAC PINK,KIDS RAIN MAC BLUE,MINI PLAYING CARDS DOLLY GIRL ,CLOTHES PEGS RETROSPOT PACK 24 
RAINBOW PEGS PHOTO CLIP STRING,50CM METAL STRING WITH  7 CLIPS,QUEEN OF THE SKIES HOLIDAY PURSE ,BLUE CHENILLE SHAGGY CUSHION COVER ,GUMBALL MONOCHROME COAT RACK,GLASS CAKE COVER AND PLATE
RAINY LADIES BIRTHDAY CARD,PENNY FARTHING BIRTHDAY CARD,RING OF ROSES BIRTHDAY CARD,TEA PARTY BIRTHDAY CARD,CARD CAT AND TREE ,CARD WEDDING DAY
RASPBERRY ANT COPPER FLOWER NECKLAC,COPPER/OLIVE GREEN FLOWER NECKLACE,WHITE VINTAGE CRYSTAL BRACELET,VINTAGE ENAMEL & CRYSTAL EARRINGS,MIDNIGHT BLUE COPPER FLOWER NECKLAC,GLASS BEAD HOOP NECKLACE BLACK
RASTA IN BATH W SPLIFF ASHTRAY,ASSTD RASTA KEY-CHAINS,BAROQUE BUTTERFLY EARRINGS CRYSTAL,PACK 4 FLOWER/BUTTERFLY PATCHES,DIAMANTE NECKLACE,WRAP GREEN RUSSIAN FOLKART 
RATTLE SNAKE EGGS,SLEEPING CAT ERASERS,BLUE CALCULATOR RULER,ST GEORGE SET OF 10 PARTY LIGHTS,DOGGY RUBBER,RASTA IN BATH W SPLIFF ASHTRAY
RECIPE BOX BLUE SKETCHBOOK DESIGN,RECIPE BOX RETROSPOT ,RECIPE BOX PANTRY YELLOW DESIGN,SET OF 3 CAKE TINS SKETCHBOOK,SET OF 6 HERB TINS SKETCHBOOK,SKETCHBOOK MAGNETIC SHOPPING LIST
RECIPE BOX PANTRY YELLOW DESIGN,SET OF 3 CAKE TINS PANTRY DESIGN ,RECIPE BOX RETROSPOT ,SET OF 6 SPICE TINS PANTRY DESIGN,SET OF 4 PANTRY JELLY MOULDS,JAM MAKING SET WITH JARS
RECIPE BOX RETROSPOT ,RECIPE BOX PANTRY YELLOW DESIGN,RECIPE BOX BLUE SKETCHBOOK DESIGN,"SET 3 RETROSPOT TEA,COFFEE,SUGAR",60 TEATIME FAIRY CAKE CASES,RED SPOTTY BISCUIT TIN
RECIPE BOX WITH METAL HEART,WOVEN CANDY CUSHION COVER ,POLYESTER FILLER PAD 65CMx65CM,WOVEN BERRIES CUSHION COVER ,WOVEN BUBBLE GUM CUSHION COVER,PINK B'FLY C/COVER W BOBBLES
"RECORD FRAME 7"" SINGLE SIZE ",BLACK RECORD COVER FRAME,VINYL RECORD FRAME SILVER,SILVER RECORD COVER FRAME,CHILLI LIGHTS,VINTAGE NOTEBOOK BEAUTY GIRL
RECTANGULAR SHAPED MIRROR,WOODLAND MINI RUCKSACK ,PURPLE DRESS JEWELLERY STAND,MIDNIGHT BLUE VINTAGE EARRINGS,COLOURED GLASS STAR T-LIGHT HOLDER,SET 36 COLOURING PENCILS DOILEY
RECYCLED ACAPULCO MAT BLUE,RECYCLED ACAPULCO MAT RED,RECYCLED ACAPULCO MAT GREEN,RECYCLED ACAPULCO MAT PINK,RECYCLED ACAPULCO MAT TURQUOISE,RECYCLED ACAPULCO MAT LAVENDER
RECYCLED ACAPULCO MAT GREEN,RECYCLED ACAPULCO MAT TURQUOISE,RECYCLED ACAPULCO MAT BLUE,RECYCLED ACAPULCO MAT PINK,RECYCLED ACAPULCO MAT LAVENDER,RECYCLED ACAPULCO MAT RED
RECYCLED ACAPULCO MAT LAVENDER,RECYCLED ACAPULCO MAT TURQUOISE,RECYCLED ACAPULCO MAT GREEN,RECYCLED ACAPULCO MAT PINK,RECYCLED ACAPULCO MAT RED,RECYCLED ACAPULCO MAT BLUE
RECYCLED ACAPULCO MAT PINK,RECYCLED ACAPULCO MAT TURQUOISE,RECYCLED ACAPULCO MAT BLUE,RECYCLED ACAPULCO MAT GREEN,RECYCLED ACAPULCO MAT LAVENDER,RECYCLED ACAPULCO MAT RED
RECYCLED ACAPULCO MAT RED,RECYCLED ACAPULCO MAT TURQUOISE,RECYCLED ACAPULCO MAT BLUE,RECYCLED ACAPULCO MAT GREEN,RECYCLED ACAPULCO MAT LAVENDER,RECYCLED ACAPULCO MAT PINK
RECYCLED ACAPULCO MAT TURQUOISE,RECYCLED ACAPULCO MAT RED,RECYCLED ACAPULCO MAT GREEN,RECYCLED ACAPULCO MAT LAVENDER,RECYCLED ACAPULCO MAT PINK,RECYCLED ACAPULCO MAT BLUE
RECYCLED PENCIL WITH RABBIT ERASER,PANDA AND BUNNIES STICKER SHEET,KITTY PENCIL ERASERS,PARTY TIME PENCIL ERASERS,BLUE POLKADOT KIDS BAG,LETTER SHAPE PENCIL SHARPENER
RECYCLING BAG RETROSPOT ,TOY TIDY PINK POLKADOT,TOY TIDY SPACEBOY  ,JUMBO BAG RED RETROSPOT,JUMBO BAG PINK POLKADOT,JUMBO BAG SPACEBOY DESIGN
RED   ACRYLIC FACETED BANGLE,GREY ACRYLIC FACETED BANGLE,PINK FLOCK PHOTO FRAME ,MARIE ANTOIENETT TRINKET BOX GOLD,PURPLE ACRYLIC FACETED BANGLE,BLUE MONTE CARLO HANDBAG
RED  EGG  SPOON,BLUE EGG  SPOON,BLUE PUDDING SPOON,RED POLKADOT BEAKER ,BLUE POLKADOT EGG CUP ,RED PUDDING SPOON
RED  HARMONICA IN BOX ,BLUE HARMONICA IN BOX ,WOODEN BOX OF DOMINOES,WORLD WAR 2 GLIDERS ASSTD DESIGNS,VINTAGE SNAP CARDS,VINTAGE HEADS AND TAILS CARD GAME 
RED 3 PIECE RETROSPOT CUTLERY SET,GREEN 3 PIECE POLKADOT CUTLERY SET,BLUE 3 PIECE POLKADOT CUTLERY SET,PINK 3 PIECE POLKADOT CUTLERY SET,BLUE POLKADOT PLATE ,BLUE POLKADOT BOWL
RED APPLES CHOPPING BOARD   ,VINTAGE LEAF CHOPPING BOARD  ,VEGETABLE GARDEN CHOPPING BOARD,POPPY FIELDS CHOPPING BOARD,SET OF 2 TEA TOWELS APPLE AND PEARS,COFFEE MUG APPLES DESIGN
RED BABY BUNTING ,PINK BABY BUNTING,SPOTTY BUNTING,PARTY BUNTING,TEA TIME PARTY BUNTING,BLUE HAPPY BIRTHDAY BUNTING
RED BOUDICCA LARGE BRACELET,TURQ+RED BOUDICCA LARGE BRACELET,PURPLE BOUDICCA LARGE BRACELET,PINK BOUDICCA LARGE BRACELET,ANT COPPER TURQ BOUDICCA BRACELET,ANT COPPER LIME BOUDICCA BRACELET
RED CHARLIE+LOLA PERSONAL DOORSIGN,BLUE CHARLIE+LOLA PERSONAL DOORSIGN,"CHARLIE+LOLA""EXTREMELY BUSY"" SIGN",CHARLIE+LOLA MY ROOM DOOR SIGN,CHARLIE & LOLA WASTEPAPER BIN FLORA,CARROT CHARLIE+LOLA COASTER SET
RED COAT RACK PARIS FASHION,BLUE COAT RACK PARIS FASHION,YELLOW COAT RACK PARIS FASHION,TRIPLE HOOK ANTIQUE IVORY ROSE,CHOCOLATE THIS WAY METAL SIGN,I'M ON HOLIDAY METAL SIGN
RED DAISY PAPER LAMPSHADE,VINTAGE BEAD PINK JEWEL STAND,"STRING OF 8 BUTTERFLIES,PINK",BLUE SAVANNAH PICNIC HAMPER FOR 2,PINK ENAMEL FLOWER HAIR TIE,PINK HAWAIIAN PICNIC HAMPER FOR 2
RED DAISY POCKET BOOK ,BLUE PAISLEY POCKET BOOK,GREEN FERN POCKET BOOK,ABSTRACT CIRCLES POCKET BOOK,TROPICAL LUGGAGE TAG,GARDEN PATH POCKET BOOK
RED DINER WALL CLOCK,BLUE DINER WALL CLOCK,IVORY DINER WALL CLOCK,MINT DINER WALL CLOCK,RED KITCHEN SCALES,ALARM CLOCK BAKELIKE RED 
RED DRAGONFLY HELICOPTER,BLUE DRAGONFLY HELICOPTER,YELLOW SHARK HELICOPTER,LAZER CUT NECKLACE W PASTEL BEADS,POTTING SHED ROSE CANDLE,SKULL LUNCH BOX WITH CUTLERY 
RED DRAWER KNOB ACRYLIC EDWARDIAN,PURPLE DRAWERKNOB ACRYLIC EDWARDIAN,BLUE DRAWER KNOB ACRYLIC EDWARDIAN,PINK DRAWER KNOB ACRYLIC EDWARDIAN,GREEN DRAWER KNOB ACRYLIC EDWARDIAN,CLEAR DRAWER KNOB ACRYLIC EDWARDIAN
RED ENAMEL FLOWER RING,PURPLE ENAMEL FLOWER RING,GREEN ENAMEL FLOWER RING,BLACK ENAMEL FLOWER RING,VINTAGE ENAMEL & CRYSTAL EARRINGS,RUBY DROP CHANDELIER EARRINGS
RED ENCHANTED FOREST PLACEMAT,IVORY ENCHANTED FOREST PLACEMAT,BLACK ENCHANTED FOREST PLACEMAT,VIP PASSPORT COVER ,FIRST CLASS HOLIDAY PURSE ,GLASS CAKE COVER AND PLATE
RED FLOCK LOVE HEART PHOTO FRAME,TRAVEL CARD WALLET SUKI,BLUE CAT BISCUIT BARREL PINK HEART,ROUND ARTICULATED PINK CLOCK W/SUCK,SET/4 DAISY MIRROR MAGNETS,TRAVEL CARD WALLET SKULLS
RED FLORAL FELTCRAFT SHOULDER BAG,PINK FLORAL FELTCRAFT SHOULDER BAG,GREY FLORAL FELTCRAFT SHOULDER BAG,FELTCRAFT CUSHION BUTTERFLY,FELTCRAFT CUSHION RABBIT,FELTCRAFT CUSHION OWL
RED FLOWER CROCHET FOOD COVER,CHERRY CROCHET FOOD COVER,FLOWER VINE RAFFIA FOOD COVER,PINK FLOWER CROCHET FOOD COVER,BUTTERFLY CROCHET FOOD COVER,STRAWBERRY RAFFIA FOOD COVER
RED GINGHAM ROSE JEWELLERY BOX,SET/3 RED GINGHAM ROSE STORAGE BOX,SET3 BOOK BOX GREEN GINGHAM FLOWER ,ENGLISH ROSE NOTEBOOK A7 SIZE,SET/6 RED SPOTTY PAPER PLATES,JUMBO BAG RED RETROSPOT
RED GINGHAM TEDDY BEAR ,FLORAL SOFT CAR TOY,DOG TOY WITH PINK CROCHET SKIRT,MOUSE TOY WITH PINK T-SHIRT,PINK GINGHAM CAT WITH SCARF,TOOL BOX SOFT TOY 
RED GLASS TASSLE BAG CHARM,TURQUOISE GLASS TASSLE BAG CHARM ,GREEN GLASS TASSLE BAG CHARM,AMBER GLASS TASSLE BAG CHARM,RIVIERA NECKLACE,PINK BOUDICCA LARGE BRACELET
RED HANGING HEART T-LIGHT HOLDER,WHITE HANGING HEART T-LIGHT HOLDER,CANDLEHOLDER PINK HANGING HEART,HEART OF WICKER LARGE,LARGE WHITE HEART OF WICKER,HEART OF WICKER SMALL
RED HEART LUGGAGE TAG,RED RETROSPOT LUGGAGE TAG,TROPICAL LUGGAGE TAG,FIRST CLASS LUGGAGE TAG ,UNION JACK FLAG LUGGAGE TAG,SET OF 36 VINTAGE CHRISTMAS DOILIES
RED HEART SHAPE LOVE BUCKET ,PINK  HEART SHAPE LOVE BUCKET ,MINI LADLE LOVE HEART RED ,FOOD CONTAINER SET 3 LOVE HEART ,SET OF 6 STRAWBERRY CHOPSTICKS,WALL TIDY RETROSPOT 
RED HEARTS LIGHT CHAIN ,PINK HEARTS LIGHT CHAIN ,PURPLE DRESS JEWELLERY STAND,TROPICAL PASSPORT COVER ,HEARTS GIFT TAPE,PORCELAIN BUDAH INCENSE HOLDER
RED KITCHEN SCALES,IVORY KITCHEN SCALES,MINT KITCHEN SCALES,BLACK KITCHEN SCALES,RED DINER WALL CLOCK,BREAD BIN DINER STYLE RED 
RED KUKUI COCONUT SEED NECKLACE,SPOTTED WHITE NATURAL SEED NECKLACE,BILI NUT AND WOOD NECKLACE,BROWN KUKUI COCONUT SEED NECKLACE,PURPLE DRESS JEWELLERY STAND,PURPLE ENAMEL FLOWER HAIR TIE
RED LOVE HEART SHAPE CUP,PINK LOVE HEART SHAPE CUP,MINI LADLE LOVE HEART RED ,FOOD CONTAINER SET 3 LOVE HEART ,MINI LADLE LOVE HEART PINK,LARGE HEART MEASURING SPOONS
RED METAL BEACH SPADE ,BOYS VINTAGE TIN SEASIDE BUCKET,GIRLS VINTAGE TIN SEASIDE BUCKET,PACK OF 6 SANDCASTLE FLAGS ASSORTED,SPACEBOY LUNCH BOX ,CIRCUS PARADE LUNCH BOX 
RED METAL BOX TOP SECRET,GREEN METAL BOX ARMY SUPPLIES,REVOLVER WOODEN RULER ,TREASURE TIN GYMKHANA DESIGN,RABBIT NIGHT LIGHT,FOLDING BUTTERFLY MIRROR HOT PINK 
RED PAPER PARASOL,BLUE PAPER PARASOL ,PINK PAPER PARASOL ,PURPLE PAPER PARASOL,CHINESE DRAGON PAPER LANTERNS,ASSORTED COLOURS SILK FAN
RED PEONY CUSHION COVER ,RED PEONY CUSHION COVER ,ORIENTAL RED CUSHION COVER ,LIGHT DECORATION BATTERY OPERATED,PACK 4 FLOWER/BUTTERFLY PATCHES,BLACK EAR MUFF HEADPHONES
RED PEONY TABLE CLOCK,DANISH ROSE UMBRELLA STAND,ROUND PURPLE CLOCK WITH SUCKER,COLOURFUL FLOWER FRUIT BOWL,MOP PENDANT SHELL NECKLACE,LARGE CRYSTAL DIAMANTE HAIRSLIDE
RED POLKADOT BEAKER ,BLUE POLKADOT BEAKER ,RED  EGG  SPOON,CHARLIE AND LOLA FIGURES TINS,RED PUDDING SPOON,CHARLIE AND LOLA TABLE TINS
RED POLKADOT COFFEE  MUG,BLUE POLKADOT COFFEE MUG,BLUE POLKADOT EGG CUP ,RED POLKADOT PUDDING BOWL,CUBIC MUG PINK POLKADOT,BLUE PUDDING SPOON
RED POLKADOT PUDDING BOWL,VINTAGE BLUE TINSEL REEL,JARDIN ETCHED GLASS BUTTER DISH,RED POLKADOT COFFEE  MUG,BLUE POLKADOT PUDDING BOWL,BLUE GEISHA GIRL 
RED PUDDING SPOON,BLUE PUDDING SPOON,RED POLKADOT BEAKER ,BLUE EGG  SPOON,RED  EGG  SPOON,BLUE POLKADOT BEAKER 
RED PURSE WITH PINK HEART,"GARLAND, MAGIC GARDEN 1.8M",DIAMANTE HAIR GRIP PACK/2 CRYSTAL,DIAMANTE HAIR GRIP PACK/2 PERIDOT,ROSE PENDANT TRIPLE SHELL NECKLACE,CLASSIC DIAMANTE EARRINGS JET
RED REFECTORY CLOCK ,IVORY REFECTORY CLOCK,BLUE REFECTORY CLOCK ,ALARM CLOCK BAKELIKE PINK,ALARM CLOCK BAKELIKE RED ,RED DINER WALL CLOCK
RED RETRO KITCHEN WALL CLOCK,BLUE RETRO KITCHEN WALL CLOCK,IVORY RETRO KITCHEN WALL CLOCK,PINK DAISY BAG CHARM,PURPLE ENAMEL FLOWER HAIR TIE,"GARLAND, MAGIC GARDEN 1.8M"
RED RETROSPOT APRON ,RED RETROSPOT OVEN GLOVE DOUBLE,TEA TIME KITCHEN APRON,"SET 3 RETROSPOT TEA,COFFEE,SUGAR",SET/2 RED RETROSPOT TEA TOWELS ,RED RETROSPOT OVEN GLOVE 
RED RETROSPOT BIG BOWL,RED RETROSPOT BOWL,GREEN POLKADOT BOWL,BLUE POLKADOT BOWL,RED RETROSPOT PLATE ,ENVELOPE 50 CURIOUS IMAGES
RED RETROSPOT BOWL,BLUE POLKADOT BOWL,RED RETROSPOT PLATE ,PINK POLKADOT BOWL,GREEN POLKADOT BOWL,RED RETROSPOT CUP
RED RETROSPOT BUTTER DISH,RED RETROSPOT SUGAR JAM BOWL,RETROSPOT LARGE MILK JUG,RED RETROSPOT SMALL MILK JUG,RED RETROSPOT TRADITIONAL TEAPOT ,RED RETROSPOT MUG
RED RETROSPOT CAKE STAND,RETROSPOT LARGE MILK JUG,RED RETROSPOT SMALL MILK JUG,RED RETROSPOT BUTTER DISH,RED RETROSPOT ROUND CAKE TINS,RED RETROSPOT SUGAR JAM BOWL
RED RETROSPOT CHARLOTTE BAG,CHARLOTTE BAG PINK POLKADOT,STRAWBERRY CHARLOTTE BAG,WOODLAND CHARLOTTE BAG,CHARLOTTE BAG SUKI DESIGN,CHARLOTTE BAG APPLES DESIGN
RED RETROSPOT CHILDRENS UMBRELLA,PINK POLKADOT CHILDRENS UMBRELLA,DOLLY MIXTURE CHILDREN'S UMBRELLA,STRAWBERRY DREAM CHILDS UMBRELLA,LUNCH BAG RED RETROSPOT,STRAWBERRY LUNCH BOX WITH CUTLERY
RED RETROSPOT CUP,RED RETROSPOT PLATE ,BLUE POLKADOT CUP,PINK  POLKADOT CUP,RED RETROSPOT BOWL,BLUE POLKADOT PLATE 
RED RETROSPOT LUGGAGE TAG,FIRST CLASS LUGGAGE TAG ,BLUE POLKADOT LUGGAGE TAG ,QUEEN OF SKIES LUGGAGE TAG,RED HEART LUGGAGE TAG,ECONOMY LUGGAGE TAG
RED RETROSPOT MINI CASES,ASSORTED COLOUR MINI CASES,ROUND SNACK BOXES SET OF4 WOODLAND ,POSTAGE,ROUND SNACK BOXES SET OF 4 FRUITS ,LUNCH BOX WITH CUTLERY RETROSPOT 
RED RETROSPOT MUG,RED RETROSPOT SUGAR JAM BOWL,RETROSPOT LARGE MILK JUG,RED RETROSPOT SMALL MILK JUG,RED RETROSPOT BUTTER DISH,RED RETROSPOT TEA CUP AND SAUCER 
RED RETROSPOT OVEN GLOVE ,TEA TIME OVEN GLOVE,SET/2 RED RETROSPOT TEA TOWELS ,OVEN MITT APPLES DESIGN,RED RETROSPOT OVEN GLOVE DOUBLE,RED RETROSPOT PEG BAG
RED RETROSPOT OVEN GLOVE DOUBLE,SET/2 RED RETROSPOT TEA TOWELS ,RED RETROSPOT APRON ,RED RETROSPOT OVEN GLOVE ,RED RETROSPOT PEG BAG,RED RETROSPOT BUTTER DISH
RED RETROSPOT PEG BAG,PEG BAG APPLES DESIGN,CLOTHES PEGS RETROSPOT PACK 24 ,RED RETROSPOT OVEN GLOVE ,SET/2 RED RETROSPOT TEA TOWELS ,RED RETROSPOT OVEN GLOVE DOUBLE
RED RETROSPOT PICNIC BAG,STRAWBERRY   PICNIC BAG,LUNCH BAG RED RETROSPOT,LUNCH BAG PINK POLKADOT,JUMBO BAG RED RETROSPOT,LUNCH BAG APPLE DESIGN
RED RETROSPOT PLATE ,RED RETROSPOT CUP,BLUE POLKADOT PLATE ,RED RETROSPOT BOWL,PINK  POLKADOT PLATE ,BLUE POLKADOT CUP
RED RETROSPOT PUDDING BOWL,RETROSPOT LARGE MILK JUG,RED RETROSPOT SUGAR JAM BOWL,RED RETROSPOT BUTTER DISH,RED RETROSPOT STORAGE JAR,RED RETROSPOT TEA CUP AND SAUCER 
RED RETROSPOT PURSE ,PICNIC BOXES SET OF 3 RETROSPOT ,RED RETROSPOT SHOPPING BAG,VINTAGE PHOTO ALBUM PARIS DAYS,SET OF 4 ENGLISH ROSE PLACEMATS,RED RETROSPOT MINI CASES
RED RETROSPOT ROUND CAKE TINS,"SET 3 RETROSPOT TEA,COFFEE,SUGAR",RED RETROSPOT CAKE STAND,RED SPOTTY BISCUIT TIN,RETROSPOT LARGE MILK JUG,RED RETROSPOT SMALL MILK JUG
RED RETROSPOT SHOPPER BAG,STRAWBERRY SHOPPER BAG,RED RETROSPOT CHARLOTTE BAG,JUMBO BAG RED RETROSPOT,LUNCH BAG RED RETROSPOT,STRAWBERRY CHARLOTTE BAG
RED RETROSPOT SHOPPING BAG,SET/2 RED RETROSPOT TEA TOWELS ,RED RETROSPOT OVEN GLOVE ,PICNIC BOXES SET OF 3 RETROSPOT ,SET/6 RED SPOTTY PAPER PLATES,MINI LADLE LOVE HEART PINK
RED RETROSPOT SMALL MILK JUG,RED RETROSPOT SUGAR JAM BOWL,RETROSPOT LARGE MILK JUG,RED RETROSPOT BUTTER DISH,RED RETROSPOT MUG,RED RETROSPOT TRADITIONAL TEAPOT 
RED RETROSPOT STORAGE JAR,RED RETROSPOT TRADITIONAL TEAPOT ,RED RETROSPOT SUGAR JAM BOWL,RED RETROSPOT BUTTER DISH,RED RETROSPOT SMALL MILK JUG,RETROSPOT LARGE MILK JUG
RED RETROSPOT SUGAR JAM BOWL,RED RETROSPOT SMALL MILK JUG,RED RETROSPOT BUTTER DISH,RETROSPOT LARGE MILK JUG,RED RETROSPOT MUG,RED RETROSPOT TRADITIONAL TEAPOT 
RED RETROSPOT TAPE,STARS GIFT TAPE ,CUTE CATS TAPE,CAKES AND BOWS GIFT  TAPE,SKULLS TAPE,HEARTS GIFT TAPE
RED RETROSPOT TEA CUP AND SAUCER ,RED RETROSPOT SUGAR JAM BOWL,RED RETROSPOT TRADITIONAL TEAPOT ,RED RETROSPOT BUTTER DISH,RED RETROSPOT MUG,RED RETROSPOT SMALL MILK JUG
RED RETROSPOT TISSUE BOX,MOTORING TISSUE BOX,BLUE PAISLEY TISSUE BOX,EMPIRE TISSUE BOX,BOUDOIR SQUARE TISSUE BOX,CARAVAN SQUARE TISSUE BOX
RED RETROSPOT TRADITIONAL TEAPOT ,RED RETROSPOT STORAGE JAR,RED RETROSPOT SUGAR JAM BOWL,RETROSPOT LARGE MILK JUG,RED RETROSPOT BUTTER DISH,RED RETROSPOT TEA CUP AND SAUCER 
RED RETROSPOT UMBRELLA,BLACK/BLUE POLKADOT UMBRELLA,EDWARDIAN PARASOL NATURAL,EDWARDIAN PARASOL RED,EDWARDIAN PARASOL BLACK,EDWARDIAN PARASOL PINK
RED RETROSPOT WASHBAG,EIGHT PIECE CREEPY CRAWLIE SET,VIP PASSPORT COVER ,FUNKY MONKEY MUG,FIRST CLASS HOLIDAY PURSE ,GLASS CAKE COVER AND PLATE
RED RETROSPOT WRAP ,BLUE POLKADOT WRAP,PINK POLKADOT WRAP ,WRAP ENGLISH ROSE ,SKULLS AND CROSSBONES WRAP,FANCY FONTS BIRTHDAY WRAP
RED ROCKING HORSE HAND PAINTED,WHITE ROCKING HORSE HAND PAINTED,STAR WREATH DECORATION WITH BELL,HEART WREATH DECORATION WITH BELL,CHRISTMAS HANGING TREE WITH BELL,HEART WOODEN CHRISTMAS DECORATION
RED ROSE AND LACE C/COVER,PURPLE ANEMONE ARTIFICIAL FLOWER,PINK FOXGLOVE ARTIIFCIAL FLOWER,WHITE HYDRANGEA ART FLOWER,WHITE ALLIUM  ARTIFICIAL FLOWER,WHITE CHRYSANTHEMUMS ART FLOWER
RED SHARK HELICOPTER,PAIR OF PINK FLOWER CLUSTER SLIDE,PURPLE FRANGIPANI NECKLACE,YELLOW DRAGONFLY HELICOPTER,YELLOW SHARK HELICOPTER,DIAMANTE HAIR GRIP PACK/2 LT ROSE
RED SPOT CERAMIC DRAWER KNOB,RED STRIPE CERAMIC DRAWER KNOB,BLUE SPOT CERAMIC DRAWER KNOB,WHITE SPOT RED CERAMIC DRAWER KNOB,BLUE STRIPE CERAMIC DRAWER KNOB,WHITE SPOT BLUE CERAMIC DRAWER KNOB
RED SPOT PAPER GIFT BAG, RED SPOT GIFT BAG LARGE,VINTAGE CHRISTMAS PAPER GIFT BAG,50'S CHRISTMAS PAPER GIFT BAG,VINTAGE CHRISTMAS GIFT BAG LARGE ,6 GIFT TAGS VINTAGE CHRISTMAS 
RED SPOTTY BISCUIT TIN,"SET 3 RETROSPOT TEA,COFFEE,SUGAR",RED RETROSPOT SUGAR JAM BOWL,RECIPE BOX RETROSPOT ,RED RETROSPOT ROUND CAKE TINS,SET/2 RED RETROSPOT TEA TOWELS 
RED STAR CARD HOLDER,GREEN CHRISTMAS TREE CARD HOLDER,WOODEN TREE CHRISTMAS SCANDINAVIAN,WOODEN STAR CHRISTMAS SCANDINAVIAN,JUMBO BAG 50'S CHRISTMAS ,CARDHOLDER GINGHAM CHRISTMAS TREE
RED STRIPE CERAMIC DRAWER KNOB,BLUE STRIPE CERAMIC DRAWER KNOB,RED SPOT CERAMIC DRAWER KNOB,WHITE SPOT RED CERAMIC DRAWER KNOB,BLUE SPOT CERAMIC DRAWER KNOB,WHITE SPOT BLUE CERAMIC DRAWER KNOB
RED TEA TOWEL CLASSIC DESIGN,BLUE TEA TOWEL CLASSIC DESIGN,BLACK TEA TOWEL CLASSIC DESIGN,WRAP GREEN RUSSIAN FOLKART ,LARGE CHINESE STYLE SCISSOR,200 RED + WHITE BENDY STRAWS
RED TOADSTOOL LED NIGHT LIGHT,RABBIT NIGHT LIGHT,ROUND SNACK BOXES SET OF4 WOODLAND ,MINI LIGHTS WOODLAND MUSHROOMS,FAIRY TALE COTTAGE NIGHT LIGHT,LUNCH BAG WOODLAND
RED VICTORIAN FABRIC OVAL BOX,BLUE VICTORIAN FABRIC OVAL BOX,YELLOW PINK FLOWER DESIGN BIG BOWL,DANISH ROSE PHOTO FRAME,PINK/BLUE STRING CURTAIN ,BLACK GLASS BRACELET W HEART CHARMS
RED VINTAGE SPOT BEAKER,BLUE VINTAGE SPOT BEAKER,GREEN VINTAGE SPOT BEAKER,PINK VINTAGE SPOT BEAKER,PINK  POLKADOT CUP,RED RETROSPOT PLATE 
RED WHITE SCARF  HOT WATER BOTTLE,PINK POLKADOT KIDS BAG,FUNKY MONKEY MUG,BLACK FLOWER CANDLE PLATE,"LETTER ""V"" BLING KEY RING","LETTER ""B"" BLING KEY RING"
RED WOOLLY HOTTIE WHITE HEART.,KNITTED UNION FLAG HOT WATER BOTTLE,WHITE SKULL HOT WATER BOTTLE ,RETROSPOT HEART HOT WATER BOTTLE,SCOTTIE DOG HOT WATER BOTTLE,CHOCOLATE HOT WATER BOTTLE
RED/CREAM STRIPE CUSHION COVER ,BLUE/CREAM STRIPE CUSHION COVER ,UNION STRIPE CUSHION COVER ,SILVER FLOWR PINK SHELL NECKLACE,ZINC SWEETHEART SOAP DISH,SILVER/NAT SHELL NECKLACE W PENDANT
REGENCY CAKE FORK,REGENCY TEA SPOON,REGENCY CAKE SLICE,REGENCY SUGAR TONGS,REGENCY MILK JUG PINK ,REGENCY SUGAR BOWL GREEN
REGENCY CAKE SLICE,REGENCY CAKE FORK,REGENCY TEA SPOON,REGENCY SUGAR TONGS,REGENCY TEA STRAINER,REGENCY TEA PLATE GREEN 
REGENCY CAKESTAND 3 TIER,ROSES REGENCY TEACUP AND SAUCER ,GREEN REGENCY TEACUP AND SAUCER,PINK REGENCY TEACUP AND SAUCER,SET OF 3 REGENCY CAKE TINS,REGENCY TEAPOT ROSES 
REGENCY MILK JUG PINK ,REGENCY SUGAR BOWL GREEN,REGENCY TEAPOT ROSES ,REGENCY TEA PLATE ROSES ,REGENCY TEA PLATE GREEN ,REGENCY TEA PLATE PINK
REGENCY MIRROR WITH SHUTTERS,16 PC CUTLERY SET PANTRY DESIGN,FRENCH CHATEAU LARGE FRUIT BOWL ,WOODEN BOX ADVENT CALENDAR ,METAL HERB GERDEN CONTAINER,RUSTIC  SEVENTEEN DRAWER SIDEBOARD
REGENCY SUGAR BOWL GREEN,REGENCY MILK JUG PINK ,REGENCY TEAPOT ROSES ,REGENCY TEA PLATE ROSES ,REGENCY TEA PLATE GREEN ,REGENCY TEA PLATE PINK
REGENCY SUGAR TONGS,REGENCY TEA STRAINER,REGENCY CAKE SLICE,REGENCY TEA SPOON,REGENCY CAKE FORK,REGENCY MILK JUG PINK 
REGENCY TEA PLATE GREEN ,REGENCY TEA PLATE PINK,REGENCY TEA PLATE ROSES ,REGENCY SUGAR BOWL GREEN,GREEN REGENCY TEACUP AND SAUCER,REGENCY MILK JUG PINK 
REGENCY TEA PLATE PINK,REGENCY TEA PLATE GREEN ,REGENCY TEA PLATE ROSES ,REGENCY SUGAR BOWL GREEN,PINK REGENCY TEACUP AND SAUCER,REGENCY MILK JUG PINK 
REGENCY TEA PLATE ROSES ,REGENCY TEA PLATE GREEN ,REGENCY TEA PLATE PINK,REGENCY TEAPOT ROSES ,REGENCY SUGAR BOWL GREEN,REGENCY MILK JUG PINK 
REGENCY TEA SPOON,REGENCY CAKE FORK,REGENCY CAKE SLICE,REGENCY SUGAR TONGS,REGENCY SUGAR BOWL GREEN,REGENCY TEA STRAINER
REGENCY TEA STRAINER,REGENCY SUGAR TONGS,REGENCY CAKE SLICE,REGENCY TEA SPOON,REGENCY TEAPOT ROSES ,REGENCY SUGAR BOWL GREEN
REGENCY TEAPOT ROSES ,REGENCY SUGAR BOWL GREEN,REGENCY MILK JUG PINK ,REGENCY TEA PLATE ROSES ,REGENCY TEA PLATE GREEN ,ROSES REGENCY TEACUP AND SAUCER 
REINDEER HEART DECORATION GOLD,CHERUB HEART DECORATION GOLD,CHRISTMAS TREE HANGING GOLD,REINDEER HEART DECORATION SILVER,CHERUB HEART DECORATION SILVER ,LAUREL HEART ANTIQUE GOLD
REINDEER HEART DECORATION SILVER,CHRISTMAS TREE HANGING SILVER ,CHERUB HEART DECORATION SILVER ,REINDEER HEART DECORATION GOLD,LAUREL STAR ANTIQUE SILVER ,LAUREL HEART ANTIQUE SILVER
RELAX LARGE WOOD LETTERS,PINK GLASS TASSLE BAG CHARM ,PEACE SMALL WOOD LETTERS,GLASS CAKE COVER AND PLATE,GOLD APERITIF GLASS,ORANGE FELT VASE + FLOWERS
RESIN BRACELET W PASTEL BEADS,RESIN NECKLACE W PASTEL BEADS,AMETHYST CHUNKY BEAD BRACELET W STR,VINTAGE ROSE BEAD BRACELET BLACK,TURQUOISE CRYSTAL+GLASS BRACELET,PINK CRYSTAL+GLASS BRACELET
RESIN NECKLACE W PASTEL BEADS,RESIN BRACELET W PASTEL BEADS,DIAMOND LAS VEGAS NECKLACE 45CM,AMBER GLASS/SHELL/PEARL NECKLACE,5 STRAND GLASS NECKLACE AMETHYST,PACK 4 FLOWER/BUTTERFLY PATCHES
RETO LEAVES MAGNETIC SHOPPING LIST,DIAMANTE NECKLACE BLACK ,AMBER GLASS/SHELL/PEARL NECKLACE,5 STRAND GLASS NECKLACE AMETHYST,CLASSIC DIAMANTE NECKLACE JET,RUBY GLASS CLUSTER NECKLACE
"RETRO ""TEA FOR ONE"" ",GIRLY PINK TOOL SET,PINK CHERRY BLOSSOM CUP & SAUCER,BLUE PAINTED KASHMIRI CHAIR,YELLOW BREAKFAST CUP AND SAUCER,BLUE BREAKFAST CUP AND SAUCER 
RETRO BROWN BALL ASHTRAY ,RETRO PINK BALL ASHTRAY ,FLOOR LAMP SHADE WOOD BASE,PINK/WHITE RIBBED MELAMINE JUG,TABLE LAMP WHITE SHADE WOOD BASE,CONGRATULATIONS BUNTING
RETRO COFFEE MUGS ASSORTED,KINGS CHOICE MUG,HOME SWEET HOME MUG,POTTING SHED TEA MUG,GLAMOROUS  MUG,SAVE THE PLANET MUG
RETRO LEAVES MAGNETIC NOTEPAD,ORANGE FELT VASE + FLOWERS,PINK CHRYSANTHEMUMS ART FLOWER,POLYESTER FILLER PAD 60x40cm,GLASS CAKE COVER AND PLATE,PACK 4 FLOWER/BUTTERFLY PATCHES
RETRO LONGBOARD IRONING BOARD COVER,FUNKY MONKEY CUSHION COVER,MIRROR MOSAIC CANDLE PLATE,CROCHET WHITE RABBIT KEYRING ,MIRRORED WALL ART GENTS,BLACK ORANGE SQUEEZER
RETRO MOD TRAY,GUMBALL MAGAZINE RACK,MONEY BOX FIRST ADE DESIGN,KINGS CHOICE MUG,AIRLINE BAG VINTAGE JET SET RED,TV DINNER TRAY AIR HOSTESS 
"RETRO PILL BOX , REVOLUTIONARY","RETRO PILL BOX KEY CHAIN,THE KING",PASTEL BLUE PHOTO ALBUM ,JAM JAR WITH BLUE LID,BIRD ON BRANCH CANVAS SCREEN,"RETRO TIN ASHTRAY,REVOLUTIONARY"
"RETRO PILL BOX KEY CHAIN,THE KING","RETRO PILL BOX , REVOLUTIONARY",PASTEL BLUE PHOTO ALBUM ,CROCHET WHITE RABBIT KEYRING ,GOLD APERITIF GLASS,BLUE PADDED SOFT MOBILE
RETRO PINK BALL ASHTRAY ,RETRO BROWN BALL ASHTRAY ,BLUE/NAT SHELL NECKLACE W PENDANT,IVORY SHELL HEART EARRINGS,PINK/WHITE GLASS DEMI CHOKER,DIAMANTE BOW BROOCH BLACK COLOUR
RETRO PLASTIC 70'S TRAY,RETRO PLASTIC DAISY TRAY,3 BIRDS CANVAS SCREEN,BLUE TEATIME PRINT BOWL ,RETRO PLASTIC POLKA TRAY,SMALL HANGING GLASS+ZINC LANTERN
RETRO PLASTIC DAISY TRAY,RETRO PLASTIC POLKA TRAY,BLUE TEATIME PRINT BOWL ,RETRO PLASTIC 70'S TRAY,PINK STRAWBERRY HANDBAG ,GREEN/BLUE CERAMIC CANDLE HOLDER
RETRO PLASTIC ELEPHANT TRAY,RETRO PLASTIC POLKA TRAY,ROUND SNACK BOXES SET OF4 WOODLAND ,RETRO PLASTIC DAISY TRAY,MODERN FLORAL STATIONERY SET,ROUND SNACK BOXES SET OF 4 FRUITS 
RETRO PLASTIC POLKA TRAY,RETRO PLASTIC DAISY TRAY,RETRO PLASTIC ELEPHANT TRAY,RETRO PLASTIC 70'S TRAY,SILVER LARIAT BLACK STONE EARRINGS,PINK STRAWBERRY HANDBAG 
"RETRO TIN ASHTRAY,REVOLUTIONARY",UNION JACK HOT WATER BOTTLE ,WHITE ROSEBUD  PEARL EARRINGS,LIGHT PINK FLOCK GLASS CANDLEHOLDER,BLUE TEATIME PRINT BOWL ,CUTE BIRD CEATURE SCREEN
RETROSPOT BABUSHKA DOORSTOP,GINGHAM BABUSHKA DOORSTOP,DOORSTOP RACING CAR DESIGN,DOORSTOP FOOTBALL DESIGN,PAPERWEIGHT KINGS CHOICE ,EIGHT PIECE CREEPY CRAWLIE SET
RETROSPOT CANDLE  LARGE,RETROSPOT CANDLE  SMALL,RETROSPOT CANDLE  MEDIUM,PURPLE DRESS JEWELLERY STAND,"GARLAND, MAGIC GARDEN 1.8M",DAISY HAIR COMB
RETROSPOT CANDLE  MEDIUM,RETROSPOT CANDLE  SMALL,RETROSPOT CANDLE  LARGE,MILK PAN RED RETROSPOT,MILK PAN BLUE POLKADOT,BLUE BIRDHOUSE DECORATION
RETROSPOT CANDLE  SMALL,RETROSPOT CANDLE  LARGE,RETROSPOT CANDLE  MEDIUM,TRIANGULAR POUFFE VINTAGE ,S/4 BLACK MINI ROSE CANDLE IN BOWL,BEADED CRYSTAL HEART GREEN SMALL
RETROSPOT CHILDRENS APRON,CHILDRENS APRON SPACEBOY DESIGN,PINK FAIRY CAKE CHILDRENS APRON,CHILDRENS APRON APPLES DESIGN,CHILDREN'S APRON DOLLY GIRL ,LUNCH BAG RED RETROSPOT
RETROSPOT CIGAR BOX MATCHES ,RETROSPOT GIANT TUBE MATCHES,RETROSPOT SMALL TUBE MATCHES,PLASTERS IN TIN VINTAGE PAISLEY ,REX CASH+CARRY JUMBO SHOPPER,COSY HOUR CIGAR BOX MATCHES 
RETROSPOT GIANT TUBE MATCHES,RETROSPOT SMALL TUBE MATCHES,RETROSPOT CIGAR BOX MATCHES ,KINGS CHOICE GIANT TUBE MATCHES,HAND WARMER UNION JACK,12 MESSAGE CARDS WITH ENVELOPES
RETROSPOT HEART HOT WATER BOTTLE,SCOTTIE DOG HOT WATER BOTTLE,CHOCOLATE HOT WATER BOTTLE,GREY HEART HOT WATER BOTTLE,LOVE HOT WATER BOTTLE,CHICK GREY HOT WATER BOTTLE
RETROSPOT LAMP,SET OF 10 LED DOLLY LIGHTS,WHITE SPOT RED CERAMIC DRAWER KNOB,MEMO BOARD RETROSPOT  DESIGN,RED SPOT CERAMIC DRAWER KNOB,RED STRIPE CERAMIC DRAWER KNOB
RETROSPOT LARGE MILK JUG,RED RETROSPOT SMALL MILK JUG,RED RETROSPOT SUGAR JAM BOWL,RED RETROSPOT BUTTER DISH,RED RETROSPOT TRADITIONAL TEAPOT ,RED RETROSPOT MUG
RETROSPOT PADDED SEAT CUSHION,SET OF 16 VINTAGE BLACK CUTLERY,PURPLE FRANGIPANI NECKLACE,SET OF 6 FUNKY BEAKERS,PACK 3 BOXES CHRISTMAS PANETTONE,UNION STRIPE WITH FRINGE  HAMMOCK
RETROSPOT PARTY BAG + STICKER SET,WOODLAND PARTY BAG + STICKER SET,SKULLS PARTY BAG + STICKER SET,SET/6 RED SPOTTY PAPER PLATES,SET/6 RED SPOTTY PAPER CUPS,DINOSAUR PARTY BAG + STICKER SET
RETROSPOT RED WASHING UP GLOVES,BLUE POLKADOT WASHING UP GLOVES,FUNKY WASHING UP GLOVES ASSORTED,SET/2 RED RETROSPOT TEA TOWELS ,CLOTHES PEGS RETROSPOT PACK 24 ,RECIPE BOX RETROSPOT 
RETROSPOT SMALL TUBE MATCHES,RETROSPOT GIANT TUBE MATCHES,RETROSPOT CIGAR BOX MATCHES ,COSY HOUR CIGAR BOX MATCHES ,PLASTERS IN TIN SKULLS,PLASTERS IN TIN VINTAGE PAISLEY 
RETROSPOT TEA SET CERAMIC 11 PC ,BAKING SET 9 PIECE RETROSPOT ,BAKING SET SPACEBOY DESIGN,LUNCH BAG SPACEBOY DESIGN ,LUNCH BAG RED RETROSPOT,SET OF 6 SOLDIER SKITTLES
RETROSPOT WOODEN HEART DECORATION,CHRISTMAS RETROSPOT STAR WOOD,CHRISTMAS RETROSPOT TREE WOOD,CHRISTMAS RETROSPOT ANGEL WOOD,SET OF 2 CERAMIC PAINTED HEARTS ,WOODEN HEART CHRISTMAS SCANDINAVIAN
REVOLVER WOODEN RULER ,GIRAFFE WOODEN RULER,BUNDLE OF 3 SCHOOL EXERCISE BOOKS  ,BUNDLE OF 3 ALPHABET EXERCISE BOOKS,RABBIT NIGHT LIGHT,MINI PLAYING CARDS BUFFALO BILL 
REX CASH+CARRY JUMBO SHOPPER,SMALL WHITE HEART OF WICKER,IVORY WICKER HEART LARGE,LARGE WHITE HEART OF WICKER,HEART OF WICKER LARGE,WHITE HANGING HEART T-LIGHT HOLDER
RIBBON REEL CHRISTMAS PRESENT ,RIBBON REEL CHRISTMAS SOCK BAUBLE,RIBBON REEL MAKING SNOWMEN ,RIBBON REEL SOCKS AND MITTENS,RIBBON REEL SNOWY VILLAGE,SET OF 6 RIBBONS VINTAGE CHRISTMAS
RIBBON REEL CHRISTMAS SOCK BAUBLE,RIBBON REEL CHRISTMAS PRESENT ,RIBBON REEL SOCKS AND MITTENS,RIBBON REEL MAKING SNOWMEN ,RIBBON REEL SNOWY VILLAGE,60 CAKE CASES VINTAGE CHRISTMAS
RIBBON REEL FLORA + FAUNA ,RIBBON REEL HEARTS DESIGN ,RIBBON REEL STRIPES DESIGN ,RIBBON REEL POLKADOTS ,RIBBON REEL LACE DESIGN ,6 RIBBONS RUSTIC CHARM
RIBBON REEL HEARTS DESIGN ,RIBBON REEL FLORA + FAUNA ,RIBBON REEL STRIPES DESIGN ,RIBBON REEL POLKADOTS ,RIBBON REEL LACE DESIGN ,6 RIBBONS RUSTIC CHARM
RIBBON REEL LACE DESIGN ,RIBBON REEL POLKADOTS ,RIBBON REEL STRIPES DESIGN ,RIBBON REEL HEARTS DESIGN ,6 RIBBONS RUSTIC CHARM,RIBBON REEL FLORA + FAUNA 
RIBBON REEL MAKING SNOWMEN ,RIBBON REEL SNOWY VILLAGE,RIBBON REEL CHRISTMAS PRESENT ,RIBBON REEL CHRISTMAS SOCK BAUBLE,RIBBON REEL SOCKS AND MITTENS,60 CAKE CASES VINTAGE CHRISTMAS
RIBBON REEL POLKADOTS ,RIBBON REEL STRIPES DESIGN ,RIBBON REEL HEARTS DESIGN ,RIBBON REEL LACE DESIGN ,RIBBON REEL FLORA + FAUNA ,6 RIBBONS RUSTIC CHARM
RIBBON REEL SNOWY VILLAGE,RIBBON REEL MAKING SNOWMEN ,RIBBON REEL CHRISTMAS SOCK BAUBLE,RIBBON REEL CHRISTMAS PRESENT ,RIBBON REEL SOCKS AND MITTENS,PAPER CHAIN KIT VINTAGE CHRISTMAS
RIBBON REEL SOCKS AND MITTENS,RIBBON REEL CHRISTMAS PRESENT ,RIBBON REEL CHRISTMAS SOCK BAUBLE,RIBBON REEL MAKING SNOWMEN ,RIBBON REEL SNOWY VILLAGE,3D TRADITIONAL CHRISTMAS STICKERS
RIBBON REEL STRIPES DESIGN ,RIBBON REEL HEARTS DESIGN ,RIBBON REEL FLORA + FAUNA ,RIBBON REEL POLKADOTS ,RIBBON REEL LACE DESIGN ,6 RIBBONS RUSTIC CHARM
RIBBONS PURSE ,QUEEN OF THE SKIES HOLIDAY PURSE ,HANGING BUTTERFLY  EGG,DENIM PATCH PURSE PINK BUTTERFLY,LARGE ZINC GLASS CANDLEHOLDER,ROSE DU SUD CUSHION COVER 
RIDGED BONNE JAM JAR T-LIGHT HOLDER,COPPER AND BRASS BAG CHARM,IVORY GOLD METAL BAG CHARM,SMALL BONNE JAM JAR  T-LIGHT HOLDER,METALIC LEAVES BAG CHARMS,DOORKNOB CERAMIC IVORY
RIDGED GLASS FINGER BOWL,JARDIN ETCHED GLASS FRUITBOWL,BLUE  TILE HOOK,SMOKEY GREY COLOUR D.O.F. GLASS,GOLD WINE GOBLET,LARGE PINK GLASS SUNDAE DISH
RIDGED GLASS POSY VASE ,"GARLAND, MAGIC GARDEN 1.8M",ROSE PENDANT TRIPLE SHELL NECKLACE,PINK DAISY BAG CHARM,DROP DIAMANTE EARRINGS GREEN,PINK POLKADOT KIDS BAG
RIDGED GLASS STORAGE JAR CREAM LID,VINTAGE GLASS COFFEE CADDY,BLACK FLOWER CANDLE PLATE,EIGHT PIECE CREEPY CRAWLIE SET,FUNKY MONKEY MUG,PACK 4 FLOWER/BUTTERFLY PATCHES
RIDGED GLASS T-LIGHT HOLDER,PURPLE FRANGIPANI NECKLACE,DIAMANTE HAIR GRIP PACK/2 BLACK DIA,WHITE FRANGIPANI NECKLACE,DIAMANTE HAIR GRIP PACK/2 RUBY,DIAMANTE HAIR GRIP PACK/2 MONTANA
RING OF ROSES BIRTHDAY CARD,RAINY LADIES BIRTHDAY CARD,TEA PARTY BIRTHDAY CARD,VINTAGE KID DOLLY CARD ,CARD PARTY GAMES ,SPACEBOY BIRTHDAY CARD
RIVIERA NECKLACE,WHITE ROSEBUD & PEARL NECKLACE,WHITE/PINK MINI CRYSTALS NECKLACE,ORANGE/WHT/FUSCHIA STONES NECKLACE,ST TROPEZ NECKLACE,PINK ROSEBUD & PEARL NECKLACE
ROBIN CHRISTMAS CARD,SPACE FROG,BLACK CHRISTMAS TREE 60CM,SMALL SILVER TRELLIS CANDLEPOT,BLUE DRAGONFLY HELICOPTER,GLASS JAR PEACOCK BATH SALTS
ROBOT BIRTHDAY CARD,SPACEBOY BIRTHDAY CARD,CARD CIRCUS PARADE,TEA PARTY BIRTHDAY CARD,CARD DOLLY GIRL ,CARD SUKI BIRTHDAY
ROBOT MUG IN DISPLAY BOX,SET/3 FLORAL GARDEN TOOLS IN BAG,VINTAGE ZINC WATERING CAN,FUNKY FLOWER PICNIC BAG FOR 4,WOODEN BOX ADVENT CALENDAR ,HOLLY TOP CHRISTMAS STOCKING
ROCKING HORSE GREEN CHRISTMAS ,ROCKING HORSE RED CHRISTMAS ,SWALLOW WOODEN CHRISTMAS DECORATION,SET OF 3 WOODEN SLEIGH DECORATIONS,HEART WOODEN CHRISTMAS DECORATION,STAR WOODEN CHRISTMAS DECORATION
ROCKING HORSE RED CHRISTMAS ,ROCKING HORSE GREEN CHRISTMAS ,SET OF 3 WOODEN SLEIGH DECORATIONS,HEART WOODEN CHRISTMAS DECORATION,WOODEN STAR CHRISTMAS SCANDINAVIAN,WOODEN HEART CHRISTMAS SCANDINAVIAN
ROCOCO WALL MIROR,KEEP CALM WALL ART ,BOTANICAL GARDENS WALL CLOCK ,CARDHOLDER HOLLY WREATH METAL,LARGE IVORY HEART WALL ORGANISER,HEART SHAPED HOLLY WREATH
ROCOCO WALL MIRROR WHITE,ANGEL DECORATION WITH LACE PADDED,HEART MIRROR ANTIQUE WHITE,PINK GREEN EMBROIDERY COSMETIC BAG,WOOD 2 DRAWER CABINET WHITE FINISH,HEART MINI PORTRAIT FRAME
ROLL WRAP 50'S CHRISTMAS,ROLL WRAP 50'S RED CHRISTMAS ,6 GIFT TAGS 50'S CHRISTMAS ,ROLL WRAP VINTAGE CHRISTMAS,ROLL WRAP VINTAGE SPOT ,6 GIFT TAGS VINTAGE CHRISTMAS 
ROLL WRAP 50'S RED CHRISTMAS ,ROLL WRAP 50'S CHRISTMAS,ROLL WRAP VINTAGE SPOT ,ROLL WRAP VINTAGE CHRISTMAS,6 GIFT TAGS 50'S CHRISTMAS ,BOX OF 6 MINI 50'S CRACKERS
ROLL WRAP VINTAGE CHRISTMAS,ROLL WRAP VINTAGE SPOT ,6 GIFT TAGS VINTAGE CHRISTMAS ,ROLL WRAP 50'S CHRISTMAS,ROLL WRAP 50'S RED CHRISTMAS ,BOX OF 6 MINI VINTAGE CRACKERS
ROLL WRAP VINTAGE SPOT ,ROLL WRAP VINTAGE CHRISTMAS,ROLL WRAP 50'S RED CHRISTMAS ,ROLL WRAP 50'S CHRISTMAS,6 GIFT TAGS VINTAGE CHRISTMAS ,6 GIFT TAGS 50'S CHRISTMAS 
ROMANTIC IMAGES GIFT WRAP SET,BLOSSOM IMAGES GIFT WRAP SET,CURIOUS IMAGES GIFT WRAP SET,YULETIDE IMAGES GIFT WRAP SET,ENVELOPE 50 BLOSSOM IMAGES,SET OF 2 CHRISTMAS DECOUPAGE CANDLE
ROMANTIC IMAGES NOTEBOOK SET,CURIOUS  IMAGES NOTEBOOK SET,BLOSSOM  IMAGES NOTEBOOK SET,ENVELOPE 50 CURIOUS IMAGES,PACK 4 FLOWER/BUTTERFLY PATCHES,GLASS CAKE COVER AND PLATE
ROMANTIC IMAGES SCRAP BOOK SET,ASSORTED COLOUR SILK GLASSES CASE,MUMMY MOUSE RED GINGHAM RIBBON,BLOSSOM IMAGES SCRAP BOOK SET,YELLOW/ORANGE FLOWER DESIGN PLATE,PINK RETRO BIG FLOWER BAG
ROMANTIC PINKS RIBBONS ,CHOCOLATE BOX RIBBONS ,BRIGHT BLUES RIBBONS ,SCANDINAVIAN REDS RIBBONS,BABY BOOM RIBBONS ,URBAN BLACK RIBBONS 
ROSE 1 WICK MORRIS BOXED CANDLE,CHOCOLATE 1 WICK MORRIS BOX CANDLE,ROSE 3 WICK MORRIS BOX CANDLE,GARDENIA 1 WICK MORRIS BOXED CANDLE,3 ROSE MORRIS BOXED CANDLES,3 GARDENIA MORRIS BOXED CANDLES
ROSE 3 WICK MORRIS BOX CANDLE,CHOCOLATE 3 WICK MORRIS BOX CANDLE,3 ROSE MORRIS BOXED CANDLES,GARDENIA 3 WICK MORRIS BOXED CANDLE,ROSE 1 WICK MORRIS BOXED CANDLE,CHOCOLATE 1 WICK MORRIS BOX CANDLE
ROSE CARAVAN DOORSTOP,GINGHAM HEART  DOORSTOP RED,SPOTTY PINK DUCK DOORSTOP,DOORSTOP RETROSPOT HEART,RETROSPOT CANDLE  MEDIUM,VINTAGE UNION JACK DOORSTOP
ROSE COLOUR PAIR HEART HAIR SLIDES,MIDNIGHT BLUE PAIR HEART HAIR SLIDE,CLASSIC DIAMANTE EARRINGS JET,BLACK 3 BEAD DROP EARRINGS,PURPLE ENAMEL FLOWER HAIR TIE,"GARLAND, MAGIC GARDEN 1.8M"
ROSE COTTAGE KEEPSAKE BOX ,MEMO BOARD COTTAGE DESIGN,SEWING BOX RETROSPOT DESIGN ,ROUND SNACK BOXES SET OF 4 SKULLS,SPACEBOY LUNCH BOX ,FELTCRAFT BOY JEAN-PAUL KIT
ROSE DU SUD COSMETICS BAG,ROSE DU SUD WASHBAG ,PINK BUTTERFLY WASHBAG,PINK/AMETHYST/GOLD NECKLACE,"GARLAND, MAGIC GARDEN 1.8M",CLASSIC DIAMANTE EARRINGS JET
ROSE DU SUD CUSHION COVER,ORANGE FELT VASE + FLOWERS,POLYESTER FILLER PAD 60x40cm,HEN HOUSE W CHICK IN NEST,LUNCH BAG RED SPOTTY,MISELTOE HEART WREATH CREAM
ROSE DU SUD CUSHION COVER ,HEN HOUSE W CHICK IN NEST,POLYESTER FILLER PAD 60x40cm,ORANGE FELT VASE + FLOWERS,GLASS CAKE COVER AND PLATE,BOTANICAL LILY GIFT WRAP
ROSE DU SUD DRAWSTRING BAG,FUSCHIA VOILE POINTY SHOE DEC,CROCHET WHITE RABBIT KEYRING ,AQUA BERTIE GLASS BEAD BAG CHARM,PINK BERTIE GLASS BEAD BAG CHARM,S/6 SEW ON CROCHET FLOWERS
ROSE DU SUD OVEN GLOVE,IVORY PENDANT TRIPLE SHELL NECKLACE,CRAZY DAISY HEART DECORATION,MUM'S KITCHEN CLOCK,PINK POT PLANT CANDLE,GLASS JAR MARMALADE 
ROSE DU SUD WASHBAG ,ROSE DU SUD COSMETICS BAG,"FLOWER GLASS GARLD NECKL36""TURQUOIS",PINK/AMETHYST/GOLD NECKLACE,"FLOWER GLASS GARLAND NECKL.36""BLACK",ANTIQUE RASPBERRY FLOWER EARRINGS
ROSE FLOWER CANDLE+INCENSE 16X16CM,SMALL SINGLE FLAME CANDLE HOLDER,S/4 BLACK MINI ROSE CANDLE IN BOWL,YELLOW POT PLANT CANDLE,PINK PILLAR CANDLE SILVER FLOCK,SET/3 POT PLANT CANDLES
ROSE FOLKART HEART DECORATIONS,DAISY FOLKART HEART DECORATION,HEART FILIGREE DOVE  SMALL,BEADED CRYSTAL HEART PINK LARGE,HANGING WOOD AND FELT BUTTERFLY ,HEART IVORY TRELLIS SMALL
ROSE PENDANT TRIPLE SHELL NECKLACE,DROP DIAMANTE EARRINGS GREEN,DOORKNOB CERAMIC IVORY,LARGE BLACK DIAMANTE HAIRSLIDE,DIAMANTE HAIR GRIP PACK/2 CRYSTAL,DIAMANTE HAIR GRIP PACK/2 PERIDOT
ROSE SCENT CANDLE IN JEWELLED BOX,OCEAN SCENT CANDLE IN JEWELLED BOX,VANILLA SCENT CANDLE JEWELLED BOX,SET/3 VANILLA SCENTED CANDLE IN BOX,SET/3 ROSE CANDLE IN JEWELLED BOX,ROSE SCENT CANDLE JEWELLED DRAWER
ROSE SCENT CANDLE JEWELLED DRAWER,VANILLA SCENT CANDLE JEWELLED BOX,OCEAN SCENT CANDLE IN JEWELLED BOX,SET/3 VANILLA SCENTED CANDLE IN BOX,ROSE SCENT CANDLE IN JEWELLED BOX,SET/3 ROSE CANDLE IN JEWELLED BOX
ROSES REGENCY TEACUP AND SAUCER ,GREEN REGENCY TEACUP AND SAUCER,PINK REGENCY TEACUP AND SAUCER,REGENCY TEA PLATE ROSES ,REGENCY TEAPOT ROSES ,REGENCY MILK JUG PINK 
ROTATING LEAVES T-LIGHT HOLDER,ROTATING SILVER ANGELS T-LIGHT HLDR,CHRYSANTHEMUM NOTEBOOK,12 PENCIL SMALL TUBE WOODLAND,CHARLIE + LOLA RED HOT WATER BOTTLE,STAR  T-LIGHT HOLDER 
ROTATING SILVER ANGELS T-LIGHT HLDR,ROTATING LEAVES T-LIGHT HOLDER,SET 6 PAPER TABLE LANTERN STARS ,PACK OF SIX LED TEA LIGHTS,WHITE HANGING HEART T-LIGHT HOLDER,RABBIT NIGHT LIGHT
ROUND ARTICULATED PINK CLOCK W/SUCK,GOLD APERITIF GLASS,JAM JAR WITH BLUE LID,BIRD ON BRANCH CANVAS SCREEN,BLUE BREAKFAST CUP AND SAUCER ,CD WALL TIDY BLUE OFFICE
ROUND BLUE CLOCK WITH SUCKER,ROUND PURPLE CLOCK WITH SUCKER,ROUND ARTICULATED PINK CLOCK W/SUCK,PASTEL BLUE PHOTO ALBUM ,FLOWER PURPLE CLOCK WITH SUCKER,FLOWER BLUE CLOCK WITH SUCKER
ROUND CACTUS CANDLE,PACK 4 FLOWER/BUTTERFLY PATCHES,MIRROR LOVE BIRD T-LIGHT HOLDER,GOLD FABRIC MIRROR,PURPLE FRANGIPANI NECKLACE,"SILICON CUBE 25W, BLUE"
ROUND CAKE TIN VINTAGE GREEN,BISCUIT TIN VINTAGE GREEN,ROUND CAKE TIN VINTAGE RED,BISCUIT TIN VINTAGE RED,3 TIER CAKE TIN GREEN AND CREAM,3 TIER CAKE TIN RED AND CREAM
ROUND CAKE TIN VINTAGE RED,BISCUIT TIN VINTAGE RED,ROUND CAKE TIN VINTAGE GREEN,BISCUIT TIN VINTAGE GREEN,3 TIER CAKE TIN RED AND CREAM,3 TIER CAKE TIN GREEN AND CREAM
ROUND CONTAINER SET OF 5 RETROSPOT,PICNIC BOXES SET OF 3 RETROSPOT ,ROUND SNACK BOXES SET OF4 WOODLAND ,ROUND SNACK BOXES SET OF 4 FRUITS ,CIRCUS PARADE LUNCH BOX ,WALL TIDY RETROSPOT 
ROUND PINK HEART MIRROR,"PEARL & SHELL 42""NECKL. IVORY",PINK HEART SHAPE PHOTO FRAME,ASSTD COL BUTTERFLY/CRYSTAL W/CHIME,"DIAMANTE HEART SHAPED WALL MIRROR, ",PINK SMALL JEWELLED PHOTOFRAME
ROUND PURPLE CLOCK WITH SUCKER,ROUND BLUE CLOCK WITH SUCKER,FOLK ART METAL HEART T-LIGHT HOLDER,PASTEL BLUE PHOTO ALBUM ,PURPLE FRANGIPANI NECKLACE,FLOWER BLUE CLOCK WITH SUCKER
ROUND SNACK BOXES SET OF 4 FRUITS ,ROUND SNACK BOXES SET OF4 WOODLAND ,ROUND SNACK BOXES SET OF 4 SKULLS,STRAWBERRY LUNCH BOX WITH CUTLERY,CIRCUS PARADE LUNCH BOX ,SPACEBOY LUNCH BOX 
ROUND SNACK BOXES SET OF 4 SKULLS,ROUND SNACK BOXES SET OF4 WOODLAND ,ROUND SNACK BOXES SET OF 4 FRUITS ,SKULL LUNCH BOX WITH CUTLERY ,LUNCH BAG  BLACK SKULL.,STRAWBERRY LUNCH BOX WITH CUTLERY
ROUND SNACK BOXES SET OF4 WOODLAND ,ROUND SNACK BOXES SET OF 4 FRUITS ,ROUND SNACK BOXES SET OF 4 SKULLS,SPACEBOY LUNCH BOX ,LUNCH BAG WOODLAND,CIRCUS PARADE LUNCH BOX 
ROUND STORAGE TIN VINTAGE LEAF,STORAGE TIN VINTAGE LEAF,SET OF 4 KNICK KNACK TINS LEAF,SET OF 60 VINTAGE LEAF CAKE CASES ,VINTAGE LEAF MAGNETIC NOTEPAD,SET OF 4 KNICK KNACK TINS POPPIES
ROUND WHITE CONFETTI IN TUBE,LIGHT DECORATION BATTERY OPERATED,CLASSIC DIAMANTE EARRINGS JET,ORANGE PENDANT TRIPLE SHELL NECKLAC,MONTANA DIAMOND CLUSTER EARRINGS,DIAMANTE HAIR GRIP PACK/2 CRYSTAL
RUBY DROP CHANDELIER EARRINGS,ORANGE PENDANT TRIPLE SHELL NECKLAC,2 DAISIES HAIR COMB,ROSE PENDANT TRIPLE SHELL NECKLACE,"GARLAND, MAGIC GARDEN 1.8M",PURPLE ENAMEL FLOWER HAIR TIE
RUBY GLASS CLUSTER BRACELET,PINK ROSEBUD & PEARL NECKLACE,BLACK/WHITE GLASS/SILVER BRACELET,SILVER M.O.P. ORBIT NECKLACE,MIDNIGHT BLUE GLASS/SILVER BRACELET,ASSTD COL BUTTERFLY/CRYSTAL W/CHIME
RUBY GLASS CLUSTER EARRINGS,RUBY GLASS CLUSTER EARRINGS,DROP EARRINGS W FLOWER & LEAF,5 STRAND GLASS NECKLACE AMBER,DIAMANTE NECKLACE GREEN,SILVER 2 STRAND NECKLACE-LEAF CHARM
RUBY GLASS CLUSTER NECKLACE,AMBER GLASS/SHELL/PEARL NECKLACE,DIAMANTE NECKLACE BLACK ,CLASSIC DIAMANTE NECKLACE JET,RUBY GLASS CLUSTER NECKLACE,JET BLACK LAS VEGAS NECKLACE 45CM
RUSTIC  SEVENTEEN DRAWER SIDEBOARD,MONTANA DIAMOND CLUSTER EARRINGS,"GARLAND, MAGIC GARDEN 1.8M",BLACK 3 BEAD DROP EARRINGS,ORANGE PENDANT TRIPLE SHELL NECKLAC,DAISY HAIR COMB
RUSTIC MIRROR WITH LACE HEART,PHOTO FRAME LINEN AND LACE SMALL,HOME SWEET HOME BLACKBOARD,PHOTO FRAME LINEN AND LACE LARGE,LETTER HOLDER HOME SWEET HOME,SHELF WITH 4 HOOKS HOME SWEET HOME
RUSTIC STRAWBERRY JAM POT LARGE ,RUSTIC STRAWBERRY JAM POT SMALL,PEARL AND CHERRY QUARTZ BRACLET,PACK 4 FLOWER/BUTTERFLY PATCHES,SILVER AND BLACK ORBIT NECKLACE,HARDMAN MUG 3 ASSORTED
RUSTIC STRAWBERRY JAM POT SMALL,RUSTIC STRAWBERRY JAM POT LARGE ,JAM JAR WITH BLUE LID,BIRD ON BRANCH CANVAS SCREEN,GOLD APERITIF GLASS,SET/5 RED SPOTTY LID GLASS BOWLS
RUSTIC STRAWBERRY JAMPOT LARGE ,RUSTIC STRAWBERRY JAMPOT SMALL,SET 8 CANDLES VINTAGE DOILEY,SET/5 RED SPOTTY LID GLASS BOWLS,PEG BAG APPLE DESIGN,MISELTOE HEART WREATH CREAM
RUSTIC STRAWBERRY JAMPOT SMALL,RUSTIC STRAWBERRY JAMPOT LARGE ,SET OF 12 T-LIGHTS VINTAGE DOILEY,SET 8 CANDLES VINTAGE DOILEY,PACK OF 12 DOILEY TISSUES,ZINC  STAR T-LIGHT HOLDER 
"RUSTIC WOODEN CABINET, GLASS DOORS","BREAD BIN, DINER STYLE, IVORY","BREAD BIN, DINER STYLE, MINT",MULTICOLOUR POLKADOT PLATE,WHITE STITCHED CUSHION COVER,BEACH HUT SHELF W 3 DRAWERS
S/12 MINI RABBIT EASTER,BUNNY EGG GARLAND,EASTER BUNNY GARLAND OF FLOWERS,PACK OF 12 STICKY BUNNIES,HANGING SPRING FLOWER EGG SMALL,GREEN METAL SWINGING BUNNY
S/12 VANILLA  BOTANICAL T-LIGHTS,SET 12 LAVENDER  BOTANICAL T-LIGHTS,SILVER LATTICE VANILLA CANDLE POT,SET OF 12 ROSE BOTANICAL T-LIGHTS,4 LILY  BOTANICAL DINNER CANDLES,BLUE GINGHAM ROSE CUSHION COVER
S/15 SILVER GLASS BAUBLES IN BAG,SMALL FOLKART STAR CHRISTMAS DEC,PINK GOOSE FEATHER TREE 60CM,ROUND CACTUS CANDLE,PACK 4 FLOWER/BUTTERFLY PATCHES,POLYESTER FILLER PAD 60x40cm
S/2 BEACH HUT TREASURE CHESTS,PINK RIVIERA HANDBAG,BEACH HUT KEY CABINET,BEACH HUT MIRROR,GOLD STANDING GNOME,SUNFLOWER DECORATIVE PARASOL
S/2 ZINC HEART DESIGN PLANTERS,SILVER CHRISTMAS TREE BAUBLE STAND ,STEEL SWEETHEART ROUND TABLE CREAM,ZINC HEARTS PLANT POT HOLDER,CLEAR STATIONERY BOX SET ,NEW BAROQUE B'FLY NECKLACE GREEN
S/3 PINK SQUARE PLANTERS ROSES,"POCKET MIRROR ""GLAMOROUS""",CANDY SPOT TEA COSY,PINK GAUZE BUTTERFLY LAMPSHADE,CHERRY BLOSSOM CANVAS ART PICTURE,4 SKY BLUE DINNER CANDLES
S/3 POT POURI CUSHIONS BLUE COLOURS,PACK 4 FLOWER/BUTTERFLY PATCHES,PINK HYDRANGEA ART FLOWER,ST GEORGE SET OF 10 PARTY LIGHTS,PURPLE FRANGIPANI NECKLACE,GOLD COSMETIC BAG PINK STAR
S/4 BLACK MINI ROSE CANDLE IN BOWL,FUNKY MONKEY MUG,ROSE FLOWER CANDLE+INCENSE 16X16CM,FIRST CLASS HOLIDAY PURSE ,DOTCOM POSTAGE,BIRD ON BRANCH CANVAS SCREEN
S/4 CACTI CANDLES,CACTI T-LIGHT CANDLES,SET OF 6 T-LIGHTS CACTI ,BOX OF 9 PEBBLE CANDLES,FIRST CLASS HOLIDAY PURSE ,SET/6 FROG PRINCE T-LIGHT CANDLES
S/4 GROOVY CAT MAGNETS,BLUE CAT BISCUIT BARREL PINK HEART,JAM JAR WITH BLUE LID,GOLD APERITIF GLASS,PACK 4 FLOWER/BUTTERFLY PATCHES,GREEN CAT FLORAL CUSHION COVER 
"S/4 ICON COASTER,ELVIS LIVES",GREEN POP ART MAO CUSHION COVER ,SET OF 3 CONEY ISLAND OVAL BOXES,FLAG OF ST GEORGE ,UNION FLAG WINDSOCK,HEART SHAPED MIRROR
S/4 IVORY MINI ROSE CANDLE IN BOWL,S/4 PINK FLOWER CANDLES IN BOWL,SET/4 BLUE FLOWER CANDLES IN BOWL,SET/4 RED MINI ROSE CANDLE IN BOWL,SILVER GLASS T-LIGHT SET,S/4 BLACK MINI ROSE CANDLE IN BOWL
S/4 PINK FLOWER CANDLES IN BOWL,SET/4 BLUE FLOWER CANDLES IN BOWL,S/4 IVORY MINI ROSE CANDLE IN BOWL,SET/4 RED MINI ROSE CANDLE IN BOWL,SET/6 PINK  BUTTERFLY T-LIGHTS,SET/6 TURQUOISE BUTTERFLY T-LIGHTS
S/4 VALENTINE DECOUPAGE HEART BOX,CERAMIC LOVE HEART MONEY BANK,SMALL RED BABUSHKA NOTEBOOK ,"SWISS ROLL TOWEL, CHOCOLATE  SPOTS","SWISS ROLL TOWEL, PINK  SPOTS",PINK  HEART CONFETTI IN TUBE
S/6 SEW ON CROCHET FLOWERS,PEG BAG APPLE DESIGN,FRYING PAN RED POLKADOT ,SET/5 RED SPOTTY LID GLASS BOWLS,MISELTOE HEART WREATH CREAM,TEA TIME BREAKFAST BASKET
S/6 WOODEN SKITTLES IN COTTON BAG,TRADITIONAL WOODEN SKIPPING ROPE,TRADITIONAL WOODEN CATCH CUP GAME ,4 TRADITIONAL SPINNING TOPS,TRADITIONAL KNITTING NANCY,VINTAGE SNAKES & LADDERS
SALLE DE BAIN HOOK,HOT BATHS SOAP HOLDER,FAIRY SOAP SOAP HOLDER,METAL 4 HOOK HANGER FRENCH CHATEAU,BEWARE OF THE CAT METAL SIGN ,CREAM CUPID HEARTS COAT HANGER
SANDALWOOD FAN,PAPER POCKET TRAVELING FAN ,ASSORTED COLOURS SILK FAN,VINTAGE BEAD PINK SHADE ,PASTEL BLUE PHOTO ALBUM ,"RETRO PILL BOX KEY CHAIN,THE KING"
SANDWICH BATH SPONGE,APPLE BATH SPONGE,STRAWBERRY BATH SPONGE ,GOLD COSMETIC BAG PINK STAR,PURPLE FRANGIPANI NECKLACE,COOKING SET RETROSPOT
SAVE THE PLANET COTTON TOTE BAG,WOODLAND DESIGN  COTTON TOTE BAG,LETS GO SHOPPING COTTON TOTE BAG,RABBIT  DESIGN  COTTON TOTE BAG,LOLITA  DESIGN  COTTON TOTE BAG,AIRLINE BAG VINTAGE JET SET WHITE
SAVE THE PLANET MUG,HOME SWEET HOME MUG,VINTAGE BILLBOARD LOVE/HATE MUG,VINTAGE BILLBOARD DRINK ME MUG,GLAMOROUS  MUG,KINGS CHOICE MUG
SAVOY ART DECO CLOCK,BLACK CHAMPAGNE GLASS,SILVER APERITIF GLASS,WHITE STITCHED WALL CLOCK,COLUMBIAN CANDLE ROUND ,GOLD APERITIF GLASS
SCALLOP SHELL SOAP DISH,BLUE SQUARE COMPACT MIRROR,PACK/12 XMAS FUN CARD,BLUE ROUND COMPACT MIRROR,MIRROR MOSAIC T-LIGHT HOLDER ROUND,GLASS CHALICE GREEN  SMALL 
SCANDINAVIAN 3 HEARTS NAPKIN RING,CANDY SPOT CUSHION COVER,PINK & WHITE ROSEBUD RING,YULETIDE IMAGES GIFT WRAP SET,HOME GARLAND PAINTED ZINC ,FLOWERS TILE COASTER
SCANDINAVIAN PAISLEY PICNIC BAG,PINK VINTAGE PAISLEY PICNIC BAG,LUNCH BAG RED RETROSPOT,LUNCH BAG SUKI DESIGN ,RED RETROSPOT PICNIC BAG,LUNCH BAG PINK POLKADOT
SCANDINAVIAN REDS RIBBONS,ROMANTIC PINKS RIBBONS ,TRADITIONAL CHRISTMAS RIBBONS,CHOCOLATE BOX RIBBONS ,6 RIBBONS RUSTIC CHARM,BRIGHT BLUES RIBBONS 
SCENTED CANDLE IN DIGITALIS TIN,WHITE BEADED GARLAND STRING 20LIGHT,SILVER LOOKING MIRROR,VINTAGE POST OFFICE CABINET,WHITE HEART OF GLASS BRACELET,LITTLE GREEN MONSTER SOFT TOY
SCENTED VELVET LOUNGE CANDLE ,3 ROSE MORRIS BOXED CANDLES,3 WHITE CHOC MORRIS BOXED CANDLES,"SILICON CUBE 25W, BLUE",PURPLE FRANGIPANI NECKLACE,ORIGAMI SANDLEWOOD INCENSE/CAND SET
SCHOOL DESK AND CHAIR , I LOVE LONDON MINI RUCKSACK,SET 12 COLOURING PENCILS DOILEY,BLUE/YELLOW CERAMIC CANDLE HOLDER,GREEN/BLUE CERAMIC CANDLE HOLDER,SET 36 COLOURING PENCILS DOILEY
SCOTTIE DOG HOT WATER BOTTLE,RETROSPOT HEART HOT WATER BOTTLE,CHOCOLATE HOT WATER BOTTLE,HOT WATER BOTTLE KEEP CALM,HOT WATER BOTTLE I AM SO POORLY,LOVE HOT WATER BOTTLE
SCOTTIE DOGS BABY BIB,CAROUSEL PONIES BABY BIB,MINI JIGSAW LEAP FROG,RED RETROSPOT TISSUE BOX,"CHARLIE+LOLA""EXTREMELY BUSY"" SIGN",CHILDRENS APRON SPACEBOY DESIGN
SCOTTIES CHILDRENS APRON,GARDEN PATH NOTEBOOK ,WHITE ROSEBUD & PEARL NECKLACE,FUNKY MONKEY MUG,WHITE/PINK MINI CRYSTALS NECKLACE,PINK POLKADOT KIDS BAG
SCOTTIES DESIGN WASHBAG,CAROUSEL DESIGN WASHBAG,TURQ ICE CREAM BUM BAG ,PURPLE FRANGIPANI NECKLACE,WASH BAG VINTAGE ROSE PAISLEY,ROSE DU SUD CUSHION COVER
SEASIDE FLYING DISC,TRADITIONAL MODELLING CLAY,PINK HEART RED HANDBAG,DINOSAUR HEIGHT CHART STICKER SET,TV DINNER TRAY DOLLY GIRL,SET OF 72 GREEN PAPER DOILIES
SET 10 CARDS HANGING BAUBLES 17080,MR ROBOT SOFT TOY,I LOVE LONDON BABY GIFT SET,GREEN 3 PIECE POLKADOT CUTLERY SET,TOY TIDY DOLLY GIRL DESIGN,PAPER CHAIN KIT SKULLS 
SET 10 LIGHTS NIGHT OWL,BABUSHKA LIGHTS STRING OF 10,SET 10 NIGHT OWL LIGHTS,SILVER FLOWR PINK SHELL NECKLACE,CHILLI LIGHTS,DOLLY GIRL WALL ART
SET 10 NIGHT OWL LIGHTS,BABUSHKA LIGHTS STRING OF 10,"ART LIGHTS,FUNK MONKEY",SET 10 LIGHTS NIGHT OWL,LIGHT GARLAND BUTTERFILES PINK,WOODEN OWLS LIGHT GARLAND 
SET 12 COLOUR PENCILS DOILEY,"WALL ART , THE MAGIC FOREST ","WALL ART,ONLY ONE PERSON ",PACK OF 12 DOILEY TISSUES,PLAYING CARDS VINTAGE DOILEY ,FOLDING MIRROR IVORY 
SET 12 COLOUR PENCILS DOLLY GIRL ,SET 12 COLOUR PENCILS SPACEBOY ,SET 12 COLOURING PENCILS DOILY,12 PENCIL SMALL TUBE WOODLAND,SET 12 COLOUR PENCILS LOVE LONDON,MINI PLAYING CARDS DOLLY GIRL 
SET 12 COLOUR PENCILS LOVE LONDON,PLAYING CARDS I LOVE LONDON ,12 PENCIL SMALL TUBE WOODLAND,SET 12 COLOUR PENCILS SPACEBOY ,SET 12 COLOURING PENCILS DOILY,SET 36 COLOUR PENCILS LOVE LONDON
SET 12 COLOUR PENCILS SPACEBOY ,SET 12 COLOUR PENCILS DOLLY GIRL ,12 PENCIL SMALL TUBE WOODLAND,SET 12 COLOURING PENCILS DOILY,12 PENCILS SMALL TUBE RED RETROSPOT,SET 12 COLOUR PENCILS LOVE LONDON
SET 12 COLOURING PENCILS DOILEY,SET 36 COLOURING PENCILS DOILEY,SET 12 COLOURING PENCILS DOILEY,PLAYING CARDS VINTAGE DOILEY ,WRAP  VINTAGE DOILEY ,WOODLAND MINI RUCKSACK 
SET 12 COLOURING PENCILS DOILY,SET 12 COLOUR PENCILS SPACEBOY ,SET 12 COLOUR PENCILS DOLLY GIRL ,SET 12 COLOUR PENCILS LOVE LONDON,12 PENCILS SMALL TUBE RED RETROSPOT,12 PENCIL SMALL TUBE WOODLAND
SET 12 KIDS  WHITE CHALK STICKS,SET 12 KIDS COLOUR  CHALK STICKS,SET 12 RETRO WHITE CHALK STICKS,BUNDLE OF 3 ALPHABET EXERCISE BOOKS,PACK OF 12 TRADITIONAL CRAYONS,WORLD WAR 2 GLIDERS ASSTD DESIGNS
SET 12 KIDS COLOUR  CHALK STICKS,SET 12 KIDS  WHITE CHALK STICKS,SET 12 RETRO WHITE CHALK STICKS,PACK OF 12 TRADITIONAL CRAYONS,PACK OF 12 COLOURED PENCILS,WORLD WAR 2 GLIDERS ASSTD DESIGNS
SET 12 LAVENDER  BOTANICAL T-LIGHTS,S/12 VANILLA  BOTANICAL T-LIGHTS,SET OF 12 ROSE BOTANICAL T-LIGHTS,LILAC VOTIVE CANDLE,SMALL SILVER TRELLIS CANDLEPOT,4 LILY  BOTANICAL DINNER CANDLES
SET 12 RETRO WHITE CHALK STICKS,SET 12 KIDS COLOUR  CHALK STICKS,SET 12 KIDS  WHITE CHALK STICKS,NATURAL SLATE CHALKBOARD LARGE ,GARDENERS KNEELING PAD CUP OF TEA ,NATURAL SLATE HEART CHALKBOARD 
SET 12 VINTAGE DOILY CHALK ,SET 12 RETRO WHITE CHALK STICKS,JUMBO BAG PAISLEY PARK,VINTAGE DOILY JUMBO BAG RED ,BICYCLE PUNCTURE REPAIR KIT ,GARDENERS KNEELING PAD KEEP CALM 
SET 2 PANTRY DESIGN TEA TOWELS,COTTON APRON PANTRY DESIGN,SET OF 3 CAKE TINS PANTRY DESIGN ,PACK OF 20 NAPKINS PANTRY DESIGN,SET OF 6 SPICE TINS PANTRY DESIGN,PANTRY ROLLING PIN
SET 2 TEA TOWELS I LOVE LONDON , SET 2 TEA TOWELS I LOVE LONDON ,PLAYING CARDS I LOVE LONDON ,SET OF 4 KNICK KNACK TINS LONDON ,PACK OF 12 LONDON TISSUES ,SET 36 COLOUR PENCILS LOVE LONDON
SET 20 NAPKINS FAIRY CAKES DESIGN ,SET/20 STRAWBERRY PAPER NAPKINS ,PACK OF 20 NAPKINS PANTRY DESIGN,SET/20 RED RETROSPOT PAPER NAPKINS ,60 TEATIME FAIRY CAKE CASES,PACK OF 20 NAPKINS RED APPLES
SET 3 PAPER VINTAGE CHICK PAPER EGG,SET 3 SONG BIRD PAPER EGGS ASSORTED,EASTER TIN BUNNY BOUQUET,EASTER TIN KEEPSAKE,EASTER TIN CHICKS PINK DAISY,GARLAND WOODEN HAPPY EASTER
"SET 3 RETROSPOT TEA,COFFEE,SUGAR",RED SPOTTY BISCUIT TIN,RED RETROSPOT ROUND CAKE TINS,RED RETROSPOT SUGAR JAM BOWL,RED RETROSPOT BUTTER DISH,RECIPE BOX RETROSPOT 
SET 3 SONG BIRD PAPER EGGS ASSORTED,SET 3 PAPER VINTAGE CHICK PAPER EGG,EASTER TIN KEEPSAKE,EASTER TIN BUNNY BOUQUET,EASTER TIN CHICKS PINK DAISY,GINGERBREAD MAN COOKIE CUTTER
SET 3 WICKER OVAL BASKETS W LIDS,SET 3 WICKER STORAGE BASKETS ,VINTAGE PINK DECORATIVE PARASOL,PURPLE DRESS JEWELLERY STAND,BIRD ON BRANCH CANVAS SCREEN,DANISH ROSE FOLDING CHAIR
SET 3 WICKER STORAGE BASKETS ,SET 3 WICKER OVAL BASKETS W LIDS,FRENCH ENAMEL POT W LID,IVORY WIRE SWEETHEART LETTER TRAY,PURPLE FRANGIPANI NECKLACE,ACRYLIC GEOMETRIC LAMP
SET 36 COLOUR PENCILS DOILEY,"WALL ART,ONLY ONE PERSON ",PLAYING CARDS VINTAGE DOILEY ,"WALL ART , LOVES' SECRET ","WALL ART ,PUDDINGS ",FOLDING MIRROR RED  
SET 36 COLOUR PENCILS DOLLY GIRL,SET 36 COLOUR PENCILS SPACEBOY ,SET 36 COLOURING PENCILS DOILY,SET 36 COLOUR PENCILS LOVE LONDON,DOLLY GIRL MINI BACKPACK,SPACEBOY BEAKER
SET 36 COLOUR PENCILS LOVE LONDON,PLAYING CARDS I LOVE LONDON ,SET 12 COLOUR PENCILS LOVE LONDON,SET 2 TEA TOWELS I LOVE LONDON ,SET 36 COLOUR PENCILS SPACEBOY ,SET 36 COLOURING PENCILS DOILY
SET 36 COLOUR PENCILS SPACEBOY ,SET 36 COLOUR PENCILS DOLLY GIRL,SET 36 COLOURING PENCILS DOILY,SET 36 COLOUR PENCILS LOVE LONDON,36 PENCILS TUBE RED RETROSPOT,SPACEBOY BEAKER
SET 36 COLOURING PENCILS DOILEY,SET 36 COLOURING PENCILS DOILEY,SET 12 COLOURING PENCILS DOILEY,PLAYING CARDS VINTAGE DOILEY ,WRAP  VINTAGE DOILEY ,WOODLAND MINI RUCKSACK 
SET 36 COLOURING PENCILS DOILY,SET 36 COLOUR PENCILS SPACEBOY ,SET 36 COLOUR PENCILS DOLLY GIRL,36 PENCILS TUBE SKULLS,SET 36 COLOUR PENCILS LOVE LONDON,SET 12 COLOURING PENCILS DOILY
SET 4 NURSERY DES ROUND BOXES,SET OF 3 PINK FLYING DUCKS,CANDY SPOT CUSHION COVER,"FLOWER GLASS GARLAND NECKL.36""BLUE",YELLOW/ORANGE FLOWER DESIGN PLATE,PINK BUTTERFLY CUSHION COVER 
SET 4 PICNIC CUTLERY BLUEBERRY,SET 4 PICNIC CUTLERY FONDANT,SET 4 PICNIC CUTLERY CHERRY , TOADSTOOL BEDSIDE LIGHT ,PACK 4 FLOWER/BUTTERFLY PATCHES,GOLD COSMETIC BAG PINK STAR
SET 4 PICNIC CUTLERY CHERRY ,SET 4 PICNIC CUTLERY FONDANT,SET 4 PICNIC CUTLERY BLUEBERRY, TOADSTOOL BEDSIDE LIGHT ,VEGETABLE MAGNETIC  SHOPPING LIST,3 TRADITIONAL COOKIE CUTTERS  SET
SET 4 PICNIC CUTLERY FONDANT,SET 4 PICNIC CUTLERY BLUEBERRY,SET 4 PICNIC CUTLERY CHERRY , TOADSTOOL BEDSIDE LIGHT ,CLASSIC CROME BICYCLE BELL ,SET 36 COLOUR PENCILS DOILEY
SET 4 VALENTINE DECOUPAGE HEART BOX,ROSE DU SUD CUSHION COVER,QUEEN OF THE SKIES HOLIDAY PURSE ,CHRISTMAS TREE PAINTED ZINC ,PEARLISED IVORY HEART SMALL ,ENGLISH ROSE NOTEBOOK A7 SIZE
SET 40 HEART SHAPE PETIT FOUR CASES,SET OF 12 FAIRY CAKE BAKING CASES,SET OF 6 TEA TIME BAKING CASES,SET OF 12 MINI LOAF BAKING CASES,SET OF 60 PANTRY DESIGN CAKE CASES ,SET OF 6 SNACK LOAF BAKING CASES
SET 6 FOOTBALL CELEBRATION CANDLES,SET OF 6 GIRLS CELEBRATION CANDLES,PARTY INVITES FOOTBALL,SET/10 PINK POLKADOT PARTY CANDLES,PARTY INVITES WOODLAND,SET/10 RED POLKADOT PARTY CANDLES
SET 6 PAPER TABLE LANTERN HEARTS ,SET 6 PAPER TABLE LANTERN STARS ,RABBIT NIGHT LIGHT,PACK OF SIX LED TEA LIGHTS,SILVER HEARTS TABLE DECORATION,PAPER CHAIN KIT 50'S CHRISTMAS 
SET 6 PAPER TABLE LANTERN STARS ,SET 6 PAPER TABLE LANTERN HEARTS ,PAPER CHAIN KIT 50'S CHRISTMAS ,PACK OF SIX LED TEA LIGHTS,GREY HEART HOT WATER BOTTLE,SET OF 10 LANTERNS FAIRY LIGHT STAR
SET 6 SCHOOL MILK BOTTLES IN CRATE,SET OF 6 TEA TIME BAKING CASES,SET OF 6 SNACK LOAF BAKING CASES,SPOTTY BUNTING,PAPER CHAIN KIT VINTAGE CHRISTMAS,VINTAGE CHRISTMAS BUNTING
SET 7 BABUSHKA NESTING BOXES,LARGE PURPLE BABUSHKA NOTEBOOK  ,SMALL RED BABUSHKA NOTEBOOK ,SMALL PURPLE BABUSHKA NOTEBOOK ,LARGE RED BABUSHKA NOTEBOOK ,SMALL YELLOW BABUSHKA NOTEBOOK 
SET 8 CANDLES VINTAGE DOILEY,SET OF 12 T-LIGHTS VINTAGE DOILEY,RUSTIC STRAWBERRY JAMPOT LARGE ,RUSTIC STRAWBERRY JAMPOT SMALL, I LOVE LONDON MINI RUCKSACK,FRYING PAN RED POLKADOT 
SET 8 CANDLES VINTAGE DOILY,SET OF 12 T-LIGHTS VINTAGE DOILY,VINTAGE CHRISTMAS CAKE FRILL,SET OF 12 FAIRY CAKE BAKING CASES,TREASURE TIN GYMKHANA DESIGN,ZINC FOLKART SLEIGH BELLS
SET OF 10 LANTERNS FAIRY LIGHT STAR,SET 6 PAPER TABLE LANTERN STARS ,PAPER LANTERN 9 POINT SNOW STAR,QUEEN OF THE SKIES HOLIDAY PURSE ,WHITE FRANGIPANI NECKLACE,PAPER LANTERN 9 POINT HOLLY STAR L
SET OF 10 LED DOLLY LIGHTS,RABBIT NIGHT LIGHT,SET OF 3 REGENCY CAKE TINS,REGENCY CAKESTAND 3 TIER,PARTY BUNTING,SET OF 3 CAKE TINS PANTRY DESIGN 
SET OF 12  VINTAGE POSTCARD SET,ENVELOPE 50 BLOSSOM IMAGES,BLOSSOM IMAGES GIFT WRAP SET,VICTORIAN  METAL POSTCARD SPRING,SET OF 6 VINTAGE NOTELETS KIT,ROMANTIC IMAGES GIFT WRAP SET
SET OF 12 FAIRY CAKE BAKING CASES,SET OF 12 MINI LOAF BAKING CASES,SET OF 6 TEA TIME BAKING CASES,SET OF 6 SNACK LOAF BAKING CASES,SET 40 HEART SHAPE PETIT FOUR CASES,SET OF 60 PANTRY DESIGN CAKE CASES 
SET OF 12 FORK CANDLES,SET 40 HEART SHAPE PETIT FOUR CASES,SET OF 60 PANTRY DESIGN CAKE CASES ,BICYCLE PUNCTURE REPAIR KIT ,SET OF 12 FAIRY CAKE BAKING CASES,CLASSIC CHROME BICYCLE BELL 
SET OF 12 MINI BUNNIES IN A BUCKET,BLUE BREAKFAST CUP AND SAUCER ,HANGING WOOD AND FELT BUTTERFLY ,METAL RABBIT LADDER EASTER ,HANGING WOOD AND FELT HEART,GIRLY PINK TOOL SET
SET OF 12 MINI LOAF BAKING CASES,SET OF 6 SNACK LOAF BAKING CASES,SET OF 12 FAIRY CAKE BAKING CASES,SET OF 6 TEA TIME BAKING CASES,SET OF 60 PANTRY DESIGN CAKE CASES ,SET 40 HEART SHAPE PETIT FOUR CASES
SET OF 12 ROSE BOTANICAL T-LIGHTS,ENGLISH ROSE SCENTED HANGING HEART,SET 12 LAVENDER  BOTANICAL T-LIGHTS,WHITE TISSUE REAM,VINTAGE WOODEN BAR STOOL,S/12 VANILLA  BOTANICAL T-LIGHTS
SET OF 12 T-LIGHTS VINTAGE DOILEY,SET 8 CANDLES VINTAGE DOILEY,RUSTIC STRAWBERRY JAMPOT SMALL,SET 36 COLOURING PENCILS DOILEY, I LOVE LONDON MINI RUCKSACK,SET 12 COLOURING PENCILS DOILEY
SET OF 12 T-LIGHTS VINTAGE DOILY,SET 8 CANDLES VINTAGE DOILY,ZINC FOLKART SLEIGH BELLS,SET 40 HEART SHAPE PETIT FOUR CASES,DOORKNOB CRACKED GLAZE GREEN,DOORKNOB CRACKED GLAZE PINK
SET OF 16 VINTAGE BLACK CUTLERY,SET OF 16 VINTAGE RED CUTLERY,PURPLE FRANGIPANI NECKLACE,SET OF 16 VINTAGE SKY BLUE CUTLERY,SET OF 16 VINTAGE PISTACHIO CUTLERY,PINK FEATHERS CURTAIN
SET OF 16 VINTAGE IVORY CUTLERY,FUNKY MONKEY MUG,PINK POLKADOT KIDS BAG,RED WHITE SCARF  HOT WATER BOTTLE,"LETTER ""V"" BLING KEY RING","LETTER ""B"" BLING KEY RING"
SET OF 16 VINTAGE PISTACHIO CUTLERY,SET OF 16 VINTAGE SKY BLUE CUTLERY,SET OF 16 VINTAGE RED CUTLERY,SET OF 16 VINTAGE ROSE CUTLERY,SET OF 16 VINTAGE BLACK CUTLERY,BOX OF 6 ASSORTED COLOUR TEASPOONS
SET OF 16 VINTAGE RED CUTLERY,SET OF 16 VINTAGE SKY BLUE CUTLERY,SET OF 16 VINTAGE PISTACHIO CUTLERY,SET OF 16 VINTAGE ROSE CUTLERY,SET OF 16 VINTAGE BLACK CUTLERY,GREEN PAIR HEART HAIR SLIDES
SET OF 16 VINTAGE ROSE CUTLERY,SET OF 16 VINTAGE SKY BLUE CUTLERY,SET OF 16 VINTAGE RED CUTLERY,SET OF 16 VINTAGE PISTACHIO CUTLERY,BLACK FLOWER CANDLE PLATE,GREEN PAIR HEART HAIR SLIDES
SET OF 16 VINTAGE SKY BLUE CUTLERY,SET OF 16 VINTAGE RED CUTLERY,SET OF 16 VINTAGE PISTACHIO CUTLERY,SET OF 16 VINTAGE ROSE CUTLERY,SET OF 16 VINTAGE BLACK CUTLERY,RED PURSE WITH PINK HEART
SET OF 2 CERAMIC CHRISTMAS REINDEER,SET OF 2 CERAMIC CHRISTMAS TREES,SET OF 2 CERAMIC PAINTED HEARTS ,SET OF 3 WOODEN SLEIGH DECORATIONS,SET OF 3 WOODEN HEART DECORATIONS,SET OF 3 WOODEN TREE DECORATIONS
SET OF 2 CERAMIC CHRISTMAS TREES,SET OF 2 CERAMIC PAINTED HEARTS ,SET OF 2 CERAMIC CHRISTMAS REINDEER,SET OF 3 WOODEN STOCKING DECORATION,SET OF 3 WOODEN SLEIGH DECORATIONS,SET OF 3 WOODEN TREE DECORATIONS
SET OF 2 CERAMIC PAINTED HEARTS ,SET OF 2 CERAMIC CHRISTMAS TREES,SET OF 3 WOODEN HEART DECORATIONS,SET OF 2 CERAMIC CHRISTMAS REINDEER,SET OF 3 WOODEN STOCKING DECORATION,RETROSPOT WOODEN HEART DECORATION
SET OF 2 CHRISTMAS DECOUPAGE CANDLE,CHRISTMAS DECOUPAGE CANDLE,CHRISTMAS PUDDING TRINKET POT ,CINAMMON SET OF 9 T-LIGHTS,SET/3 CHRISTMAS DECOUPAGE CANDLES,PAINTED METAL HEART WITH HOLLY BELL
SET OF 2 ROUND TINS CAMEMBERT ,SET OF 2 ROUND TINS DUTCH CHEESE,SET OF 2 TINS JARDIN DE PROVENCE,GLASS JAR KINGS CHOICE,EMERGENCY FIRST AID TIN ,ENAMEL MEASURING JUG CREAM
SET OF 2 ROUND TINS DUTCH CHEESE,SET OF 2 ROUND TINS CAMEMBERT ,SET OF 2 TINS JARDIN DE PROVENCE,ENAMEL MEASURING JUG CREAM,GLASS JAR PEACOCK BATH SALTS,FUSCHIA RETRO BAR STOOL
SET OF 2 TEA TOWELS APPLE AND PEARS,OVEN MITT APPLES DESIGN,PEG BAG APPLES DESIGN,TABLECLOTH RED APPLES DESIGN ,PACK OF 20 NAPKINS RED APPLES,COFFEE MUG APPLES DESIGN
SET OF 2 TEA TOWELS PING MICROWAVE,PING! MICROWAVE PLATE,PING MICROWAVE APRON,SET OF 4 CAROUSEL PLACEMATS ,DIAMANTE NECKLACE,DOTCOM POSTAGE
SET OF 2 TINS JARDIN DE PROVENCE,SET OF 2 TINS VINTAGE BATHROOM ,SET OF 2 ROUND TINS DUTCH CHEESE,SET OF 2 ROUND TINS CAMEMBERT ,SET OF 3 CAKE TINS SKETCHBOOK,DIAMANTE HAIR GRIP PACK/2 MONTANA
SET OF 2 TINS VINTAGE BATHROOM ,SET OF 2 TINS JARDIN DE PROVENCE,CRYSTAL PAIR HEART HAIR SLIDES,SET OF 16 VINTAGE IVORY CUTLERY,WHITE HEART OF GLASS BRACELET,GREEN PAIR HEART HAIR SLIDES
SET OF 2 TRAYS HOME SWEET HOME,HOME SWEET HOME CUSHION COVER ,HOME SWEET HOME HANGING HEART,FOOT STOOL HOME SWEET HOME ,SHELF WITH 4 HOOKS HOME SWEET HOME,HOME SWEET HOME 2 DRAWER CABINET
SET OF 2 WOODEN MARKET CRATES,ENAMEL FLOWER JUG CREAM,REGENCY CAKESTAND 3 TIER,RED KITCHEN SCALES,WHITE SKULL HOT WATER BOTTLE ,WHITE WOOD GARDEN PLANT LADDER
SET OF 20 KIDS COOKIE CUTTERS,SET OF 3 HEART COOKIE CUTTERS,GINGERBREAD MAN COOKIE CUTTER,SET OF 3 BUTTERFLY COOKIE CUTTERS,3 PIECE SPACEBOY COOKIE CUTTER SET,60 TEATIME FAIRY CAKE CASES
SET OF 20 VINTAGE CHRISTMAS NAPKINS,60 CAKE CASES VINTAGE CHRISTMAS,PAPER CHAIN KIT VINTAGE CHRISTMAS,BOX OF 6 MINI VINTAGE CRACKERS,36 DOILIES VINTAGE CHRISTMAS,PAPER CHAIN KIT 50'S CHRISTMAS 
SET OF 3 BABUSHKA STACKING TINS,HEN HOUSE W CHICK IN NEST,BLACK CHERRY LIGHTS,HANGING RIDGE GLASS T-LIGHT HOLDER,PINK CHERRY LIGHTS,GLASS CAKE COVER AND PLATE
SET OF 3 BIRD LIGHT PINK FEATHER ,CANDY HEART HANGING DECORATION,"FEATHER PEN,HOT PINK","FEATHER PEN,LIGHT PINK",EMPIRE TISSUE BOX,ASSTD FRUIT+FLOWERS FRIDGE MAGNETS
SET OF 3 BLACK FLYING DUCKS,SET OF 3 GOLD FLYING DUCKS,SET OF 3 COLOURED  FLYING DUCKS,NUMBER TILE COTTAGE GARDEN 7,HEN HOUSE W CHICK IN NEST,GLASS CAKE COVER AND PLATE
SET OF 3 BUTTERFLY COOKIE CUTTERS,SET OF 3 HEART COOKIE CUTTERS,3 PIECE SPACEBOY COOKIE CUTTER SET,GINGERBREAD MAN COOKIE CUTTER,SET OF 20 KIDS COOKIE CUTTERS,3 TRADITIONAl BISCUIT CUTTERS  SET
SET OF 3 CAKE TINS PANTRY DESIGN ,SET OF 6 SPICE TINS PANTRY DESIGN,SET OF TEA COFFEE SUGAR TINS PANTRY,RECIPE BOX PANTRY YELLOW DESIGN,JAM MAKING SET WITH JARS,SET OF 3 REGENCY CAKE TINS
SET OF 3 CAKE TINS SKETCHBOOK,SET OF 6 HERB TINS SKETCHBOOK,RECIPE BOX BLUE SKETCHBOOK DESIGN,SET OF 3 CAKE TINS PANTRY DESIGN ,SET OF 6 SPICE TINS PANTRY DESIGN,RECIPE BOX PANTRY YELLOW DESIGN
SET OF 3 COLOURED  FLYING DUCKS,SET OF 3 BLACK FLYING DUCKS,PINK MARSHMALLOW SCARF KNITTING KIT,ORANGE FELT VASE + FLOWERS,POLYESTER FILLER PAD 60x40cm,SET OF 3 PINK FLYING DUCKS
SET OF 3 CONEY ISLAND OVAL BOXES,PINK DAISY BAG CHARM,2 DAISIES HAIR COMB,DROP DIAMANTE EARRINGS GREEN,LARGE BLACK DIAMANTE HAIRSLIDE,"GARLAND, MAGIC GARDEN 1.8M"
SET OF 3 GOLD FLYING DUCKS,SET OF 3 BLACK FLYING DUCKS,GOLD APERITIF GLASS,JAM JAR WITH BLUE LID,PACK 4 FLOWER/BUTTERFLY PATCHES,BIRD ON BRANCH CANVAS SCREEN
SET OF 3 HANGING OWLS OLLIE BEAK,SET OF 3 WOODEN SLEIGH DECORATIONS,SET OF 3 WOODEN HEART DECORATIONS,ROCKING HORSE RED CHRISTMAS ,SET OF 3 WOODEN STOCKING DECORATION,SET OF 3 WOODEN TREE DECORATIONS
SET OF 3 HEART COOKIE CUTTERS,SET OF 3 BUTTERFLY COOKIE CUTTERS,GINGERBREAD MAN COOKIE CUTTER,SET OF 20 KIDS COOKIE CUTTERS,3 TRADITIONAl BISCUIT CUTTERS  SET,3 PIECE SPACEBOY COOKIE CUTTER SET
SET OF 3 MINI HANGING PORTRAITS,MISELTOE HEART WREATH CREAM,PEG BAG APPLE DESIGN,LUNCH BAG RED SPOTTY,FRYING PAN RED POLKADOT ,SET/5 RED SPOTTY LID GLASS BOWLS
SET OF 3 NOTEBOOKS IN PARCEL,ENGLISH ROSE NOTEBOOK A7 SIZE,12 PENCILS SMALL TUBE RED RETROSPOT,36 PENCILS TUBE RED RETROSPOT,SET OF 3 HEART COOKIE CUTTERS,RECIPE BOX RETROSPOT 
SET OF 3 PANTRY WOODEN SPOONS,PURPLE FRANGIPANI NECKLACE,VIP HOLIDAY PURSE,DIAMANTE HAIR GRIP PACK/2 LT ROSE,DIAMANTE HAIR GRIP PACK/2 RUBY,DIAMANTE HAIR GRIP PACK/2 MONTANA
SET OF 3 PINK FLYING DUCKS,SILVER/BLACK ORBIT NECKLACE,"FLOWER GLASS GARLAND NECKL.36""BLUE","FLOWER GLASS GARLAND NECKL.36""BLACK",CRYSTAL DIAMANTE STAR BROOCH,BLUE TRAVEL FIRST AID KIT
SET OF 3 REGENCY CAKE TINS,REGENCY CAKESTAND 3 TIER,REGENCY TEAPOT ROSES ,REGENCY TEA PLATE ROSES ,REGENCY TEA PLATE GREEN ,SET OF 3 CAKE TINS PANTRY DESIGN 
SET OF 3 WOODEN HEART DECORATIONS,SET OF 3 WOODEN TREE DECORATIONS,SET OF 3 WOODEN STOCKING DECORATION,SET OF 3 WOODEN SLEIGH DECORATIONS,SET OF 2 CERAMIC PAINTED HEARTS ,WOODEN STAR CHRISTMAS SCANDINAVIAN
SET OF 3 WOODEN SLEIGH DECORATIONS,SET OF 3 WOODEN TREE DECORATIONS,SET OF 3 WOODEN STOCKING DECORATION,SET OF 3 WOODEN HEART DECORATIONS,ROCKING HORSE RED CHRISTMAS ,SET OF 3 HANGING OWLS OLLIE BEAK
SET OF 3 WOODEN STOCKING DECORATION,SET OF 3 WOODEN TREE DECORATIONS,SET OF 3 WOODEN SLEIGH DECORATIONS,SET OF 3 WOODEN HEART DECORATIONS,WOODEN STAR CHRISTMAS SCANDINAVIAN,WOODEN TREE CHRISTMAS SCANDINAVIAN
SET OF 3 WOODEN TREE DECORATIONS,SET OF 3 WOODEN STOCKING DECORATION,SET OF 3 WOODEN SLEIGH DECORATIONS,SET OF 3 WOODEN HEART DECORATIONS,WOODEN STAR CHRISTMAS SCANDINAVIAN,WOODEN TREE CHRISTMAS SCANDINAVIAN
SET OF 36 DINOSAUR PAPER DOILIES,SET OF 36 DOILIES SPACEBOY DESIGN ,SET OF 72 SKULL PAPER  DOILIES,36 DOILIES DOLLY GIRL,BATHROOM SET LOVE HEART DESIGN,PACK OF 60 DINOSAUR CAKE CASES
SET OF 36 DOILIES PANTRY DESIGN,SET OF 60 PANTRY DESIGN CAKE CASES ,SET OF 6 TEA TIME BAKING CASES,SET OF 72 RETROSPOT PAPER  DOILIES,SET OF 12 MINI LOAF BAKING CASES,JAM MAKING SET PRINTED
SET OF 36 DOILIES SPACEBOY DESIGN ,36 DOILIES DOLLY GIRL,SET OF 36 DINOSAUR PAPER DOILIES,PACK OF 60 SPACEBOY CAKE CASES,PACK OF 20 SPACEBOY NAPKINS,SET OF 72 RETROSPOT PAPER  DOILIES
SET OF 36 DOLLY GIRL PAPER DOILIES,SET OF 36 SPACEBOY PAPER DOILIES,SET OF 36 VINTAGE CHRISTMAS DOILIES,UBO-LIGHT TRIOBASE BLUE,GIN AND TONIC DIET METAL SIGN,SET OF 36 DINOSAUR PAPER DOILIES
SET OF 36 MUSHROOM PAPER DOILIES,EIGHT PIECE CREEPY CRAWLIE SET,FUNKY MONKEY MUG,PINK POLKADOT KIDS BAG,SCOTTIES CHILDRENS APRON,PACK 4 FLOWER/BUTTERFLY PATCHES
SET OF 36 PAISLEY FLOWER DOILIES,SET OF 36 TEATIME PAPER DOILIES,SET OF 72 RETROSPOT PAPER  DOILIES,PACK OF 60 PINK PAISLEY CAKE CASES,SET OF 72 PINK HEART PAPER DOILIES,SET OF 36 DOILIES PANTRY DESIGN
SET OF 36 PANTRY PAPER DOILIES,DOTCOM POSTAGE,WHITE FRANGIPANI HAIR CLIP,PACK 3 BOXES BIRD PANETTONE ,CLEAR LOVE BIRD T-LIGHT HOLDER,RED DAISY POCKET BOOK 
SET OF 36 SPACEBOY PAPER DOILIES,SET OF 36 DOLLY GIRL PAPER DOILIES,SET OF 36 VINTAGE CHRISTMAS DOILIES,N0 SINGING METAL SIGN,SET OF 36 DINOSAUR PAPER DOILIES,MISELTOE HEART WREATH WHITE
SET OF 36 TEATIME PAPER DOILIES,60 TEATIME FAIRY CAKE CASES,SET OF 36 PAISLEY FLOWER DOILIES,SET OF 72 RETROSPOT PAPER  DOILIES,SET OF 72 PINK HEART PAPER DOILIES,SET OF 36 DOILIES PANTRY DESIGN
SET OF 36 VINTAGE CHRISTMAS DOILIES,PACK 4 FLOWER/BUTTERFLY PATCHES,SET OF 36 SPACEBOY PAPER DOILIES,PURPLE FRANGIPANI NECKLACE,PERIWINKLE T-LIGHT HOLDER,S/3 POT POURI CUSHIONS BLUE COLOURS
SET OF 4 BLACK LOVEBIRD COASTERS,SET OF 4 PISTACHIO LOVEBIRD COASTER,QUEEN OF THE SKIES HOLIDAY PURSE ,BLACK ENCHANTED FOREST PLACEMAT,VINTAGE BEAD PINK PURSE ,SET OF 2 TEA TOWELS PING MICROWAVE
SET OF 4 CAROUSEL PLACEMATS ,PACK 4 FLOWER/BUTTERFLY PATCHES,SET OF 4 GREEN CAROUSEL COASTERS,JAM JAR WITH BLUE LID,BIRD ON BRANCH CANVAS SCREEN,GOLD APERITIF GLASS
SET OF 4 DIAMOND NAPKIN RINGS,BLUE CLIMBING HYDRANGA ART FLOWER,FLAG OF ST GEORGE CAR FLAG,PACK 4 FLOWER/BUTTERFLY PATCHES,DOTCOM POSTAGE,JINGLE BELLS TREE DECORATION
SET OF 4 ENGLISH ROSE COASTERS,SET OF 4 ENGLISH ROSE PLACEMATS,SET OF 4 POLKADOT COASTERS,ENGLISH ROSE NOTEBOOK A7 SIZE,PHOTO FRAME CORNICE,"SET 3 RETROSPOT TEA,COFFEE,SUGAR"
SET OF 4 ENGLISH ROSE PLACEMATS,SET OF 4 ENGLISH ROSE COASTERS,SET OF 4 POLKADOT PLACEMATS ,SET OF 4 FAIRY CAKE PLACEMATS,SET OF 4 POLKADOT COASTERS,ENGLISH ROSE NOTEBOOK A7 SIZE
SET OF 4 FAIRY CAKE PLACEMATS,SET OF 4 FAIRY CAKE PLACEMATS ,SET OF 4 ENGLISH ROSE PLACEMATS,TEA TIME TEAPOT IN GIFT BOX,TEA TIME KITCHEN APRON,PURPLE FRANGIPANI NECKLACE
SET OF 4 FAIRY CAKE PLACEMATS ,SET OF 4 FAIRY CAKE PLACEMATS,CERAMIC CAKE DESIGN SPOTTED PLATE,TEA TIME OVEN GLOVE,TEA TIME KITCHEN APRON,CERAMIC CAKE BOWL + HANGING CAKES
SET OF 4 GREEN CAROUSEL COASTERS,SET OF 4 CAROUSEL PLACEMATS ,GLASS CAKE COVER AND PLATE,HEN HOUSE W CHICK IN NEST,ORANGE FELT VASE + FLOWERS,POLYESTER FILLER PAD 60x40cm
SET OF 4 JAM JAR MAGNETS,SET OF 5 PANCAKE DAY MAGNETS,SET OF 5 MINI GROCERY MAGNETS,SET OF 5 LUCKY CAT MAGNETS ,KNICKERBOCKERGLORY MAGNET ASSORTED ,SET OF 6 NATIVITY MAGNETS 
SET OF 4 KNICK KNACK TINS  DOILEY ,SET OF 4 KNICK KNACK TINS  DOILEY ,LUNCH BAG VINTAGE DOILEY ,JUMBO BAG VINTAGE DOILEY ,WALL ART DOG LICENCE ,WALL ART KEEP CALM 
SET OF 4 KNICK KNACK TINS DOILEY ,DOILEY STORAGE TIN,SET OF 4 KNICK KNACK TINS LEAVES ,SET OF 3 REGENCY CAKE TINS,LUNCH BAG DOILEY PATTERN ,JUMBO BAG DOILEY PATTERNS
SET OF 4 KNICK KNACK TINS DOILY ,STORAGE TIN VINTAGE DOILY ,SET OF 4 KNICK KNACK TINS LEAF,SET OF 4 KNICK KNACK TINS LONDON ,VINTAGE DOILY TRAVEL SEWING KIT,SET OF 4 KNICK KNACK TINS POPPIES
SET OF 4 KNICK KNACK TINS LEAF,SET OF 4 KNICK KNACK TINS POPPIES,STORAGE TIN VINTAGE LEAF,ROUND STORAGE TIN VINTAGE LEAF,SET OF 4 KNICK KNACK TINS DOILY ,BUNDLE OF 3 RETRO NOTE BOOKS
SET OF 4 KNICK KNACK TINS LEAVES ,SET OF 4 KNICK KNACK TINS DOILEY ,STORAGE TIN VINTAGE LEAF,SET OF 4 KNICK KNACK TINS POPPIES,TRAVEL CARD WALLET RETRO PETALS,ROUND STORAGE TIN VINTAGE LEAF
SET OF 4 KNICK KNACK TINS LONDON ,LUNCH BOX I LOVE LONDON,LONDON BUS COFFEE MUG,SET 2 TEA TOWELS I LOVE LONDON ,PACK OF 12 LONDON TISSUES ,I LOVE LONDON BEAKER
SET OF 4 KNICK KNACK TINS POPPIES,SET OF 4 KNICK KNACK TINS LEAF,STORAGE TIN VINTAGE LEAF,SET OF 4 KNICK KNACK TINS DOILY ,SET OF 4 KNICK KNACK TINS DOILEY ,SET OF 60 VINTAGE LEAF CAKE CASES 
SET OF 4 NAPKIN CHARMS 3 KEYS ,SET OF 4 NAPKIN CHARMS CROWNS ,SET OF 4 NAPKIN CHARMS HEARTS,SET OF 4 NAPKIN CHARMS CUTLERY,SET OF 4 NAPKIN CHARMS INSTRUMENT,SET OF 4 NAPKIN CHARMS LEAVES   
SET OF 4 NAPKIN CHARMS CROWNS ,SET OF 4 NAPKIN CHARMS 3 KEYS ,SET OF 4 NAPKIN CHARMS STARS   ,SET OF 4 NAPKIN CHARMS CUTLERY,SET OF 4 NAPKIN CHARMS HEARTS,JINGLE BELLS TREE DECORATION
SET OF 4 NAPKIN CHARMS CUTLERY,SET OF 4 NAPKIN CHARMS HEARTS,SET OF 4 NAPKIN CHARMS STARS   ,SET OF 4 NAPKIN CHARMS CROWNS ,SET OF 4 NAPKIN CHARMS 3 KEYS ,SET OF 4 NAPKIN CHARMS LEAVES   
SET OF 4 NAPKIN CHARMS HEARTS,SET OF 4 NAPKIN CHARMS CUTLERY,SET OF 4 NAPKIN CHARMS STARS   ,SET OF 4 NAPKIN CHARMS 3 KEYS ,SET OF 4 NAPKIN CHARMS CROWNS ,SET OF 4 NAPKIN CHARMS LEAVES   
SET OF 4 NAPKIN CHARMS INSTRUMENT,SET OF 4 NAPKIN CHARMS 3 KEYS ,SET OF 4 NAPKIN CHARMS CUTLERY,SET OF 4 NAPKIN CHARMS STARS   ,SET OF 4 NAPKIN CHARMS HEARTS,WHITE CANDYSTUFT ARTIFICIAL FLOWER
SET OF 4 NAPKIN CHARMS LEAVES   ,SET OF 4 NAPKIN CHARMS CUTLERY,SET OF 4 NAPKIN CHARMS HEARTS,SET OF 4 NAPKIN CHARMS 3 KEYS ,SET OF 4 NAPKIN CHARMS STARS   ,HAPPY BIRTHDAY CARD TEDDY/CAKE
SET OF 4 NAPKIN CHARMS STARS   ,SET OF 4 NAPKIN CHARMS CUTLERY,SET OF 4 NAPKIN CHARMS HEARTS,SET OF 4 NAPKIN CHARMS CROWNS ,SET OF 4 NAPKIN CHARMS 3 KEYS ,SET OF 4 NAPKIN CHARMS INSTRUMENT
SET OF 4 PANTRY JELLY MOULDS,GINGERBREAD MAN COOKIE CUTTER,RECIPE BOX PANTRY YELLOW DESIGN,JAM MAKING SET WITH JARS,SET OF 6 SPICE TINS PANTRY DESIGN,JAM MAKING SET PRINTED
SET OF 4 PISTACHIO LOVEBIRD COASTER,SET OF 4 BLACK LOVEBIRD COASTERS,CAROUSEL PONIES BABY BIB,QUEEN OF THE SKIES HOLIDAY PURSE ,SCOTTIE DOGS BABY BIB,SET/6 GREEN SPRING PAPER CUPS
SET OF 4 POLKADOT COASTERS,SET OF 4 POLKADOT PLACEMATS ,SET OF 4 ENGLISH ROSE COASTERS,FIRST CLASS HOLIDAY PURSE ,SET OF 4 GREEN CAROUSEL COASTERS,SET OF 4 ENGLISH ROSE PLACEMATS
SET OF 4 POLKADOT PLACEMATS ,SET OF 4 POLKADOT COASTERS,SET OF 4 ENGLISH ROSE PLACEMATS,PEG BAG APPLE DESIGN,LUNCH BAG RED SPOTTY,MISELTOE HEART WREATH CREAM
SET OF 4 ROSE BOTANICAL CANDLES,4 VANILLA BOTANICAL CANDLES,4 LAVENDER BOTANICAL DINNER CANDLES,4 LILY  BOTANICAL DINNER CANDLES,4 PEAR BOTANICAL DINNER CANDLES,4 WILDFLOWER BOTANICAL CANDLES
SET OF 4 SANTA PLACE SETTINGS,SILVER BLACK ORBIT DROP EARRINGS,SET OF 20 VINTAGE CHRISTMAS NAPKINS,36 DOILIES VINTAGE CHRISTMAS,60 CAKE CASES VINTAGE CHRISTMAS,PAPER CHAIN KIT VINTAGE CHRISTMAS
SET OF 5 LUCKY CAT MAGNETS ,SET OF 5 MINI GROCERY MAGNETS,SET OF 5 PANCAKE DAY MAGNETS,SET OF 4 JAM JAR MAGNETS,KNICKERBOCKERGLORY MAGNET ASSORTED ,HOT WATER BOTTLE BABUSHKA 
SET OF 5 MINI GROCERY MAGNETS,SET OF 5 PANCAKE DAY MAGNETS,SET OF 4 JAM JAR MAGNETS,SET OF 5 LUCKY CAT MAGNETS ,KNICKERBOCKERGLORY MAGNET ASSORTED ,BOX OF 24 COCKTAIL PARASOLS
SET OF 5 PANCAKE DAY MAGNETS,SET OF 5 MINI GROCERY MAGNETS,SET OF 4 JAM JAR MAGNETS,SET OF 5 LUCKY CAT MAGNETS ,KNICKERBOCKERGLORY MAGNET ASSORTED ,SET OF 6 NATIVITY MAGNETS 
SET OF 6 3D KIT CARDS FOR KIDS,POPPY'S PLAYHOUSE BEDROOM ,POPPY'S PLAYHOUSE KITCHEN,POPPY'S PLAYHOUSE LIVINGROOM ,POPPY'S PLAYHOUSE BATHROOM,WORLD WAR 2 GLIDERS ASSTD DESIGNS
SET OF 6 CAKE CHOPSTICKS,SET OF 6 STRAWBERRY CHOPSTICKS,SET OF 6 HEART CHOPSTICKS,FIRST CLASS HOLIDAY PURSE ,SET OF 16 VINTAGE IVORY CUTLERY,VINTAGE GLASS TEA CADDY
SET OF 6 EASTER RAINBOW CHICKS,12 HANGING EGGS HAND PAINTED,HEN HOUSE W CHICK STANDING,BLUE RETRO KITCHEN WALL CLOCK,RED RETRO KITCHEN WALL CLOCK,PANTRY HOOK SPATULA
SET OF 6 FUNKY BEAKERS,PURPLE FRANGIPANI NECKLACE,DIAMANTE HAIR GRIP PACK/2 LT ROSE,DIAMANTE HAIR GRIP PACK/2 MONTANA,DIAMANTE HAIR GRIP PACK/2 BLACK DIA,DIAMANTE HAIR GRIP PACK/2 RUBY
SET OF 6 GIRLS CELEBRATION CANDLES,SET 6 FOOTBALL CELEBRATION CANDLES,SET/10 PINK POLKADOT PARTY CANDLES,SET/10 BLUE POLKADOT PARTY CANDLES,PARTY INVITES JAZZ HEARTS,BUTTERFLY HAIR BAND
SET OF 6 HALLOWEEN GHOST T-LIGHTS,PURPLE FRANGIPANI NECKLACE,WOODLAND MINI RUCKSACK ,DIAMANTE HAIR GRIP PACK/2 BLACK DIA,WHITE FRANGIPANI NECKLACE,PURPLE DRESS JEWELLERY STAND
SET OF 6 HEART CHOPSTICKS,SET OF 6 CAKE CHOPSTICKS,SET OF 6 STRAWBERRY CHOPSTICKS,POPCORN HOLDER,PARTY PIZZA DISH GREEN POLKADOT,PINK HEART SHAPE EGG FRYING PAN
SET OF 6 HERB TINS SKETCHBOOK,SET OF 3 CAKE TINS SKETCHBOOK,SET OF 6 SPICE TINS PANTRY DESIGN,RECIPE BOX BLUE SKETCHBOOK DESIGN,SET OF 3 CAKE TINS PANTRY DESIGN ,SET OF TEA COFFEE SUGAR TINS PANTRY
SET OF 6 ICE CREAM SKITTLES,ZINC HEART LATTICE 2 WALL PLANTER,ZINC HEART LATTICE TRAY OVAL ,ASSTD COL BUTTERFLY/CRYSTAL W/CHIME,BLUE NETTING STORAGE HANGER,PINK ROSEBUD PEARL BRACELET
SET OF 6 KASHMIR FOLKART BAUBLES,HANGING WOOD AND FELT FLOWER,RED PEONY CUSHION COVER ,GREEN PEONY CUSHION COVER,BLUE CHARLIE+LOLA PERSONAL DOORSIGN,LETTER SHAPE PENCIL SHARPENER
SET OF 6 NATIVITY MAGNETS ,SET OF 5 PANCAKE DAY MAGNETS,SET OF 4 JAM JAR MAGNETS,SET OF 5 LUCKY CAT MAGNETS ,REVOLVER WOODEN RULER ,BOX OF 6 CHRISTMAS CAKE DECORATIONS
SET OF 6 RIBBONS COUNTRY STYLE,SET OF 6 RIBBONS PERFECTLY PRETTY  ,SET OF 6 RIBBONS PARTY,SET 36 COLOURING PENCILS DOILEY, I LOVE LONDON MINI RUCKSACK,SET/3 FLORAL GARDEN TOOLS IN BAG
SET OF 6 RIBBONS PARTY,SET OF 6 RIBBONS PERFECTLY PRETTY  ,SET OF 6 RIBBONS COUNTRY STYLE, TOADSTOOL BEDSIDE LIGHT ,SET 12 COLOURING PENCILS DOILEY,SET 36 COLOURING PENCILS DOILEY
SET OF 6 RIBBONS PERFECTLY PRETTY  ,SET OF 6 RIBBONS COUNTRY STYLE,SET OF 6 RIBBONS PARTY,BAKING MOULD CHOCOLATE CUP CAKES,BICYCLE PUNCTURE REPAIR KIT ,SET OF 36 VINTAGE CHRISTMAS DOILIES
SET OF 6 RIBBONS VINTAGE CHRISTMAS,6 RIBBONS RUSTIC CHARM,PAPER CHAIN KIT VINTAGE CHRISTMAS,TRADITIONAL CHRISTMAS RIBBONS,60 CAKE CASES VINTAGE CHRISTMAS,SET OF 20 VINTAGE CHRISTMAS NAPKINS
SET OF 6 SNACK LOAF BAKING CASES,SET OF 12 MINI LOAF BAKING CASES,SET OF 6 TEA TIME BAKING CASES,SET OF 12 FAIRY CAKE BAKING CASES,SET OF 60 PANTRY DESIGN CAKE CASES ,SET 40 HEART SHAPE PETIT FOUR CASES
SET OF 6 SOLDIER SKITTLES,TRADITIONAL WOODEN SKIPPING ROPE,4 TRADITIONAL SPINNING TOPS,TRADITIONAL KNITTING NANCY,WOODEN BOX OF DOMINOES,VINTAGE SNAP CARDS
SET OF 6 SPICE TINS PANTRY DESIGN,SET OF 3 CAKE TINS PANTRY DESIGN ,SET OF TEA COFFEE SUGAR TINS PANTRY,RECIPE BOX PANTRY YELLOW DESIGN,SET OF 6 HERB TINS SKETCHBOOK,SET OF 4 PANTRY JELLY MOULDS
SET OF 6 STRAWBERRY CHOPSTICKS,SET OF 6 CAKE CHOPSTICKS,SET OF 6 HEART CHOPSTICKS,LUNCH BOX WITH CUTLERY RETROSPOT ,SET/6 RED SPOTTY PAPER PLATES,STRAWBERRY LUNCH BOX WITH CUTLERY
SET OF 6 T-LIGHTS CACTI ,CACTI T-LIGHT CANDLES,PING! MICROWAVE PLATE,3 BIRDS CANVAS SCREEN,S/4 CACTI CANDLES,SET OF 6 T-LIGHTS TOADSTOOLS
SET OF 6 T-LIGHTS EASTER CHICKS,GARLAND WOODEN HAPPY EASTER,SET/6 FROG PRINCE T-LIGHT CANDLES,SET OF 6 T-LIGHTS TOADSTOOLS,EASTER TIN BUCKET,METAL RABBIT LADDER EASTER 
SET OF 6 T-LIGHTS SANTA,SET OF 6 T-LIGHTS SNOWMEN,SET OF 20 VINTAGE CHRISTMAS NAPKINS,PAPER CHAIN KIT 50'S CHRISTMAS ,PAPER CHAIN KIT VINTAGE CHRISTMAS,SILVER STARS TABLE DECORATION
SET OF 6 T-LIGHTS SNOWMEN,SET OF 6 T-LIGHTS SANTA,6 CHOCOLATE LOVE HEART T-LIGHTS,CHRISTMAS CRAFT LITTLE FRIENDS,CINAMMON & ORANGE WREATH,PAPER CHAIN KIT 50'S CHRISTMAS 
SET OF 6 T-LIGHTS TOADSTOOLS,CACTI T-LIGHT CANDLES,SET/6 FROG PRINCE T-LIGHT CANDLES,SET/6 PINK BIRD T-LIGHT CANDLES,SET OF 6 T-LIGHTS EASTER CHICKS,SET OF 6 T-LIGHTS CACTI 
SET OF 6 T-LIGHTS WEDDING CAKE ,MINI CAKE STAND T-LIGHT HOLDER,2 DAISIES HAIR COMB,CLASSIC DIAMANTE EARRINGS JET,MONTANA DIAMOND CLUSTER EARRINGS,ROSE FLOWER CANDLE+INCENSE 16X16CM
SET OF 6 TEA TIME BAKING CASES,SET OF 6 SNACK LOAF BAKING CASES,SET OF 12 MINI LOAF BAKING CASES,SET OF 12 FAIRY CAKE BAKING CASES,SET 40 HEART SHAPE PETIT FOUR CASES,SET OF 36 DOILIES PANTRY DESIGN
SET OF 6 VINTAGE NOTELETS KIT,"WALL ART,ONLY ONE PERSON ",GOLD APERITIF GLASS,BIRD ON BRANCH CANVAS SCREEN,JAM JAR WITH BLUE LID,SET OF 12  VINTAGE POSTCARD SET
SET OF 60 I LOVE LONDON CAKE CASES ,SET OF 60 VINTAGE LEAF CAKE CASES ,SET OF 60 PANTRY DESIGN CAKE CASES ,72 SWEETHEART FAIRY CAKE CASES,60 CAKE CASES DOLLY GIRL DESIGN,PACK OF 72 SKULL CAKE CASES
SET OF 60 PANTRY DESIGN CAKE CASES ,SET OF 60 VINTAGE LEAF CAKE CASES ,SET OF 36 DOILIES PANTRY DESIGN,PACK OF 60 PINK PAISLEY CAKE CASES,PACK OF 72 RETROSPOT CAKE CASES,60 TEATIME FAIRY CAKE CASES
SET OF 60 VINTAGE LEAF CAKE CASES ,SET OF 60 PANTRY DESIGN CAKE CASES ,SET OF 60 I LOVE LONDON CAKE CASES ,PACK OF 60 DINOSAUR CAKE CASES,PACK OF 60 PINK PAISLEY CAKE CASES,PACK OF 60 SPACEBOY CAKE CASES
SET OF 72 GREEN PAPER DOILIES,CAKE STAND LACE WHITE,VINTAGE BLUE TINSEL REEL,PACK 4 FLOWER/BUTTERFLY PATCHES,JARDIN ETCHED GLASS BUTTER DISH,BAROQUE BUTTERFLY EARRINGS CRYSTAL
SET OF 72 PINK HEART PAPER DOILIES,SET OF 72 RETROSPOT PAPER  DOILIES,SET OF 36 TEATIME PAPER DOILIES,SET OF 36 PAISLEY FLOWER DOILIES,72 SWEETHEART FAIRY CAKE CASES,SET OF 3 HEART COOKIE CUTTERS
SET OF 72 RETROSPOT PAPER  DOILIES,PACK OF 72 RETROSPOT CAKE CASES,SET OF 72 PINK HEART PAPER DOILIES,SET OF 36 PAISLEY FLOWER DOILIES,SET OF 36 TEATIME PAPER DOILIES,SET OF 36 DOILIES PANTRY DESIGN
SET OF 72 SKULL PAPER  DOILIES,PACK OF 72 SKULL CAKE CASES,SET OF 36 DINOSAUR PAPER DOILIES,SET OF 72 RETROSPOT PAPER  DOILIES,SET OF 36 DOILIES SPACEBOY DESIGN ,PACK OF 20 SKULL PAPER NAPKINS
SET OF 9 BLACK SKULL BALLOONS,PACK OF 6 SKULL PAPER CUPS,PACK OF 6 SKULL PAPER PLATES,PACK OF 20 SKULL PAPER NAPKINS,SKULLS PARTY BAG + STICKER SET,12 COLOURED PARTY BALLOONS
SET OF 9 HEART SHAPED BALLOONS,SET OF 9 BLACK SKULL BALLOONS,12 COLOURED PARTY BALLOONS,BALLOON PUMP WITH 10 BALLOONS,6 ROCKET BALLOONS ,BALLOON WATER BOMB PACK OF 35
SET OF PICTURE FRAME  STICKERS,PURPLE FRANGIPANI NECKLACE,DIAMANTE HAIR GRIP PACK/2 RUBY,DIAMANTE HAIR GRIP PACK/2 LT ROSE,WHITE FRANGIPANI NECKLACE,DIAMANTE HAIR GRIP PACK/2 BLACK DIA
SET OF SALT AND PEPPER TOADSTOOLS,RED RETROSPOT BUTTER DISH,RED RETROSPOT SMALL MILK JUG,RED TOADSTOOL LED NIGHT LIGHT,JAM JAR WITH PINK LID,RED RETROSPOT OVEN GLOVE 
SET OF SKULL WALL STICKERS,FUNKY MONKEY MUG,SET/3 FLORAL GARDEN TOOLS IN BAG,PINK POLKADOT KIDS BAG,SKULLS  WATER TRANSFER TATTOOS ,"FOLK ART GREETING CARD,pack/12"
SET OF TEA COFFEE SUGAR TINS PANTRY,SET OF 3 CAKE TINS PANTRY DESIGN ,SET OF 6 SPICE TINS PANTRY DESIGN,RECIPE BOX PANTRY YELLOW DESIGN,SET OF 3 REGENCY CAKE TINS,PANTRY MAGNETIC  SHOPPING LIST
SET/10 BLUE POLKADOT PARTY CANDLES,SET/10 PINK POLKADOT PARTY CANDLES,SET/10 RED POLKADOT PARTY CANDLES,SET/10 IVORY POLKADOT PARTY CANDLES,PACK OF 72 RETROSPOT CAKE CASES,SET/20 RED RETROSPOT PAPER NAPKINS 
SET/10 IVORY POLKADOT PARTY CANDLES,SET/10 BLUE POLKADOT PARTY CANDLES,SET/10 PINK POLKADOT PARTY CANDLES,SET/10 RED POLKADOT PARTY CANDLES,72 SWEETHEART FAIRY CAKE CASES,SET OF 6 GIRLS CELEBRATION CANDLES
SET/10 PINK POLKADOT PARTY CANDLES,SET/10 BLUE POLKADOT PARTY CANDLES,SET/10 RED POLKADOT PARTY CANDLES,SET/10 IVORY POLKADOT PARTY CANDLES,SET OF 6 GIRLS CELEBRATION CANDLES,PACK OF 72 RETROSPOT CAKE CASES
SET/10 RED POLKADOT PARTY CANDLES,SET/10 PINK POLKADOT PARTY CANDLES,SET/10 BLUE POLKADOT PARTY CANDLES,SET/10 IVORY POLKADOT PARTY CANDLES,PACK OF 72 RETROSPOT CAKE CASES,SET/6 RED SPOTTY PAPER PLATES
SET/12 FUNKY FELT FLOWER PEG IN BAG,WRAP  PINK FLOCK,HEN HOUSE W CHICK IN NEST,ORANGE FELT VASE + FLOWERS,ROUND CACTUS CANDLE,DECROTIVEVINTAGE COFFEE GRINDER BOX
SET/12 TAPER CANDLES,NEW BAROQUE JEWELLERY BOX ,VINTAGE BEAD PINK SHADE ,PURPLE FRANGIPANI NECKLACE,"STRING OF 8 BUTTERFLIES,PINK",OLD DOC RUSSEL METAL SIGN
SET/2 RED RETROSPOT TEA TOWELS ,RED RETROSPOT OVEN GLOVE ,RED RETROSPOT OVEN GLOVE DOUBLE,SET/20 RED RETROSPOT PAPER NAPKINS ,RED RETROSPOT PEG BAG,SET OF 2 TEA TOWELS APPLE AND PEARS
SET/20 RED RETROSPOT PAPER NAPKINS ,SET/6 RED SPOTTY PAPER PLATES,SET/6 RED SPOTTY PAPER CUPS,PACK OF 72 RETROSPOT CAKE CASES,PACK OF 20 SKULL PAPER NAPKINS,SET/20 STRAWBERRY PAPER NAPKINS 
SET/20 STRAWBERRY PAPER NAPKINS ,SET/20 RED RETROSPOT PAPER NAPKINS ,SET 20 NAPKINS FAIRY CAKES DESIGN ,PACK OF 20 NAPKINS RED APPLES,PACK OF 20 NAPKINS PANTRY DESIGN,PACK 20 ENGLISH ROSE PAPER NAPKINS
SET/3 CHRISTMAS DECOUPAGE CANDLES,CHRISTMAS DECOUPAGE CANDLE,SET OF 2 CHRISTMAS DECOUPAGE CANDLE,PURPLE DRESS JEWELLERY STAND,FINE SILVER NECKLACE W PASTEL FLOWE,SMALLFOLKART BAUBLE CHRISTMAS DEC
SET/3 DECOUPAGE STACKING TINS,WHITE SOAP RACK WITH 2 BOTTLES,DECORATIVE CATS BATHROOM BOTTLE,EMERGENCY FIRST AID TIN ,REGENCY SUGAR BOWL GREEN,GREEN REGENCY TEACUP AND SAUCER
SET/3 FLORAL GARDEN TOOLS IN BAG,ROBOT MUG IN DISPLAY BOX,VINTAGE ZINC WATERING CAN,"FOLK ART GREETING CARD,pack/12",CHARLIE AND LOLA CHARLOTTE BAG,GREEN/BLUE FLOWER DESIGN BIG MUG
SET/3 OCEAN SCENT CANDLE JEWEL BOX,SET/3 ROSE CANDLE IN JEWELLED BOX,SET/3 VANILLA SCENTED CANDLE IN BOX,OCEAN SCENT CANDLE IN JEWELLED BOX,VANILLA SCENT CANDLE JEWELLED BOX,ROSE SCENT CANDLE IN JEWELLED BOX
SET/3 POLKADOT STACKING TINS,GIRLY PINK TOOL SET,BAKING MOULD TOFFEE CUP  CHOCOLATE,BAKING MOULD CUPCAKE CHOCOLATE,RED SPOTTY BISCUIT TIN,SET OF 3 CONEY ISLAND OVAL BOXES
SET/3 POT PLANT CANDLES,PINK POT PLANT CANDLE,BLUE POT PLANT CANDLE ,"GARLAND, MAGIC GARDEN 1.8M",PURPLE ENAMEL FLOWER HAIR TIE,DAISY HAIR COMB
SET/3 RABBITS FLOWER SKIPPPING ROPE,BUNNY EGG BOX,EASTER BUNNY GARLAND OF FLOWERS,3 BLACK CATS W HEARTS BLANK CARD,BUNNY EGG GARLAND,LIGHT DECORATION BATTERY OPERATED
SET/3 RED GINGHAM ROSE STORAGE BOX,SET3 BOOK BOX GREEN GINGHAM FLOWER ,RED GINGHAM ROSE JEWELLERY BOX,SET OF 3 CAKE TINS PANTRY DESIGN ,SET OF TEA COFFEE SUGAR TINS PANTRY,WOODLAND STORAGE BOX SMALL
SET/3 ROSE CANDLE IN JEWELLED BOX,SET/3 VANILLA SCENTED CANDLE IN BOX,SET/3 OCEAN SCENT CANDLE JEWEL BOX,ROSE SCENT CANDLE IN JEWELLED BOX,OCEAN SCENT CANDLE IN JEWELLED BOX,VANILLA SCENT CANDLE JEWELLED BOX
SET/3 TALL GLASS CANDLE HOLDER PINK,METAL BASE FOR CANDLES,FLORAL BLUE MONSTER,GREEN  DIAMANTE PEN IN GIFT BOX,LARGE MINT DIAMANTE HAIRSLIDE,4 BURGUNDY WINE DINNER CANDLES
SET/3 VANILLA SCENTED CANDLE IN BOX,SET/3 ROSE CANDLE IN JEWELLED BOX,SET/3 OCEAN SCENT CANDLE JEWEL BOX,OCEAN SCENT CANDLE IN JEWELLED BOX,ROSE SCENT CANDLE IN JEWELLED BOX,ROSE SCENT CANDLE JEWELLED DRAWER
SET/4 BADGES BALLOON GIRL,SET/4 SKULL BADGES,SET/4 BADGES BEETLES,SET/4 BADGES CUTE CREATURES,SET/4 BADGES DOGS,WOODLAND MINI RUCKSACK 
SET/4 BADGES BEETLES,SET/4 BADGES DOGS,SET/4 BADGES BALLOON GIRL,SET/4 BADGES CUTE CREATURES,SET/4 SKULL BADGES,WOODLAND MINI RUCKSACK 
SET/4 BADGES CUTE CREATURES,SET/4 BADGES DOGS,SET/4 BADGES BALLOON GIRL,SET/4 BADGES BEETLES,SET/4 SKULL BADGES,VINTAGE BEAD PINK JEWEL STAND
SET/4 BADGES DOGS,SET/4 BADGES BEETLES,SET/4 BADGES CUTE CREATURES,SET/4 BADGES BALLOON GIRL,SET/4 SKULL BADGES,WHITE FRANGIPANI NECKLACE
SET/4 BIRD MIRROR MAGNETS ,SET/4 DAISY MIRROR MAGNETS,SET/4 BUTTERFLY MIRROR MAGNETS,MIRRORED WALL ART SKULLS,WHITE STITCHED WALL CLOCK,MIDNIGHT GLAMOUR SCARF KNITTING KIT
SET/4 BLUE FLOWER CANDLES IN BOWL,S/4 PINK FLOWER CANDLES IN BOWL,S/4 IVORY MINI ROSE CANDLE IN BOWL,BLUE SWEETHEART BRACELET,OLD DOC RUSSEL METAL SIGN,ORANGE FLOWER MUG 
SET/4 BUTTERFLY MIRROR MAGNETS,FLOWER PURPLE CLOCK WITH SUCKER,"LETTER ""N"" BLING KEY RING",FOLK ART METAL HEART T-LIGHT HOLDER,SET/4 DAISY MIRROR MAGNETS,LILAC FEATHERS CURTAIN
SET/4 COLOURFUL MIXING BOWLS,PURPLE FRANGIPANI NECKLACE,DIAMANTE HAIR GRIP PACK/2 MONTANA,DIAMANTE HAIR GRIP PACK/2 LT ROSE,DIAMANTE HAIR GRIP PACK/2 BLACK DIA,WHITE FRANGIPANI NECKLACE
SET/4 DAISY MIRROR MAGNETS,SET/4 BIRD MIRROR MAGNETS ,SET/4 BUTTERFLY MIRROR MAGNETS,MIRRORED WALL ART SKULLS,PASTEL BLUE PHOTO ALBUM ,CD WALL TIDY BLUE OFFICE
SET/4 GARDEN ROSE DINNER CANDLE,IVORY PANTRY HANGING LAMP ,GOLD PRINT PAPER BAG,CUPID SCENTED CANDLE IN GLASS,CHRISTMAS MUSICAL ZINC HEART ,ASSORTED CAKES FRIDGE MAGNETS
SET/4 MODERN VINTAGE COTTON NAPKINS,CAROUSEL PONIES BABY BIB,APRON MODERN VINTAGE COTTON,MODERN VINTAGE COTTON SHOPPING BAG,FRENCH CHATEAU OVAL PLATTER,PINK KNITTED EGG COSY
SET/4 RED MINI ROSE CANDLE IN BOWL,S/4 IVORY MINI ROSE CANDLE IN BOWL,S/4 PINK FLOWER CANDLES IN BOWL,RED PURSE WITH PINK HEART,S/4 BLACK MINI ROSE CANDLE IN BOWL,PURPLE DRESS JEWELLERY STAND
SET/4 SKULL BADGES,SKULLS  STICKERS,SKULLS  WATER TRANSFER TATTOOS ,SET/4 BADGES BALLOON GIRL,SET/4 BADGES DOGS,SET/4 BADGES BEETLES
SET/4 SPRING FLOWER DECORATION,MINI PAINTED GARDEN DECORATION ,ASSORTED TUTTI FRUTTI KEYRING BALL,MIRRORED WALL ART SKULLS,FOLK ART METAL STAR T-LIGHT HOLDER,FOLK ART METAL HEART T-LIGHT HOLDER
SET/4 WHITE RETRO STORAGE CUBES ,WALL ART SPACEBOY,WALL ART DOLLY GIRL ,CLASSIC CROME BICYCLE BELL ,CLEAR ACRYLIC FACETED BANGLE,WALL ART 70'S ALPHABET 
SET/5 RED RETROSPOT LID GLASS BOWLS,CLOTHES PEGS RETROSPOT PACK 24 ,RED RETROSPOT CAKE STAND,"SET 3 RETROSPOT TEA,COFFEE,SUGAR",RECIPE BOX RETROSPOT ,SET OF 3 CAKE TINS PANTRY DESIGN 
SET/5 RED SPOTTY LID GLASS BOWLS,MISELTOE HEART WREATH CREAM,PEG BAG APPLE DESIGN,SET/5 RED SPOTTY LID GLASS BOWLS,FRYING PAN RED POLKADOT ,WRAP A PRETTY THANK YOU
SET/6 BEAD COASTERS GAUZE BAG GOLD,RED PURSE WITH PINK HEART,ASSTD COL BUTTERFLY/CRYSTAL W/CHIME,PURPLE DRESS JEWELLERY STAND,2 DAISIES HAIR COMB,LARGE BLACK DIAMANTE HAIRSLIDE
SET/6 BLACK BIRD T-LIGHT CANDLES,BLACK LOVE BIRD CANDLE,SET/6 EAU DE NIL BIRD T-LIGHTS,HEN HOUSE W CHICK IN NEST,MARIE ANTOIENETT TRINKET BOX GOLD,FIRST CLASS HOLIDAY PURSE 
SET/6 COLLAGE PAPER CUPS,SET/6 COLLAGE PAPER PLATES,SET/6 FRUIT SALAD PAPER CUPS,SET/6 FRUIT SALAD  PAPER PLATES,RED POLKADOT BEAKER ,PACK OF 20 SPACEBOY NAPKINS
SET/6 COLLAGE PAPER PLATES,SET/6 COLLAGE PAPER CUPS,SET/6 FRUIT SALAD  PAPER PLATES,SET/6 FRUIT SALAD PAPER CUPS,RED POLKADOT BEAKER ,SMALL DOLLY MIX DESIGN ORANGE BOWL
SET/6 EAU DE NIL BIRD T-LIGHTS,SET/6 PINK BIRD T-LIGHT CANDLES,SET/6 BLACK BIRD T-LIGHT CANDLES,FIRST CLASS HOLIDAY PURSE ,S/4 BLACK MINI ROSE CANDLE IN BOWL,TROPICAL PASSPORT COVER 
SET/6 FROG PRINCE T-LIGHT CANDLES,SET OF 6 T-LIGHTS TOADSTOOLS,CACTI T-LIGHT CANDLES,QUEEN OF THE SKIES HOLIDAY PURSE ,S/4 BLACK MINI ROSE CANDLE IN BOWL,YELLOW POT PLANT CANDLE
SET/6 FRUIT SALAD  PAPER PLATES,SET/6 FRUIT SALAD PAPER CUPS,SET/6 COLLAGE PAPER PLATES,PARTY PIZZA DISH PINK POLKADOT,SET/6 COLLAGE PAPER CUPS,PARTY PIZZA DISH GREEN POLKADOT
SET/6 FRUIT SALAD PAPER CUPS,SET/6 FRUIT SALAD  PAPER PLATES,SET/6 COLLAGE PAPER CUPS,SET/6 COLLAGE PAPER PLATES,SET/6 GREEN SPRING PAPER CUPS,SET/6 RED SPOTTY PAPER PLATES
SET/6 GREEN SPRING PAPER CUPS,SET/6 FRUIT SALAD PAPER CUPS,PACK 4 FLOWER/BUTTERFLY PATCHES,MISELTOE HEART WREATH CREAM,FRYING PAN RED POLKADOT ,PEG BAG APPLE DESIGN
SET/6 IVORY BIRD T-LIGHT CANDLES,SET/6 IVORY BIRD T-LIGHT CANDLES,PINK HEARTS PAPER GARLAND,MIRRORED WALL ART FOXY,SET/9 CHRISTMAS T-LIGHTS SCENTED ,BUTTONS AND STRIPES NOTEBOOK 
SET/6 PINK  BUTTERFLY T-LIGHTS,SET/6 TURQUOISE BUTTERFLY T-LIGHTS,SET/6 PURPLE BUTTERFLY T-LIGHTS,S/4 PINK FLOWER CANDLES IN BOWL,"DIAMANTE HEART SHAPED WALL MIRROR, ",TROPICAL PASSPORT COVER 
SET/6 PINK BIRD T-LIGHT CANDLES,SET/6 EAU DE NIL BIRD T-LIGHTS,PINK LOVE BIRD CANDLE,S/4 BLACK MINI ROSE CANDLE IN BOWL,IVORY LOVE BIRD CANDLE,FIRST CLASS HOLIDAY PURSE 
SET/6 POSIES PAPER CUPS,SET/6 POSIES PAPER PLATES,GOLD APERITIF GLASS,JAM JAR WITH BLUE LID,BIRD ON BRANCH CANVAS SCREEN,WHITE STONE/CRYSTAL EARRINGS
SET/6 POSIES PAPER PLATES,SET/6 POSIES PAPER CUPS,HEN HOUSE W CHICK IN NEST,POLYESTER FILLER PAD 60x40cm,GLASS CAKE COVER AND PLATE,MIDNIGHT BLUE CRYSTAL DROP EARRINGS
SET/6 PURPLE BUTTERFLY T-LIGHTS,SET/6 TURQUOISE BUTTERFLY T-LIGHTS,SET/6 PINK  BUTTERFLY T-LIGHTS,S/4 PINK FLOWER CANDLES IN BOWL,"DIAMANTE HEART SHAPED WALL MIRROR, ",6 CHOCOLATE LOVE HEART T-LIGHTS
SET/6 RED SPOTTY PAPER CUPS,SET/6 RED SPOTTY PAPER PLATES,PACK OF 6 SKULL PAPER PLATES,SET/20 RED RETROSPOT PAPER NAPKINS ,PACK OF 6 SKULL PAPER CUPS,RETROSPOT PARTY BAG + STICKER SET
SET/6 RED SPOTTY PAPER PLATES,SET/6 RED SPOTTY PAPER CUPS,SET/20 RED RETROSPOT PAPER NAPKINS ,PACK OF 6 SKULL PAPER PLATES,PACK OF 6 SKULL PAPER CUPS,RETROSPOT PARTY BAG + STICKER SET
SET/6 TURQUOISE BUTTERFLY T-LIGHTS,SET/6 PINK  BUTTERFLY T-LIGHTS,SET/6 PURPLE BUTTERFLY T-LIGHTS,S/4 PINK FLOWER CANDLES IN BOWL,FIRST CLASS LUGGAGE TAG ,OCEAN SCENT CANDLE IN JEWELLED BOX
SET/9 CHRISTMAS T-LIGHTS SCENTED ,SET/6 IVORY BIRD T-LIGHT CANDLES,POTTING SHED SOW 'N' GROW SET,BLUE WIRE SPIRAL CANDLE HOLDER,LONG SILVER NECKLACE PASTEL FLOWER,WHITE BEADED GARLAND STRING 20LIGHT
SET3 BOOK BOX GREEN GINGHAM FLOWER ,SET/3 RED GINGHAM ROSE STORAGE BOX,RED GINGHAM ROSE JEWELLERY BOX,SET OF 3 CAKE TINS PANTRY DESIGN ,MEMO BOARD RETROSPOT  DESIGN,JUMBO BAG PAISLEY PARK
SEWING BOX RETROSPOT DESIGN ,TRIANGULAR POUFFE VINTAGE ,ROSE COTTAGE KEEPSAKE BOX ,TV DINNER TRAY DOLLY GIRL,PIN CUSHION BABUSHKA RED,PIN CUSHION BABUSHKA PINK
SEWING SUSAN 21 NEEDLE SET,GENTLEMAN SHIRT REPAIR KIT ,VICTORIAN SEWING KIT,BASKET OF FLOWERS SEWING KIT,FIRST CLASS HOLIDAY PURSE ,VINTAGE GLASS COFFEE CADDY
SHELF WITH 4 HOOKS HOME SWEET HOME,HOME SWEET HOME 3 PEG HANGER ,LETTER HOLDER HOME SWEET HOME,HOME SWEET HOME KEY HOLDER,HOME SWEET HOME BLACKBOARD,RUSTIC MIRROR WITH LACE HEART
SHOE SHINE BOX ,MA CAMPAGNE CUTLERY BOX,MEDINA STAMPED METAL STOOL,EIGHT PIECE CREEPY CRAWLIE SET,CHERRY BLOSSOM PASSPORT COVER,12 EGG HOUSE PAINTED WOOD
"SILICON CUBE 25W, BLUE",PACK 4 FLOWER/BUTTERFLY PATCHES,ST GEORGE SET OF 10 PARTY LIGHTS,S/3 POT POURI CUSHIONS BLUE COLOURS,WRAP GREEN RUSSIAN FOLKART ,VINTAGE BEAD PINK SHADE 
SILICON STAR BULB  BLUE,"SILICON CUBE 25W, BLUE",PACK 4 FLOWER/BUTTERFLY PATCHES,SILVER AND BLACK ORBIT NECKLACE,PAINTED LIGHTBULB RAINBOW DESIGN,CUBIC MUG FLOCK PINK ON BROWN
SILK PURSE BABUSHKA BLUE,SILK PURSE BABUSHKA RED,SILK PURSE BABUSHKA PINK,PIN CUSHION BABUSHKA PINK,SMALL RED BABUSHKA NOTEBOOK ,"LETTER ""N"" BLING KEY RING"
SILK PURSE BABUSHKA PINK,SILK PURSE BABUSHKA BLUE,SILK PURSE BABUSHKA RED,BLUE GREEN EMBROIDERY COSMETIC BAG,SET 7 BABUSHKA NESTING BOXES,CIRCUS PARADE BABY GIFT SET
SILK PURSE BABUSHKA RED,SILK PURSE BABUSHKA BLUE,SILK PURSE BABUSHKA PINK,HOT WATER BOTTLE BABUSHKA ,FLORAL SOFT CAR TOY,GOLD WASHBAG
SILVER  CANDLEPOT JARDIN ,SILVER LATTICE VANILLA CANDLE POT,WHITE BEADED GARLAND STRING 20LIGHT,WRAP GREEN RUSSIAN FOLKART ,WHITE HEART OF GLASS BRACELET,FINE SILVER NECKLACE W PASTEL FLOWE
SILVER 2 STRAND NECKLACE-LEAF CHARM,SILVER 2 STRAND NECKLACE-LEAF CHARM,CRACKED GLAZE EARRINGS RED,RUBY GLASS CLUSTER EARRINGS,DIAMANTE NECKLACE GREEN,BAROQUE BUTTERFLY EARRINGS BLACK
SILVER AND BLACK ORBIT NECKLACE,SILVER BLACK ORBIT BRACELET,PAINTED LIGHTBULB RAINBOW DESIGN,SILICON STAR BULB  BLUE,BLACK WINE GLASS,CORDIAL GLASS JUG
SILVER APERITIF GLASS,BISCUIT TIN VINTAGE LEAF,BIRD ON BRANCH CANVAS SCREEN,JAM JAR WITH BLUE LID,GOLD APERITIF GLASS,VINTAGE PINK DECORATIVE PARASOL
SILVER BELLS TABLE DECORATION,SILVER STARS TABLE DECORATION,SILVER HEARTS TABLE DECORATION,ZINC FOLKART SLEIGH BELLS,JINGLE BELL HEART DECORATION,SPOTTY BUNTING
SILVER BLACK ORBIT BRACELET,GLASS AND PAINTED BEADS BRACELET TO,SILVER AND BLACK ORBIT NECKLACE,BLACK CRYSTAL DROP EARRINGS,PURPLE LAS VEGAS BRACELET ROUND,GOLD M.O.P. ORBIT NECKLACE
SILVER BLACK ORBIT DROP EARRINGS,NEW BAROQUE B'FLY NECKLACE RED,DOORKNOB CERAMIC IVORY,DIAMANTE HAIR GRIP PACK/2 CRYSTAL,MONTANA DIAMOND CLUSTER EARRINGS,DROP DIAMANTE EARRINGS GREEN
SILVER BOOK MARK WITH BEADS,CLASSIC WHITE FRAME,SET OF 3 PANTRY WOODEN SPOONS,LOVE GARLAND PAINTED ZINC ,HOME GARLAND PAINTED ZINC ,GENTLEMAN SHIRT REPAIR KIT 
SILVER BRACELET W PASTEL FLOWER,WHITE VINTAGE CRYSTAL EARRINGS,NEW BAROQUE B'FLY NECKLACE CRYSTAL,WHITE ROSEBUD & PEARL NECKLACE,ORANGE/WHT/FUSCHIA STONES NECKLACE,NEW BAROQUE B'FLY NECKLACE GREEN
SILVER CHRISTMAS TREE BAUBLE STAND ,MOROCCAN BEATEN METAL MIRROR,LARGE BLACK DIAMANTE HAIRSLIDE,PINK DAISY BAG CHARM,GLASS CAKE COVER AND PLATE,ORANGE FELT VASE + FLOWERS
SILVER DIAMANTE PEN IN GIFT BOX,LILAC DIAMANTE PEN IN GIFT BOX,PINK DIAMANTE PEN IN GIFT BOX,BLUE  DIAMANTE PEN IN GIFT BOX,GREEN  DIAMANTE PEN IN GIFT BOX,METALIC LEAVES BAG CHARMS
SILVER DISCO HANDBAG,BLUE DISCO HANDBAG,PINK DISCO HANDBAG,RED PEONY CUSHION COVER ,GREEN PEONY CUSHION COVER,ASSTD RASTA KEY-CHAINS
SILVER DROP EARRINGS WITH FLOWER,ANT SILVER FUSCHIA BOUDICCA RING,IVORY SHELL HEART EARRINGS,SILVER/M.O.P PENDANT ORBIT NECKLACE,PINK CHERRY BLOSSOM CUP & SAUCER,PINK/WHITE GLASS DEMI CHOKER
SILVER FABRIC MIRROR,GOLD FABRIC MIRROR,ROUND CACTUS CANDLE,"SILICON CUBE 25W, BLUE",COCKLE SHELL DISH,MIRRORED WALL ART TABLE LAMP
SILVER FISHING GNOME ,QUEEN OF THE SKIES HOLIDAY PURSE ,GOLD FISHING GNOME,DOTCOM POSTAGE,POLYESTER FILLER PAD 60x40cm,FIRST CLASS HOLIDAY PURSE 
SILVER FLOWR PINK SHELL NECKLACE,PINK CHERRY BLOSSOM CUP & SAUCER,PACK 4 FLOWER/BUTTERFLY PATCHES,SILVER LARIAT BLACK STONE EARRINGS,SILVER HOOP EARRINGS WITH FLOWER,DROP DIAMANTE EARRINGS BLACK DIAMON
SILVER GLASS T-LIGHT SET,DIAMOND LAS VEGAS NECKLACE 45CM,DOTCOM POSTAGE,DIAMANTE NECKLACE BLACK ,DIAMANTE NECKLACE PURPLE,AMBER GLASS/SHELL/PEARL NECKLACE
SILVER GLITTER FLOWER VOTIVE HOLDER,PASTEL BLUE PHOTO ALBUM ,SET/4 BIRD MIRROR MAGNETS ,GLITTER CHRISTMAS STAR ,JIGSAW RABBIT AND BIRDHOUSE,GLITTER HEART DECORATION
SILVER HANGING T-LIGHT HOLDER,ANTIQUE SILVER TEA GLASS ENGRAVED,ANTIQUE SILVER T-LIGHT GLASS,VICTORIAN GLASS HANGING T-LIGHT,EMBOSSED GLASS TEALIGHT HOLDER,AGED GLASS SILVER T-LIGHT HOLDER
SILVER HEARTS TABLE DECORATION,SILVER STARS TABLE DECORATION,SILVER BELLS TABLE DECORATION,PLACE SETTING WHITE HEART,SET 6 PAPER TABLE LANTERN HEARTS ,GINGERBREAD MAN COOKIE CUTTER
SILVER HOOP EARRINGS WITH FLOWER,GREEN VINTAGE EARRINGS ,SILVER FLOWR PINK SHELL NECKLACE,PURPLE AMETHYST NECKLACE W TASSEL,SILVER DROP EARRINGS WITH FLOWER,ANT SILVER FUSCHIA BOUDICCA RING
SILVER JEWELLED MIRROR TRINKET TRAY,PINK JEWELLED MIRROR TRINKET TRAY,BLUE PAINTED KASHMIRI CHAIR,FRYING PAN RED POLKADOT ,SET/5 RED SPOTTY LID GLASS BOWLS,PEG BAG APPLE DESIGN
SILVER LARIAT 40CM,WHITE VINT ART DECO CRYSTAL NECKLAC,5 STRAND GLASS NECKLACE AMETHYST,DIAMANTE NECKLACE BLACK ,CLASSIC DIAMANTE NECKLACE JET,BIRD ON BRANCH CANVAS SCREEN
SILVER LARIAT BLACK STONE EARRINGS,SILVER FLOWR PINK SHELL NECKLACE,PINK CHERRY BLOSSOM CUP & SAUCER,"PEARL & SHELL 42""NECKL. GREEN",GLASS AND PAINTED BEADS BRACELET TO,FRESHWATER PEARL BRACELET GOLD
SILVER LATTICE VANILLA CANDLE POT,3 WICK CHRISTMAS BRIAR CANDLE ,SILVER  CANDLEPOT JARDIN ,WHITE HEART OF GLASS BRACELET,WHITE BEADED GARLAND STRING 20LIGHT,WRAP GREEN RUSSIAN FOLKART 
SILVER LOOKING MIRROR,SCENTED CANDLE IN DIGITALIS TIN,HEN HOUSE W FAMILY IN BARN & NEST,NUMBER TILE COTTAGE GARDEN 0 ,NUMBER TILE COTTAGE GARDEN No,PINK OVAL JEWELLED MIRROR
SILVER M.O.P ORBIT BRACELET,SILVER M.O.P. ORBIT NECKLACE,ANTIQUE OLIVE GREEN FLOWER EARRINGS,SILVER M.O.P ORBIT DROP EARRINGS,CRACKED GLAZE EARRINGS RED,RUBY GLASS CLUSTER EARRINGS
SILVER M.O.P ORBIT DROP EARRINGS,FILIGREE DIAMANTE EARRINGS,DROP DIAMANTE EARRINGS PURPLE,AMBER DROP EARRINGS W LONG BEADS,SILVER M.O.P. ORBIT NECKLACE,PURPLE ENAMEL+GLASS HAIR COMB
SILVER M.O.P. ORBIT NECKLACE,RUBY GLASS CLUSTER EARRINGS,CRACKED GLAZE EARRINGS RED,DROP EARRINGS W FLOWER & LEAF,VINTAGE ENAMEL & CRYSTAL NECKLACE,PINK ROSEBUD & PEARL NECKLACE
SILVER MUG BONE CHINA TREE OF LIFE,GOLD MUG BONE CHINA TREE OF LIFE,CHRISTMAS PUDDING TRINKET POT ,"CHARLIE+LOLA""EXTREMELY BUSY"" SIGN","KEY FOB , SHED",SMALL DOLLY MIX DESIGN ORANGE BOWL
SILVER OVAL SHAPE TRINKET BOX,PINK OVAL SHAPE TRINKET BOX,LASER CUT MULTI STRAND NECKLACE,PACK 4 FLOWER/BUTTERFLY PATCHES,WRAP BLUE RUSSIAN FOLKART,SILVER HOOP EARRINGS WITH FLOWER
SILVER PHOTO FRAME,GOLD PHOTO FRAME,GREEN JUICY FRUIT PHOTO FRAME,RAIN PONCHO ,SILVER STANDING GNOME   ,VIP PASSPORT COVER 
SILVER PLATE CANDLE BOWL SMALL,SMALL SILVER FLOWER CANDLE POT,PURPLE FRANGIPANI NECKLACE,SMALL SILVER TRELLIS CANDLEPOT,SMALL WHITE/PINK ROSE ART FLOWER,SILVER VANILLA  FLOWER CANDLE POT
SILVER RECORD COVER FRAME,VINYL RECORD FRAME SILVER,QUEEN OF THE SKIES HOLIDAY PURSE ,DOTCOM POSTAGE,FIRST CLASS HOLIDAY PURSE ,MIRROR MOSAIC CANDLE PLATE
SILVER ROCCOCO CHANDELIER,2 DAISIES HAIR COMB,CLASSIC DIAMANTE EARRINGS JET,"GARLAND, MAGIC GARDEN 1.8M",ORANGE PENDANT TRIPLE SHELL NECKLAC,DAISY HAIR COMB
SILVER ROCOCO CANDLE STICK,PURPLE ANEMONE ARTIFICIAL FLOWER,GOLD APERITIF GLASS,JAM JAR WITH BLUE LID,BIRD ON BRANCH CANVAS SCREEN,RED ROSE AND LACE C/COVER
SILVER STANDING GNOME   ,PURPLE FRANGIPANI NECKLACE,DIAMANTE HAIR GRIP PACK/2 LT ROSE,WHITE FRANGIPANI NECKLACE,DIAMANTE HAIR GRIP PACK/2 RUBY,GOLD WASHBAG
SILVER STARS TABLE DECORATION,SILVER HEARTS TABLE DECORATION,SILVER BELLS TABLE DECORATION,BOX OF 6 MINI 50'S CRACKERS,GINGERBREAD MAN COOKIE CUTTER,SPOTTY BUNTING
SILVER T-LIGHT SETTING,BLOSSOM IMAGES SCRAP BOOK SET,DAISY HAIR COMB,MONTANA DIAMOND CLUSTER EARRINGS,DIAMANTE HAIR GRIP PACK/2 CRYSTAL,DIAMANTE HAIR GRIP PACK/2 PERIDOT
SILVER TEDDY BEAR,QUEEN OF THE SKIES HOLIDAY PURSE ,BLUE/YELLOW CERAMIC CANDLE HOLDER,ORANGE FELT VASE + FLOWERS,FIRST CLASS HOLIDAY PURSE ,POLYESTER FILLER PAD 60x40cm
SILVER VANILLA  FLOWER CANDLE POT,SMALL HAMMERED SILVER CANDLEPOT ,PINK POLKADOT KIDS BAG,FUNKY MONKEY MUG,SILVER PLATE CANDLE BOWL SMALL,SMALL SILVER TRELLIS CANDLEPOT
SILVER/AMETHYST DROP EARRINGS LEAF,CRYSTAL HOOP EARRING FLORAL LEAF,AMETHYST HOOP EARRING FLORAL LEAF,ROSE COLOUR PAIR HEART HAIR SLIDES,TURQ STONE/CRYSTAL EARRINGS,IVORY SHELL HEART EARRINGS
SILVER/BLACK ORBIT NECKLACE,SET OF 3 PINK FLYING DUCKS,"FLOWER GLASS GARLAND NECKL.36""BLUE",GLASS BEAD HOOP NECKLACE MONTANA,GLASS BEAD HOOP NECKLACE AMETHYST,"FLOWER GLASS GARLAND NECKL.36""BLACK"
SILVER/CRYSTAL DROP EARRINGS W LEAF,GLASS BEAD HOOP NECKLACE BLACK,ANTIQUE RASPBERRY FLOWER EARRINGS,GOLD/AMBER DROP EARRINGS W LEAF,SILVER/CRYSTAL DROP EARRINGS W LEAF,NEW BAROQUE SMALL NECKLACE BLACK
SILVER/M.O.P PENDANT ORBIT NECKLACE,IVORY SHELL HEART NECKLACE,SILVER DROP EARRINGS WITH FLOWER,FINE SILVER NECKLACE W PASTEL FLOWE,PINK/WHITE GLASS DEMI CHOKER,IVORY SHELL HEART EARRINGS
SILVER/MOP ORBIT NECKLACE,FILIGREE DIAMANTE EARRINGS,IVORY SHELL HEART EARRINGS,IVORY SHELL HEART NECKLACE,PINK/WHITE GLASS DEMI CHOKER,PURPLE CHUNKY GLASS+BEAD NECKLACE
SILVER/NAT SHELL NECKLACE W PENDANT,PURPLE AMETHYST NECKLACE W TASSEL,BLUE/NAT SHELL NECKLACE W PENDANT,PACK 4 FLOWER/BUTTERFLY PATCHES,PINK/WHITE GLASS DEMI CHOKER,DIAMANTE BOW BROOCH BLACK COLOUR
SILVER/NATURAL SHELL NECKLACE,BLUE/NAT SHELL NECKLACE W PENDANT,IVORY SHELL HEART EARRINGS,BLUE/GREEN SHELL NECKLACE W PENDANT,BLUE LEAVES AND BEADS PHONE CHARM,PINK/WHITE GLASS DEMI CHOKER
SINGLE ANTIQUE ROSE HOOK IVORY,TRIPLE HOOK ANTIQUE IVORY ROSE,MINIATURE ANTIQUE ROSE HOOK IVORY,CREAM CUPID HEARTS COAT HANGER,WOODEN PICTURE FRAME WHITE FINISH,WOOD 2 DRAWER CABINET WHITE FINISH
SINGLE HEART ZINC T-LIGHT HOLDER,HANGING HEART ZINC T-LIGHT HOLDER,ZINC T-LIGHT HOLDER STAR LARGE,ZINC T-LIGHT HOLDER STARS SMALL,HANGING HEART JAR T-LIGHT HOLDER,NATURAL SLATE HEART CHALKBOARD 
SINGLE WIRE HOOK IVORY HEART,TRIPLE WIRE HOOK IVORY HEART,SINGLE WIRE HOOK PINK HEART,SMALL HEART FLOWERS HOOK ,IVORY SWEETHEART WIRE LETTER RACK ,SINGLE ANTIQUE ROSE HOOK IVORY
SINGLE WIRE HOOK PINK HEART,SINGLE WIRE HOOK IVORY HEART,TRIPLE WIRE HOOK IVORY HEART,TRIPLE WIRE HOOK PINK HEART,ROSE DU SUD CUSHION COVER,SMALL HEART FLOWERS HOOK 
SIX DRAWER OFFICE TIDY, NINE DRAWER OFFICE TIDY,"WALL ART , THE MAGIC FOREST ",ORANGE FLOWER MUG ,BAROQUE BUTTERFLY EARRINGS CRYSTAL,5 STRAND GLASS NECKLACE AMETHYST
SKETCHBOOK MAGNETIC SHOPPING LIST,VINTAGE LEAF MAGNETIC NOTEPAD,PANTRY MAGNETIC  SHOPPING LIST,RECIPE BOX BLUE SKETCHBOOK DESIGN,RECIPE BOX RETROSPOT ,BUNDLE OF 3 RETRO NOTE BOOKS
SKULL AND CROSSBONES  GARLAND ,PACK OF 6 SKULL PAPER CUPS,PACK OF 20 SKULL PAPER NAPKINS,PACK OF 6 SKULL PAPER PLATES,SET OF 9 BLACK SKULL BALLOONS,PAPER CHAIN KIT SKULLS 
SKULL DESIGN TV DINNER TRAY,TV DINNER TRAY VINTAGE PAISLEY,TV DINNER TRAY DOLLY GIRL,EMPIRE UNION JACK TV DINNER TRAY,ROUND SNACK BOXES SET OF 4 SKULLS,36 PENCILS TUBE SKULLS
SKULL LUNCH BOX WITH CUTLERY ,STRAWBERRY LUNCH BOX WITH CUTLERY,LUNCH BOX WITH CUTLERY RETROSPOT ,DINOSAUR LUNCH BOX WITH CUTLERY,LUNCH BAG  BLACK SKULL.,ROUND SNACK BOXES SET OF 4 SKULLS
SKULL SHOULDER BAG,SUKI  SHOULDER BAG,LUNCH BAG  BLACK SKULL.,FUNKY MONKEY CUSHION COVER,LUNCH BAG SUKI DESIGN ,JUMBO STORAGE BAG SKULLS
SKULLS  DESIGN  COTTON TOTE BAG,LOLITA  DESIGN  COTTON TOTE BAG,SAVE THE PLANET COTTON TOTE BAG,SKULLS SQUARE TISSUE BOX,"LETTER ""N"" BLING KEY RING",EIGHT PIECE CREEPY CRAWLIE SET
SKULLS  STICKERS,HEARTS  STICKERS,SET/4 SKULL BADGES,BUTTERFLIES STICKERS,SKULLS  WATER TRANSFER TATTOOS ,SET OF 9 BLACK SKULL BALLOONS
SKULLS  WATER TRANSFER TATTOOS ,SET/4 SKULL BADGES,SKULLS  STICKERS,SET OF 9 BLACK SKULL BALLOONS,PACK OF 6 SKULL PAPER CUPS,PACK OF 6 SKULL PAPER PLATES
SKULLS AND CROSSBONES WRAP,WRAP SUKI AND FRIENDS,SKULLS GREETING CARD,RED RETROSPOT WRAP ,SPACEBOY GIFT WRAP,BLUE POLKADOT WRAP
SKULLS DESIGN FLANNEL,STRAWBERRIES  DESIGN FLANNEL ,4 PINK FLOCK CHRISTMAS BALLS,PINK POLKADOT KIDS BAG,POLYESTER FILLER PAD 60x40cm,FIRST CLASS HOLIDAY PURSE 
SKULLS GREETING CARD,CARD SUKI BIRTHDAY,SKULLS AND CROSSBONES WRAP,SPACEBOY BIRTHDAY CARD,ROBOT BIRTHDAY CARD,SWALLOWS GREETING CARD
SKULLS PARTY BAG + STICKER SET,RETROSPOT PARTY BAG + STICKER SET,PACK OF 6 SKULL PAPER CUPS,PACK OF 20 SKULL PAPER NAPKINS,PACK OF 6 SKULL PAPER PLATES,DINOSAUR PARTY BAG + STICKER SET
SKULLS SQUARE TISSUE BOX,MOTORING TISSUE BOX,ST GEORGE SET OF 10 PARTY LIGHTS,BOUDOIR SQUARE TISSUE BOX,PINK PAISLEY SQUARE TISSUE BOX ,RED RETROSPOT TISSUE BOX
SKULLS STORAGE BOX LARGE,SKULLS STORAGE BOX SMALL,EIGHT PIECE CREEPY CRAWLIE SET,PACK 4 FLOWER/BUTTERFLY PATCHES,PINK POLKADOT KIDS BAG,GIRLY PINK TOOL SET
SKULLS STORAGE BOX SMALL,SKULLS STORAGE BOX LARGE,EIGHT PIECE CREEPY CRAWLIE SET,200 BENDY SKULL STRAWS,SMALL POP BOX FUNKY MONKEY,GIRLY PINK TOOL SET
SKULLS TAPE,CAKES AND BOWS GIFT  TAPE,HEARTS GIFT TAPE,STARS GIFT TAPE ,RED RETROSPOT TAPE,VINTAGE BEAD PINK SHADE 
SKULLS WRITING SET ,DINOSAURS  WRITING SET ,BALLOONS  WRITING SET ,12 PENCILS TALL TUBE SKULLS,PACK OF 72 SKULL CAKE CASES,36 PENCILS TUBE SKULLS
SLATE TILE NATURAL HANGING,NATURAL SLATE RECTANGLE CHALKBOARD,NATURAL SLATE HEART CHALKBOARD ,NATURAL SLATE CHALKBOARD LARGE ,HANGING HEART ZINC T-LIGHT HOLDER,WASHROOM METAL SIGN
SLEEPING CAT ERASERS,KITTY PENCIL ERASERS,PARTY TIME PENCIL ERASERS,DOGGY RUBBER,LETTER SHAPE PENCIL SHARPENER,PENS ASSORTED FUNNY FACE
SMALL APOTHECARY MEASURING JAR ,APOTHECARY MEASURING JAR,LARGE APOTHECARY MEASURING JAR ,SET 36 COLOURING PENCILS DOILEY,SET 12 COLOURING PENCILS DOILEY,SILVER AND BLACK ORBIT NECKLACE
SMALL BLUE PROVENCAL CERAMIC BALL,LARGE BLUE PROVENCAL CERAMIC BALL,RED BOUDICCA LARGE BRACELET,"FLOWER GLASS GARLAND NECKL.36""GREEN",GOLD M.O.P ORBIT BRACELET,FIRE POLISHED GLASS BRACELET GREEN
SMALL BONNE JAM JAR  T-LIGHT HOLDER,RIDGED BONNE JAM JAR T-LIGHT HOLDER,LARGE BONNE JAM JAR  T-LIGHT HOLDER,"GARLAND, MAGIC GARDEN 1.8M",GREEN WITH METAL BAG CHARM,CLASSIC DIAMANTE EARRINGS JET
SMALL CAMPHOR WOOD FIELD  MUSHROOM,CAMPHOR WOOD PORTOBELLO MUSHROOM,SMALL TALL CAMPHOR WOOD TOADSTOOL,LARGE CAMPHOR WOOD FIELD MUSHROOM ,LARGE  TALL CAMPHOR WOOD TOADSTOOL ,PINK PAINTED KASHMIRI CHAIR
SMALL CERAMIC TOP STORAGE JAR ,MEDIUM CERAMIC TOP STORAGE JAR,LARGE CERAMIC TOP STORAGE JAR,SET OF 4 PANTRY JELLY MOULDS,SET OF 60 PANTRY DESIGN CAKE CASES ,PANTRY MAGNETIC  SHOPPING LIST
SMALL CHINESE STYLE SCISSOR,LARGE CHINESE STYLE SCISSOR,MEDIUM CHINESE STYLE SCISSOR,PURPLE FRANGIPANI NECKLACE,GREEN PAIR HEART HAIR SLIDES,DIAMANTE HAIR GRIP PACK/2 BLACK DIA
SMALL CHOCOLATES PINK BOWL,SMALL MARSHMALLOWS PINK BOWL,BISCUITS SMALL BOWL LIGHT BLUE,SMALL DOLLY MIX DESIGN ORANGE BOWL,SMALL LICORICE DES PINK BOWL,MIXED NUTS LIGHT GREEN BOWL
SMALL CHUNKY GLASS ROMAN  BOWL,GLASS CHALICE GREEN  LARGE ,BLACK MEDIUM GLASS CAKE STAND,SMALL PINK GLASS SUNDAE DISH,GREY ACRYLIC FACETED BANGLE,GLASS CHALICE GREEN  SMALL 
SMALL DECO JEWELLERY STAND,LARGE DECO JEWELLERY STAND,SMALL IVORY HEART WALL ORGANISER,3 BIRDS CANVAS SCREEN,ALUMINIUM STAMPED HEART,VINTAGE EMBOSSED HEART
SMALL DOLLY MIX DESIGN ORANGE BOWL,SMALL MARSHMALLOWS PINK BOWL,SMALL CHOCOLATES PINK BOWL,BISCUITS SMALL BOWL LIGHT BLUE,SMALL LICORICE DES PINK BOWL,MIXED NUTS LIGHT GREEN BOWL
SMALL FOLDING SCISSOR(POINTED EDGE),ROUND PURPLE CLOCK WITH SUCKER,BLUE BREAKFAST CUP AND SAUCER ,ROUND ARTICULATED PINK CLOCK W/SUCK,PENS ASSORTED SPACEBALL,SET/4 SPRING FLOWER DECORATION
SMALL FOLKART STAR CHRISTMAS DEC,FOLK ART METAL HEART T-LIGHT HOLDER,PINK STOCKING CHRISTMAS DECORATION,CHRISTMAS HANGING TREE WITH BELL,FOLKART CLIP ON STARS,FOLKART STAR CHRISTMAS DECORATIONS
SMALL GLASS HEART TRINKET POT,ANTIQUE TALL SWIRLGLASS TRINKET POT,ANTIQUE GLASS DRESSING TABLE POT,GLASS BON BON JAR,HANGING HEART JAR T-LIGHT HOLDER,NATURAL SLATE HEART CHALKBOARD 
SMALL GLASS SUNDAE DISH CLEAR,SMALL PINK GLASS SUNDAE DISH,GLASS CHALICE GREEN  LARGE ,YELLOW PINK FLOWER DESIGN BIG BOWL,PURPLE DRESS JEWELLERY STAND,LARGE PINK GLASS SUNDAE DISH
SMALL HAMMERED SILVER CANDLEPOT ,SILVER VANILLA  FLOWER CANDLE POT,SMALL REGAL  SILVER CANDLEPOT ,SMALL SILVER FLOWER CANDLE POT,SILVER PLATE CANDLE BOWL SMALL,SMALL SILVER TRELLIS CANDLEPOT
SMALL HANGING GLASS+ZINC LANTERN,PINK ACRYLIC JEWEL SNOWFLAKE,FLAG OF ST GEORGE ,ENVELOPE 50 ROMANTIC IMAGES,"ACRYLIC JEWEL ANGEL,PINK",LA PALMIERA WALL THERMOMETER
SMALL HANGING IVORY/RED WOOD BIRD,LARGE HANGING IVORY & RED WOOD BIRD,LOVEBIRD HANGING DECORATION WHITE ,HEART WOODEN CHRISTMAS DECORATION,CHRISTMAS RETROSPOT ANGEL WOOD,SWALLOW WOODEN CHRISTMAS DECORATION
SMALL HEART FLOWERS HOOK ,SINGLE WIRE HOOK IVORY HEART,TRIPLE WIRE HOOK IVORY HEART,SINGLE WIRE HOOK PINK HEART,WHITE JEWELLED HEART DECORATION,CREAM CUPID HEARTS COAT HANGER
SMALL HEART MEASURING SPOONS,LARGE HEART MEASURING SPOONS,FOOD CONTAINER SET 3 LOVE HEART ,SET OF 3 HEART COOKIE CUTTERS,GINGERBREAD MAN COOKIE CUTTER,RED LOVE HEART SHAPE CUP
SMALL IVORY HEART WALL ORGANISER,LARGE IVORY HEART WALL ORGANISER,SMALL ZINC HEART WALL ORGANISER,CREAM HEART CARD HOLDER,TRIPLE WIRE HOOK IVORY HEART,ZINC SWEETHEART WIRE LETTER RACK
SMALL JEWELLERY STAND,LARGE JEWELLERY STAND,ZINC PLANT POT HOLDER,CORDIAL JUG,FLOWERS HANDBAG blue and orange,LUNCH BAG VINTAGE DOILEY 
SMALL KITCHEN FLOWER POTS PLAQUE,KITCHEN FLOWER POTS WALL PLAQUE,2 DAISIES HAIR COMB,"GARLAND, MAGIC GARDEN 1.8M",ORANGE PENDANT TRIPLE SHELL NECKLAC,DOORKNOB CERAMIC IVORY
SMALL LICORICE DES PINK BOWL,MIXED NUTS LIGHT GREEN BOWL,SMALL CHOCOLATES PINK BOWL,BISCUITS SMALL BOWL LIGHT BLUE,SMALL DOLLY MIX DESIGN ORANGE BOWL,SMALL MARSHMALLOWS PINK BOWL
SMALL MARSHMALLOWS PINK BOWL,SMALL DOLLY MIX DESIGN ORANGE BOWL,SMALL CHOCOLATES PINK BOWL,BISCUITS SMALL BOWL LIGHT BLUE,SMALL LICORICE DES PINK BOWL,MIXED NUTS LIGHT GREEN BOWL
SMALL MEDINA STAMPED METAL BOWL ,MEDIUM MEDINA STAMPED METAL BOWL ,FIRST CLASS HOLIDAY PURSE ,LARGE MEDINA STAMPED METAL BOWL ,MEDINA STAMPED METAL STOOL,CANDLE PLATE LACE WHITE
SMALL PARISIENNE HEART PHOTO FRAME ,PARISIENNE CURIO CABINET,LARGE ANTIQUE WHITE PHOTO FRAME,PHOTO FRAME LINEN AND LACE LARGE,PARISIENNE KEY CABINET ,PHOTO FRAME CORNICE
SMALL PARLOUR FRAME,LARGE PARLOUR FRAME,SMALL PARLOUR FRAME,FRYING PAN RED POLKADOT ,MISELTOE HEART WREATH CREAM,LUNCH BAG RED SPOTTY
SMALL PARLOUR PICTURE FRAME,MEDIUM PARLOUR PICTURE FRAME ,LARGE PARLOUR PICTURE FRAME,IVORY SHELL HEART EARRINGS,BLUE/NAT SHELL NECKLACE W PENDANT,PINK/WHITE GLASS DEMI CHOKER
SMALL PINK GLASS SUNDAE DISH,LARGE PINK GLASS SUNDAE DISH,PURPLE DRESS JEWELLERY STAND,GLASS CHALICE BLUE SMALL ,GLASS CHALICE GREEN  SMALL ,DOORKNOB CRACKED GLAZE BLUE
SMALL PINK MAGIC CHRISTMAS TREE,VINTAGE PHOTO ALBUM PARIS DAYS,PURPLE FRANGIPANI NECKLACE,FOLK ART METAL HEART T-LIGHT HOLDER,DIAMANTE HAIR GRIP PACK/2 RUBY,DIAMANTE HAIR GRIP PACK/2 BLACK DIA
SMALL POLKADOT CHOCOLATE GIFT BAG ,LARGE STRIPES CHOCOLATE GIFT BAG,SMALL STRIPES CHOCOLATE GIFT BAG ,RUBY DROP CHANDELIER EARRINGS,STRIPEY CHOCOLATE NESTING BOXES,DOORKNOB CERAMIC IVORY
SMALL POP BOX FUNKY MONKEY,"SMALL POP BOX,FUNKY MONKEY",FIRST CLASS HOLIDAY PURSE ,FUNKY MONKEY CUSHION COVER,BLUE BREAKFAST CUP AND SAUCER ,MONEY BOX FIRST AID DESIGN
"SMALL POP BOX,FUNKY MONKEY",SMALL POP BOX FUNKY MONKEY,ORANGE FELT VASE + FLOWERS,HEN HOUSE W CHICK IN NEST,POLYESTER FILLER PAD 60x40cm,GLASS CAKE COVER AND PLATE
SMALL POPCORN HOLDER,POPCORN HOLDER,LARGE POPCORN HOLDER ,SET/20 RED RETROSPOT PAPER NAPKINS ,LUNCH BAG RED RETROSPOT,PACK OF 72 RETROSPOT CAKE CASES
SMALL PURPLE BABUSHKA NOTEBOOK ,SMALL RED BABUSHKA NOTEBOOK ,SMALL YELLOW BABUSHKA NOTEBOOK ,LARGE RED BABUSHKA NOTEBOOK ,LARGE PURPLE BABUSHKA NOTEBOOK  ,LARGE YELLOW BABUSHKA NOTEBOOK 
SMALL RED BABUSHKA NOTEBOOK ,SMALL YELLOW BABUSHKA NOTEBOOK ,SMALL PURPLE BABUSHKA NOTEBOOK ,LARGE PURPLE BABUSHKA NOTEBOOK  ,LARGE RED BABUSHKA NOTEBOOK ,LARGE YELLOW BABUSHKA NOTEBOOK 
SMALL RED RETROSPOT MUG IN BOX ,SMALL WHITE RETROSPOT MUG IN BOX ,RED SPOTTY BISCUIT TIN,DIAMANTE HAIR GRIP PACK/2 LT ROSE,"SET 3 RETROSPOT TEA,COFFEE,SUGAR",RED RETROSPOT SUGAR JAM BOWL
SMALL RED RETROSPOT WINDMILL,LARGE RED RETROSPOT WINDMILL,SMALL SKULL WINDMILL,WATERING CAN PINK BUNNY,WATERING CAN BLUE ELEPHANT,PAPER BUNTING RETROSPOT
SMALL REGAL  SILVER CANDLEPOT ,SMALL SILVER TRELLIS CANDLEPOT,SMALL HAMMERED SILVER CANDLEPOT ,VINTAGE KEEPSAKE BOX PINK FLOWER,DANISH ROSE UMBRELLA STAND,SMALL SILVER FLOWER CANDLE POT
SMALL ROUND CUT GLASS CANDLESTICK,HEN HOUSE W CHICK IN NEST,3 WICK CHRISTMAS BRIAR CANDLE ,ORANGE FELT VASE + FLOWERS,BLUE/NAT SHELL NECKLACE W PENDANT,IVORY SHELL HEART EARRINGS
SMALL SILVER FLOWER CANDLE POT,SILVER PLATE CANDLE BOWL SMALL,SMALL HAMMERED SILVER CANDLEPOT ,PURPLE ANEMONE ARTIFICIAL FLOWER,2 DAISIES HAIR COMB,PURPLE ENAMEL FLOWER HAIR TIE
SMALL SILVER TRELLIS CANDLEPOT,SMALL REGAL  SILVER CANDLEPOT ,SILVER PLATE CANDLE BOWL SMALL,ROSE PENDANT TRIPLE SHELL NECKLACE,ROBIN CHRISTMAS CARD,PINK PAINTED KASHMIRI CHAIR
SMALL SINGLE FLAME CANDLE HOLDER,HEAVENS SCENT FRAGRANCE OILS ASSTD,ROSE FLOWER CANDLE+INCENSE 16X16CM,SILVER 2 STRAND NECKLACE-LEAF CHARM,DROP EARRINGS W FLOWER & LEAF,GLASS BEAD HOOP NECKLACE AMETHYST
SMALL SKULL WINDMILL,SMALL RED RETROSPOT WINDMILL,LARGE SKULL WINDMILL,PACK OF 12 SKULL TISSUES,HEN PARTY CORDON BARRIER TAPE,FUNKY MONKEY MUG
SMALL SQUARE CUT GLASS CANDLESTICK,SMALL ROUND CUT GLASS CANDLESTICK,POLYESTER FILLER PAD 60x40cm,PACK 4 FLOWER/BUTTERFLY PATCHES,ORANGE FELT VASE + FLOWERS,HEN HOUSE W CHICK IN NEST
SMALL STRIPES CHOCOLATE GIFT BAG ,LARGE STRIPES CHOCOLATE GIFT BAG,SMALL POLKADOT CHOCOLATE GIFT BAG ,STRIPEY CHOCOLATE NESTING BOXES,DOORKNOB CRACKED GLAZE BLUE,DOORKNOB CERAMIC IVORY
SMALL TALL CAMPHOR WOOD TOADSTOOL,CAMPHOR WOOD PORTOBELLO MUSHROOM,SMALL CAMPHOR WOOD FIELD  MUSHROOM,LARGE  TALL CAMPHOR WOOD TOADSTOOL ,LARGE CAMPHOR WOOD FIELD MUSHROOM ,BLUE FELT HANGING HEART WITH FLOWER
SMALL WHITE HEART OF WICKER,LARGE WHITE HEART OF WICKER,HEART OF WICKER SMALL,IVORY WICKER HEART LARGE,WHITE WICKER STAR ,IVORY WICKER HEART MEDIUM
SMALL WHITE RETROSPOT MUG IN BOX ,SMALL RED RETROSPOT MUG IN BOX ,DIAMANTE HAIR GRIP PACK/2 LT ROSE,PAIR OF PINK FLOWER CLUSTER SLIDE,PURPLE FRANGIPANI NECKLACE,NEW BAROQUE B'FLY NECKLACE RED
SMALL WHITE/PINK ROSE ART FLOWER,SILVER/M.O.P PENDANT ORBIT NECKLACE,RED ROSE AND LACE C/COVER,BLUE/NAT SHELL NECKLACE W PENDANT,PURPLE ANEMONE ARTIFICIAL FLOWER,PINK/WHITE GLASS DEMI CHOKER
SMALL YELLOW BABUSHKA NOTEBOOK ,SMALL RED BABUSHKA NOTEBOOK ,SMALL PURPLE BABUSHKA NOTEBOOK ,LARGE PURPLE BABUSHKA NOTEBOOK  ,LARGE YELLOW BABUSHKA NOTEBOOK ,LARGE RED BABUSHKA NOTEBOOK 
SMALL ZINC HEART WALL ORGANISER,LARGE ZINC HEART WALL ORGANISER,SMALL IVORY HEART WALL ORGANISER,QUEEN OF THE SKIES HOLIDAY PURSE ,LARGE IVORY HEART WALL ORGANISER,ORANGE FELT VASE + FLOWERS
SMALL ZINC/GLASS CANDLEHOLDER,PINK EASTER HENS+FLOWER,5 STRAND GLASS NECKLACE AMETHYST,RUBY GLASS CLUSTER NECKLACE,GOLD APERITIF GLASS,BIRD ON BRANCH CANVAS SCREEN
SMALLFOLKART BAUBLE CHRISTMAS DEC,DOORKNOB CERAMIC IVORY,BLACK 3 BEAD DROP EARRINGS,MONTANA DIAMOND CLUSTER EARRINGS,ROSE PENDANT TRIPLE SHELL NECKLACE,2 DAISIES HAIR COMB
SMOKEY GREY COLOUR D.O.F. GLASS,ELVIS WALLHANGING / CURTAIN,PURPLE DRESS JEWELLERY STAND,DOORKNOB CRACKED GLAZE BLUE,PURPLE ENAMEL FLOWER HAIR TIE,ROSE PENDANT TRIPLE SHELL NECKLACE
SMOKEY GREY COLOUR GLASS,PURPLE GLASS TASSLE BAG CHARM,BUTTERFLY CUSHION COVER,GLASS BEAD HOOP NECKLACE GREEN,CRACKED GLAZE NECKLACE IVORY,AMBER GLASS TASSLE BAG CHARM
SNACK TRAY HAPPY FOREST  ,SNACK TRAY RED VINTAGE DOILY,SNACK TRAY PAISLEY PARK,SNACK TRAY I LOVE LONDON,ENAMEL MUG PANTRY,SNACK TRAY RED GINGHAM
SNACK TRAY I LOVE LONDON,SNACK TRAY HAPPY FOREST  ,ASSTD RASTA KEY-CHAINS,WRAP I LOVE LONDON ,WHITE ROSEBUD  PEARL EARRINGS,PACK 4 FLOWER/BUTTERFLY PATCHES
SNACK TRAY PAISLEY PARK,SNACK TRAY RED VINTAGE DOILY,SNACK TRAY HAPPY FOREST  ,SNACK TRAY RED GINGHAM,EGG CUP HENRIETTA HEN PINK,CLASSIC DIAMANTE NECKLACE JET
SNACK TRAY RED GINGHAM,5 STRAND GLASS NECKLACE AMETHYST,AMBER GLASS/SHELL/PEARL NECKLACE,RUBY GLASS CLUSTER NECKLACE,CLASSIC DIAMANTE NECKLACE JET,DIAMANTE NECKLACE BLACK 
SNACK TRAY RED VINTAGE DOILY,SNACK TRAY PAISLEY PARK,SNACK TRAY HAPPY FOREST  ,SNACK TRAY RED GINGHAM,SNACK TRAY I LOVE LONDON,CROCHET ROSE DES CLOTHES HANGER
SNOWFLAKE PORTABLE TABLE LIGHT ,STAR PORTABLE TABLE LIGHT ,DIAMANTE HAIR GRIP PACK/2 LT ROSE,DAISY HAIR BAND,GREEN FERN JOURNAL ,IVORY WICKER HEART LARGE
SNOWSTORM PHOTO FRAME FRIDGE MAGNET,PURPLE FRANGIPANI NECKLACE,POLKADOT RAIN HAT ,FOLDING CAMPING SCISSOR W/KNIF & S,DIAMANTE HAIR GRIP PACK/2 RUBY,DIAMANTE HAIR GRIP PACK/2 BLACK DIA
SOAP DISH BROCANTE,WHITE BROCANTE SOAP DISH,CREAM SWEETHEART EGG HOLDER,LAUNDRY 15C METAL SIGN,SWEETHEART WIRE WALL TIDY,FRENCH WC SIGN BLUE METAL
SOFT PINK ROSE TOWEL ,MINT GREEN ROSE TOWEL,DOORKNOB CERAMIC IVORY,ROSE PENDANT TRIPLE SHELL NECKLACE,DROP DIAMANTE EARRINGS GREEN,DAISY HAIR COMB
SOLDIERS EGG CUP ,QUEENS GUARD COFFEE MUG,LONDON BUS COFFEE MUG,CIRCUS PARADE CHILDRENS EGG CUP ,DOLLY GIRL CHILDRENS EGG CUP,SPACEBOY CHILDRENS EGG CUP
SOMBRERO ,"ASSORTED FLOWER COLOUR ""LEIS""",COLUMBIAN CUBE CANDLE,"STRING OF 8 BUTTERFLIES,PINK",CAKE STAND VICTORIAN FILIGREE LARGE,3 BLACK CATS W HEARTS BLANK CARD
SPACE BOY CHILDRENS CUP,HEN HOUSE W CHICK IN NEST,GLASS CAKE COVER AND PLATE,ORANGE FELT VASE + FLOWERS,POLYESTER FILLER PAD 60x40cm,TURQ ICE CREAM BUM BAG 
SPACE CADET BLACK,SPACE CADET WHITE,SPACE FROG,SPACE CADET RED,SPACE OWL,JARDIN ETCHED GLASS BUTTER DISH
SPACE CADET RED,SPACE CADET WHITE,NINJA RABBIT BLACK,SPACE OWL,NINJA RABBIT PINK,SPACE CADET BLACK
SPACE CADET WHITE,SPACE CADET RED,SPACE CADET BLACK,SPACE OWL,NINJA RABBIT BLACK,NINJA RABBIT PINK
SPACE FROG,SPACE OWL,SPACE CADET BLACK,NINJA RABBIT PINK,SPACE CADET WHITE,NINJA RABBIT BLACK
SPACE OWL,SPACE CADET RED,SPACE FROG,SPACE CADET WHITE,NINJA RABBIT BLACK,NINJA RABBIT PINK
SPACEBOY BEAKER, DOLLY GIRL BEAKER,SPACEBOY LUNCH BOX ,DOLLY GIRL LUNCH BOX,SPACEBOY CHILDRENS BOWL,SPACEBOY CHILDRENS CUP
SPACEBOY BIRTHDAY CARD,TEA PARTY BIRTHDAY CARD,ROBOT BIRTHDAY CARD,CARD DOLLY GIRL ,SPACEBOY GIFT WRAP,COWBOYS AND INDIANS BIRTHDAY CARD 
SPACEBOY CHILDRENS BOWL,DOLLY GIRL CHILDRENS BOWL,SPACEBOY CHILDRENS CUP,DOLLY GIRL CHILDRENS CUP,SPACEBOY LUNCH BOX ,SPACEBOY BEAKER
SPACEBOY CHILDRENS CUP,SPACEBOY CHILDRENS BOWL,DOLLY GIRL CHILDRENS CUP,DOLLY GIRL CHILDRENS BOWL,SPACEBOY LUNCH BOX ,SPACEBOY BEAKER
SPACEBOY CHILDRENS EGG CUP,DOLLY GIRL CHILDRENS EGG CUP,CHILDREN'S SPACEBOY MUG,CIRCUS PARADE CHILDRENS EGG CUP ,CHILDRENS DOLLY GIRL MUG,SOLDIERS EGG CUP 
SPACEBOY GIFT WRAP,SPACEBOY BIRTHDAY CARD,WRAP DOLLY GIRL,WRAP SUKI AND FRIENDS,WRAP ALPHABET DESIGN,TEA PARTY  WRAPPING PAPER 
SPACEBOY LUNCH BOX ,DOLLY GIRL LUNCH BOX,CIRCUS PARADE LUNCH BOX ,SPACEBOY BEAKER,LUNCH BAG SPACEBOY DESIGN , DOLLY GIRL BEAKER
SPACEBOY MINI BACKPACK,DOLLY GIRL MINI BACKPACK,WOODLAND MINI BACKPACK, I LOVE LONDON MINI BACKPACK,SPACEBOY CHILDRENS CUP,SPACEBOY LUNCH BOX 
SPACEBOY MINI RUCKSACK,WOODLAND MINI RUCKSACK ,DOLLY GIRL MINI RUCKSACK, I LOVE LONDON MINI RUCKSACK,SET 36 COLOURING PENCILS DOILEY,CLASSIC DIAMANTE EARRINGS JET
SPACEBOY ROCKET LOLLY MAKERS,WOODLAND BUNNIES LOLLY MAKERS,3 PIECE SPACEBOY COOKIE CUTTER SET,JUNGLE POPSICLES ICE LOLLY MOULDS,SPACEBOY MINI BACKPACK,PLASTERS IN TIN WOODLAND ANIMALS
SPACEBOY TV DINNER TRAY,TV DINNER TRAY DOLLY GIRL,SPACEBOY LUNCH BOX ,TV DINNER TRAY AIR HOSTESS ,TV DINNER TRAY VINTAGE PAISLEY,SPACEBOY MINI BACKPACK
SPACEBOY WALL ART,DOLLY GIRL WALL ART,TREASURE AHOY WALL ART,HORSE & PONY WALL ART,SET 12 COLOUR PENCILS DOILEY,SET 36 COLOUR PENCILS DOILEY
SPOTS ON RED BOOKCOVER TAPE,ARMY CAMO BOOKCOVER TAPE,"POCKET MIRROR ""GLAMOROUS""",BIRD BOX CHRISTMAS TREE DECORATION,CLASSICAL ROSE CANDLESTAND,BLUE  VOILE LAMPSHADE
SPOTTED WHITE NATURAL SEED NECKLACE,BROWN KUKUI COCONUT SEED NECKLACE,BILI NUT AND WOOD NECKLACE,RED KUKUI COCONUT SEED NECKLACE,PURPLE DRESS JEWELLERY STAND,PINK DAISY BAG CHARM
SPOTTY BUNTING,PARTY BUNTING,VINTAGE CHRISTMAS BUNTING,SET OF 3 CAKE TINS PANTRY DESIGN ,SET OF 60 PANTRY DESIGN CAKE CASES ,TEA TIME PARTY BUNTING
SPOTTY PINK DUCK DOORSTOP,MINI LADLE LOVE HEART PINK,DOORSTOP RACING CAR DESIGN,ROSE CARAVAN DOORSTOP,PURPLE FRANGIPANI NECKLACE,GINGHAM HEART  DOORSTOP RED
SPRIG LAVENDER ARTIFICIAL FLOWER,PINK FLUFFY CHRISTMAS DECORATION,WHITE CHRYSANTHEMUMS ART FLOWER,WHITE HEART OF GLASS BRACELET,WHITE BEADED GARLAND STRING 20LIGHT,GINGHAM OVEN GLOVE RED HEART 
SQUARE CHERRY BLOSSOM CABINET,"BLACK TEA,COFFEE,SUGAR JARS","WHITE TEA,COFFEE,SUGAR JARS",PINK ACRYLIC JEWEL SNOWFLAKE,BIRD ON BRANCH CANVAS SCREEN,JAM JAR WITH BLUE LID
SQUARE FLOOR CUSHION VINTAGE RED,FLOOR CUSHION ELEPHANT CARNIVAL,TRIANGULAR POUFFE VINTAGE ,EIGHT PIECE CREEPY CRAWLIE SET,ELEPHANT CARNIVAL POUFFE,VIP PASSPORT COVER 
SQUARE METAL CANDLEHOLDER BASE,HEN HOUSE W CHICK IN NEST,POLYESTER FILLER PAD 60x40cm,BIRD ON BRANCH CANVAS SCREEN,GLASS CAKE COVER AND PLATE,JAM JAR WITH BLUE LID
SQUARE MINI PORTRAIT FRAME,OVAL  MINI PORTRAIT FRAME,HEART MINI PORTRAIT FRAME,THREE MINI HANGING FRAMES,PHOTO FRAME CORNICE,PEARLISED IVORY HEART LARGE 
SQUARECUSHION COVER PINK UNION FLAG,CUSHION COVER PINK UNION JACK,TURQ ICE CREAM BUM BAG ,QUEEN OF THE SKIES HOLIDAY PURSE ,HEN HOUSE W CHICK IN NEST,ORANGE FELT VASE + FLOWERS
SQUARECUSHION COVER PINK UNION JACK,RASTA IN BATH W SPLIFF ASHTRAY,PINK GLASS TASSLE BAG CHARM ,PARTY PIZZA DISH BLUE POLKADOT,CUSHION COVER PINK UNION JACK,PARTY PIZZA DISH GREEN POLKADOT
ST GEORGE SET OF 10 PARTY LIGHTS,PACK 4 FLOWER/BUTTERFLY PATCHES,S/3 POT POURI CUSHIONS BLUE COLOURS,WRAP GREEN RUSSIAN FOLKART ,DROP DIAMANTE EARRINGS BLACK DIAMON,PURPLE FRANGIPANI NECKLACE
ST TROPEZ NECKLACE,RIVIERA NECKLACE,COTE D'AZURE NECKLACE,TEAL/FUSCHIA COL BEAD NECKLACE,RUBY GLASS CLUSTER NECKLACE,WHITE/PINK MINI CRYSTALS NECKLACE
STANDING FAIRY POLE SUPPORT ,EIGHT PIECE CREEPY CRAWLIE SET,50CM METAL STRING WITH  7 CLIPS,FUNKY MONKEY MUG,VINTAGE WOODEN BAR STOOL,BIRD ON BRANCH CANVAS SCREEN
STAR  T-LIGHT HOLDER ,CHRISTMAS TREE T-LIGHT HOLDER,HEART T-LIGHT HOLDER ,SILVER T-LIGHT SETTING,DIAMANTE HAIR GRIP PACK/2 RUBY,DIAMANTE HAIR GRIP PACK/2 BLACK DIA
STAR DECORATION PAINTED ZINC ,CHRISTMAS TREE PAINTED ZINC ,ANGEL DECORATION PAINTED ZINC ,NOEL GARLAND PAINTED ZINC ,WOODEN STAR CHRISTMAS SCANDINAVIAN,HEART DECORATION PAINTED ZINC 
STAR DECORATION RUSTIC,ANGEL DECORATION STARS ON DRESS,ANGEL DECORATION 3 BUTTONS ,GLITTER HEART DECORATION,GLITTER CHRISTMAS STAR ,HEART DECORATION WITH PEARLS 
STAR PORTABLE TABLE LIGHT ,PURPLE FRANGIPANI NECKLACE,SNOWFLAKE PORTABLE TABLE LIGHT ,LAZER CUT NECKLACE W PASTEL BEADS,DAISY HAIR BAND,WHITE FRANGIPANI NECKLACE
STAR T-LIGHT HOLDER WILLIE WINKIE,HEART T-LIGHT HOLDER WILLIE WINKIE,TREE T-LIGHT HOLDER WILLIE WINKIE,CHRISTMAS TREE PAINTED ZINC ,SET OF 60 PANTRY DESIGN CAKE CASES ,SET OF 36 VINTAGE CHRISTMAS DOILIES
STAR WOODEN CHRISTMAS DECORATION,HEART WOODEN CHRISTMAS DECORATION,SWALLOW WOODEN CHRISTMAS DECORATION,CHRISTMAS GINGHAM STAR,WOOD STOCKING CHRISTMAS SCANDISPOT,ROCKING HORSE GREEN CHRISTMAS 
STAR WREATH DECORATION WITH BELL,HEART WREATH DECORATION WITH BELL,RED ROCKING HORSE HAND PAINTED,WHITE ROCKING HORSE HAND PAINTED,LAUREL STAR ANTIQUE SILVER ,HEART WOODEN CHRISTMAS DECORATION
STARFISH SOAP DISH,COCKLE SHELL DISH,CLAM SHELL SMALL ,OYSTER TRINKET BOX,EIGHT PIECE CREEPY CRAWLIE SET,PERIWINKLE T-LIGHT HOLDER
STARS GIFT TAPE ,RED RETROSPOT TAPE,CAKES AND BOWS GIFT  TAPE,CUTE CATS TAPE,HEARTS GIFT TAPE,SKULLS TAPE
STEEL SWEETHEART ROUND TABLE CREAM,AMBER BERTIE GLASS BEAD BAG CHARM,CLEAR STATIONERY BOX SET ,S/2 ZINC HEART DESIGN PLANTERS,PINK STRING CURTAIN WITH POLE,SWEETHEART CREAM STEEL TABLE RECT
STOOL HOME SWEET HOME ,FOOT STOOL HOME SWEET HOME ,HOME SWEET HOME CUSHION COVER ,BELLE JARDINIERE CUSHION COVER,DECROTIVEVINTAGE COFFEE GRINDER BOX,HOME SWEET HOME HANGING HEART
STOP FOR TEA WALL ART,BICYCLE SAFTEY WALL ART,VILLAGE SHOW WALL ART,DOG LICENCE WALL ART,BUFFALO BILL WALL ART ,ANIMALS AND NATURE WALL ART
STORAGE TIN HOME SWEET HOME,GREEN PAIR HEART HAIR SLIDES,DANISH ROSE ROUND SEWING BOX,SET OF 2 TRAYS HOME SWEET HOME,MIDNIGHT BLUE VINTAGE EARRINGS,SET OF 3 CONEY ISLAND OVAL BOXES
STORAGE TIN VINTAGE DOILEY ,SET OF 4 KNICK KNACK TINS  DOILEY ,LUNCH BAG VINTAGE DOILEY ,JUMBO BAG VINTAGE DOILEY ,WALL ART DOG LICENCE ,WALL ART KEEP CALM 
STORAGE TIN VINTAGE DOILY ,SET OF 4 KNICK KNACK TINS DOILY ,SET OF 60 PANTRY DESIGN CAKE CASES ,SET OF 3 REGENCY CAKE TINS,BISCUIT TIN 50'S CHRISTMAS,SET OF 12 FAIRY CAKE BAKING CASES
STORAGE TIN VINTAGE LEAF,ROUND STORAGE TIN VINTAGE LEAF,SET OF 4 KNICK KNACK TINS LEAF,SET OF 4 KNICK KNACK TINS POPPIES,SET OF 4 KNICK KNACK TINS LEAVES ,BUNDLE OF 3 RETRO NOTE BOOKS
STRAWBERRIES  DESIGN FLANNEL ,KITTENS DESIGN FLANNEL,SKULLS DESIGN FLANNEL,PARTY TIME DESIGN FLANNEL,CAKES AND RABBITS DESIGN FLANNEL ,"LETTER ""J"" BLING KEY RING"
STRAWBERRY   PICNIC BAG,RED RETROSPOT PICNIC BAG,LUNCH BAG PINK POLKADOT,LUNCH BAG RED RETROSPOT,JUMBO BAG STRAWBERRY,LUNCH BAG  BLACK SKULL.
STRAWBERRY BATH SPONGE ,APPLE BATH SPONGE,SANDWICH BATH SPONGE,EIGHT PIECE CREEPY CRAWLIE SET,TOMATO CHARLIE+LOLA COASTER SET,CRAZY DAISY HEART DECORATION
STRAWBERRY CERAMIC TRINKET BOX,SWEETHEART CERAMIC TRINKET BOX,CERAMIC STRAWBERRY CAKE MONEY BANK,STRAWBERRY CERAMIC TRINKET POT,MINI CAKE STAND WITH HANGING CAKES,STRAWBERRY FAIRY CAKE TEAPOT
STRAWBERRY CERAMIC TRINKET POT,PINK DOUGHNUT TRINKET POT ,SWEETHEART CERAMIC TRINKET BOX,STRAWBERRY CERAMIC TRINKET BOX,MINI CAKE STAND WITH HANGING CAKES,CERAMIC CAKE DESIGN SPOTTED PLATE
STRAWBERRY CHARLOTTE BAG,RED RETROSPOT CHARLOTTE BAG,CHARLOTTE BAG SUKI DESIGN,WOODLAND CHARLOTTE BAG,CHARLOTTE BAG APPLES DESIGN,CHARLOTTE BAG PINK POLKADOT
STRAWBERRY DREAM CHILDS UMBRELLA,DOLLY MIXTURE CHILDREN'S UMBRELLA,RED RETROSPOT CHILDRENS UMBRELLA,PINK POLKADOT CHILDRENS UMBRELLA,ASSTD RASTA KEY-CHAINS,EIGHT PIECE CREEPY CRAWLIE SET
STRAWBERRY FAIRY CAKE TEAPOT,CERAMIC STRAWBERRY DESIGN MUG,CERAMIC CAKE DESIGN SPOTTED MUG,CERAMIC CAKE BOWL + HANGING CAKES,CERAMIC CAKE DESIGN SPOTTED PLATE,CERAMIC BOWL WITH STRAWBERRY DESIGN
STRAWBERRY HONEYCOMB  GARLAND ,DAISIES  HONEYCOMB GARLAND ,TROPICAL  HONEYCOMB PAPER GARLAND ,DOLLY HONEYCOMB GARLAND,MULTICOLOUR HONEYCOMB PAPER GARLAND,MULTICOLOUR 3D BALLS GARLAND
STRAWBERRY LUNCH BOX WITH CUTLERY,SKULL LUNCH BOX WITH CUTLERY ,DINOSAUR LUNCH BOX WITH CUTLERY,LUNCH BOX WITH CUTLERY RETROSPOT ,ROUND SNACK BOXES SET OF 4 FRUITS ,ROUND SNACK BOXES SET OF4 WOODLAND 
STRAWBERRY RAFFIA FOOD COVER,FLOWER VINE RAFFIA FOOD COVER,POLKA DOT RAFFIA FOOD COVER,CHERRY CROCHET FOOD COVER,RED FLOWER CROCHET FOOD COVER,PINK FLOWER CROCHET FOOD COVER
STRAWBERRY SHOPPER BAG,RED RETROSPOT SHOPPER BAG,STRAWBERRY CHARLOTTE BAG,JUMBO BAG STRAWBERRY,PARTY FOOD SHOPPER BAG,CHARLOTTE BAG PINK POLKADOT
STRAWBRY SCENTED VOTIVE CANDLE,ORANGE VOTIVE CANDLE,OPIUM SCENTED VOTIVE CANDLE,PURPLE DRESS JEWELLERY STAND,CINNAMON SCENTED VOTIVE CANDLE,BLUE MONTE CARLO HANDBAG
"STRING OF 8 BUTTERFLIES,PINK",PACK 4 FLOWER/BUTTERFLY PATCHES,RED DAISY PAPER LAMPSHADE,S/3 POT POURI CUSHIONS BLUE COLOURS,GOLD COSMETIC BAG PINK STAR,ST GEORGE SET OF 10 PARTY LIGHTS
STRING OF STARS CARD HOLDER,HEART STRING MEMO HOLDER HANGING,BLOSSOM IMAGES SCRAP BOOK SET,SILVER LOOKING MIRROR,CHRISTMAS HANGING SNOWFLAKE,ANTIQUE GLASS HEART DECORATION 
STRIPES DESIGN MONKEY DOLL,BLUE CIRCLES DESIGN MONKEY DOLL,BLUE CIRCLES DESIGN TEDDY,BLUE CRUSOE CHECK LAMPSHADE,ORANGE FELT VASE + FLOWERS,GLASS CAKE COVER AND PLATE
STRIPES DESIGN TEDDY,BLUE CIRCLES DESIGN TEDDY,3 BIRDS CANVAS SCREEN,BLUE CIRCLES DESIGN MONKEY DOLL,BEADED CRYSTAL HEART BLUE SMALL,KNITTED RABBIT DOLL 
STRIPEY CHOCOLATE NESTING BOXES,SMALL STRIPES CHOCOLATE GIFT BAG ,LARGE STRIPES CHOCOLATE GIFT BAG,SMALL POLKADOT CHOCOLATE GIFT BAG ,GLASS CAKE COVER AND PLATE,HEN HOUSE W CHICK IN NEST
STRIPY DESIGN SHOWER CAP,SUMMER FUN DESIGN SHOWER CAP,VINTAGE PINK DECORATIVE PARASOL,PURPLE DRESS JEWELLERY STAND,POLYESTER FILLER PAD 60x40cm,TROPICAL PASSPORT COVER 
SUKI  SHOULDER BAG,SKULL SHOULDER BAG,LUNCH BAG SUKI DESIGN ,CHARLOTTE BAG SUKI DESIGN,JUMBO STORAGE BAG SUKI,FUNKY MONKEY CUSHION COVER
SUMMER DAISIES BAG CHARM,PURPLE CHUNKY GLASS+BEAD NECKLACE,PAIR OF PINK FLOWER CLUSTER SLIDE,PACK 4 FLOWER/BUTTERFLY PATCHES,LAZER CUT NECKLACE W PASTEL BEADS,DAISY HAIR BAND
SUMMER FUN DESIGN SHOWER CAP,STRIPY DESIGN SHOWER CAP,VINTAGE PINK DECORATIVE PARASOL,ANT COPPER RED BOUDICCA BRACELET,PURPLE DRESS JEWELLERY STAND,FIRE POLISHED GLASS BRACELET BLACK
SUNFLOWER DECORATIVE PARASOL,HIPPY CHIC DECORATIVE PARASOL,CAKE STAND VICTORIAN FILIGREE LARGE,"WALL ART,ONLY ONE PERSON ",PINK FLOCK PHOTO FRAME ,BLUE MONTE CARLO HANDBAG
SUNSET CHECK HAMMOCK,UNION STRIPE WITH FRINGE  HAMMOCK,PURPLE FRANGIPANI NECKLACE,ELEPHANT CARNIVAL POUFFE,DIAMANTE HAIR GRIP PACK/2 MONTANA,DIAMANTE HAIR GRIP PACK/2 RUBY
SUNSET COLOUR CHUNKY KNITTED THROW,GLASS AND BEADS BRACELET IVORY,GLASS AND PAINTED BEADS BRACELET OL,MURANO STYLE GLASS BRACELET RED,PINK ROSEBUD & PEARL NECKLACE,MURANO STYLE GLASS BRACELET GOLD
SWALLOW SQUARE TISSUE BOX,CARAVAN SQUARE TISSUE BOX,BOUDOIR SQUARE TISSUE BOX,PINK PAISLEY SQUARE TISSUE BOX ,MOTORING TISSUE BOX,RED RETROSPOT TISSUE BOX
SWALLOW WOODEN CHRISTMAS DECORATION,STAR WOODEN CHRISTMAS DECORATION,HEART WOODEN CHRISTMAS DECORATION,ROCKING HORSE GREEN CHRISTMAS ,ROCKING HORSE RED CHRISTMAS ,WOOD STOCKING CHRISTMAS SCANDISPOT
SWALLOWS GREETING CARD,CARD BILLBOARD FONT,"FANCY FONT BIRTHDAY CARD, ",CARD WEDDING DAY,PENNY FARTHING BIRTHDAY CARD,TEA PARTY BIRTHDAY CARD
SWEET HEART CAKE CARRIER,BELL HEART ANTIQUE GOLD,PURPLE ANEMONE ARTIFICIAL FLOWER,RED ROSE AND LACE C/COVER,ANTIQUE GLASS PEDESTAL BOWL,SWEETHEART WIRE FRUIT BOWL
SWEET PUDDING STICKER SHEET,PANDA AND BUNNIES STICKER SHEET,LOVELY BONBON STICKER SHEET,EIGHT PIECE CREEPY CRAWLIE SET,MIDNIGHT BLUE CRYSTAL DROP EARRINGS,NECKLACE+BRACELET SET PINK DAISY
SWEETHEART 3 TIER CAKE STAND ,SWEETHEART CAKESTAND 3 TIER,VINTAGE CREAM 3 BASKET CAKE STAND,IVORY WICKER HEART LARGE,CAKE STAND LOVEBIRD 2 TIER WHITE,SPOTTY BUNTING
SWEETHEART BIRD HOUSE,SMALL WHITE HEART OF WICKER,JINGLE BELL HEART DECORATION,LARGE WHITE HEART OF WICKER,DECORATIVE WICKER HEART MEDIUM,3 ROSE MORRIS BOXED CANDLES
SWEETHEART CAKESTAND 3 TIER,SWEETHEART WIRE FRUIT BOWL,CREAM SWEETHEART EGG HOLDER,WHITE HANGING HEART T-LIGHT HOLDER,RED RETROSPOT CAKE STAND,REGENCY CAKESTAND 3 TIER
SWEETHEART CARRY-ALL BASKET,VINTAGE KEEPSAKE BOX PINK FLOWER,GIANT MEDINA STAMPED METAL BOWL ,DANISH ROSE UMBRELLA STAND,BLUE GREEN EMBROIDERY COSMETIC BAG,PINK RIVIERA HANDBAG
SWEETHEART CERAMIC TRINKET BOX,STRAWBERRY CERAMIC TRINKET BOX,PINK DOUGHNUT TRINKET POT ,STRAWBERRY CERAMIC TRINKET POT,MINI CAKE STAND WITH HANGING CAKES,STRAWBERRY FAIRY CAKE TEAPOT
SWEETHEART CREAM STEEL TABLE RECT,CLEAR STATIONERY BOX SET ,ASSORTED COLOUR SILK GLASSES CASE,LILAC FEATHERS CURTAIN,BLUE NETTING STORAGE HANGER,PINK/PURPLE CIRCLE CURTAIN
SWEETHEART RECIPE BOOK STAND,SWEETHEART WIRE MAGAZINE RACK,WOOD BLACK BOARD ANT WHITE FINISH,RECIPE BOX PANTRY YELLOW DESIGN,CREAM SWEETHEART EGG HOLDER,METAL 4 HOOK HANGER FRENCH CHATEAU
SWEETHEART WALL TIDY ,ANTIQUE HEART SHELF UNIT,HEART MINI PORTRAIT FRAME,WIRE EGG BASKET ,WOODEN TREE CHRISTMAS SCANDINAVIAN,CREAM HEART CARD HOLDER
SWEETHEART WIRE FRUIT BOWL,SWEETHEART CAKESTAND 3 TIER,WHITE WIRE EGG HOLDER,SWEETHEART RECIPE BOOK STAND,CREAM SWEETHEART EGG HOLDER,SET OF 4 GREEN CAROUSEL COASTERS
SWEETHEART WIRE MAGAZINE RACK,SWEETHEART RECIPE BOOK STAND,WOOD BLACK BOARD ANT WHITE FINISH,METAL 4 HOOK HANGER FRENCH CHATEAU,WOOD S/3 CABINET ANT WHITE FINISH,HEART OF WICKER LARGE
SWEETHEART WIRE WALL TIDY,BROCANTE SHELF WITH HOOKS,3 HOOK PHOTO SHELF ANTIQUE WHITE,CUPBOARD 3 DRAWER MA CAMPAGNE,IVORY WIRE KITCHEN ORGANISER,SWEETHEART WIRE MAGAZINE RACK
SWEETIES  STICKERS,MULTI HEARTS  STICKERS,ALPHABET HEARTS STICKER SHEET,PANDA AND BUNNIES STICKER SHEET,CAKE SHOP  STICKER SHEET,3 BIRDS CANVAS SCREEN
SWIRLY CIRCULAR RUBBERS IN BAG,VINTAGE BEAD PINK SHADE ,DOGGY RUBBER,SWEETIES  STICKERS,WHITE WITH BLACK CATS PLATE,DIAMANTE HAIR GRIP PACK/2 MONTANA
SWISS CHALET TREE DECORATION ,DARK BIRD HOUSE TREE DECORATION,PAINTED METAL HEART WITH HOLLY BELL,CHRISTMAS HANGING TREE WITH BELL,WOODEN HEART CHRISTMAS SCANDINAVIAN,PAINTED METAL STAR WITH HOLLY BELLS
SWISS ROLL TOWEL PINK  SPOTS,LARGE CAKE TOWEL PINK SPOTS,"SWISS ROLL TOWEL, CHOCOLATE  SPOTS",CREAM SLICE FLANNEL PINK SPOT ,JAM JAR WITH BLUE LID,NECKLACE+BRACELET SET PINK DAISY
"SWISS ROLL TOWEL, CHOCOLATE  SPOTS",LARGE CAKE TOWEL CHOCOLATE SPOTS,LARGE CAKE TOWEL PINK SPOTS,"SWISS ROLL TOWEL, PINK  SPOTS",CREAM SLICE FLANNEL CHOCOLATE SPOT ,SWISS ROLL TOWEL PINK  SPOTS
"SWISS ROLL TOWEL, PINK  SPOTS","SWISS ROLL TOWEL, CHOCOLATE  SPOTS",LARGE CAKE TOWEL PINK SPOTS,BLUE CLIMBING HYDRANGA ART FLOWER,PURPLE DRESS JEWELLERY STAND,HAND TOWEL PINK FLOWER AND DAISY
T-LIGHT GLASS FLUTED ANTIQUE,ANTIQUE SILVER TEA GLASS ENGRAVED,ANTIQUE SILVER T-LIGHT GLASS,VINTAGE GLASS T-LIGHT HOLDER,FLUTED ANTIQUE CANDLE HOLDER,AGED GLASS SILVER T-LIGHT HOLDER
T-LIGHT HOLDER HANGING LACE,T-LIGHT HOLDER WHITE LACE,LOVEBIRD HANGING DECORATION WHITE ,HEART DECORATION PAINTED ZINC ,HANGING HEART MIRROR DECORATION ,SET OF 2 ROUND TINS DUTCH CHEESE
T-LIGHT HOLDER HANGING LOVE BIRD,HEART MINI PORTRAIT FRAME,PHOTO FRAME LINEN AND LACE SMALL,IVORY WICKER HEART LARGE,3 HEARTS HANGING DECORATION RUSTIC,SET/12 FUNKY FELT FLOWER PEG IN BAG
T-LIGHT HOLDER SILVER HEART HANDLE,GOLD APERITIF GLASS,JAM JAR WITH BLUE LID,BIRD ON BRANCH CANVAS SCREEN,T-LIGHT HOLDER SILVER SAUCER,BELL HEART ANTIQUE GOLD
T-LIGHT HOLDER SILVER PETIT FOUR ,T-LIGHT HOLDER SILVER SAUCER,GIRLY PINK TOOL SET,BLUE FLOCK CUSHION COVER ,VINTAGE NOTEBOOK BEAUTY GIRL,BLUE BREAKFAST CUP AND SAUCER 
T-LIGHT HOLDER SILVER SAUCER,DOTCOM POSTAGE,COPPER AND BRASS BAG CHARM,IVORY GOLD METAL BAG CHARM,BEADED CRYSTAL HEART GREEN ON STICK,CRYSTAL CZECH CROSS PHONE CHARM
T-LIGHT HOLDER SWEETHEART HANGING,SMALL WHITE HEART OF WICKER,WHITE HANGING HEART T-LIGHT HOLDER,HEART OF WICKER SMALL,HEART OF WICKER LARGE,WOODEN PICTURE FRAME WHITE FINISH
T-LIGHT HOLDER WHITE LACE,YELLOW BREAKFAST CUP AND SAUCER,HAND TOWEL PINK FLOWER AND DAISY,GOLD APERITIF GLASS,SCALLOP SHELL SOAP DISH,CRYSTAL SEA HORSE PHONE CHARM
TABLE LAMP WHITE SHADE WOOD BASE,FLOOR LAMP SHADE WOOD BASE,RETRO BROWN BALL ASHTRAY ,JAM JAR WITH BLUE LID,BIRD ON BRANCH CANVAS SCREEN,PINK ACRYLIC JEWEL SNOWFLAKE
TABLECLOTH RED APPLES DESIGN ,SET OF 2 TEA TOWELS APPLE AND PEARS,OVEN MITT APPLES DESIGN,COFFEE MUG APPLES DESIGN,PEG BAG APPLES DESIGN,APRON APPLE DELIGHT
TALL ROCOCO CANDLE HOLDER,"GARLAND, MAGIC GARDEN 1.8M",DIAMANTE HAIR GRIP PACK/2 PERIDOT,LARGE BLACK DIAMANTE HAIRSLIDE,DOORKNOB CERAMIC IVORY,DIAMANTE HAIR GRIP PACK/2 CRYSTAL
TEA BAG PLATE RED RETROSPOT,RED SPOTTY BISCUIT TIN,RED RETROSPOT SMALL MILK JUG,PACK OF 72 RETROSPOT CAKE CASES,RED RETROSPOT BUTTER DISH,RED RETROSPOT OVEN GLOVE 
TEA COSY BLUE STRIPE,TEA COSY RED  STRIPE,PURPLE ENAMEL+GLASS HAIR COMB,QUEEN OF THE SKIES HOLIDAY PURSE ,DAIRY MAID TRADITIONAL TEAPOT ,VINTAGE KITCHEN PRINT PUDDINGS
TEA COSY RED  STRIPE,TEA COSY BLUE STRIPE,12 PINK HEN+CHICKS IN BASKET,MILK PAN BLUE POLKADOT,MEASURING TAPE BABUSHKA PINK,RED SPOTTY BISCUIT TIN
TEA FOR ONE POLKADOT,TEA TIME TEA SET IN GIFT BOX,BOTANICAL LAVENDER BIRTHDAY CARD,TEA TIME TEAPOT IN GIFT BOX,PURPLE FRANGIPANI NECKLACE,BLUE BREAKFAST CUP AND SAUCER 
TEA PARTY  WRAPPING PAPER ,TEA PARTY BIRTHDAY CARD,WRAP DOLLY GIRL,SPACEBOY GIFT WRAP,BIRTHDAY BANQUET GIFT WRAP,WRAP WEDDING DAY
TEA PARTY BIRTHDAY CARD,SPACEBOY BIRTHDAY CARD,CARD DOLLY GIRL ,VINTAGE KID DOLLY CARD ,COWBOYS AND INDIANS BIRTHDAY CARD ,PENNY FARTHING BIRTHDAY CARD
TEA TIME BREAKFAST BASKET,FAIRY CAKE NOTEBOOK A5 SIZE,BAG OF SILVER STONES,SILVER CHRISTMAS TREE BAUBLE STAND ,S/6 SEW ON CROCHET FLOWERS,IVORY PILLAR CANDLE GOLD FLOCK
TEA TIME DES TEA COSY,TEA TIME OVEN GLOVE,TEA TIME KITCHEN APRON,QUEEN OF SKIES LUGGAGE TAG,TEA TIME TEAPOT IN GIFT BOX,RED RETROSPOT OVEN GLOVE 
TEA TIME KITCHEN APRON,TEA TIME OVEN GLOVE,RED RETROSPOT APRON ,PINK FAIRY CAKE CHILDRENS APRON,SET OF 4 FAIRY CAKE PLACEMATS ,TEA TIME DES TEA COSY
TEA TIME OVEN GLOVE,RED RETROSPOT OVEN GLOVE ,TEA TIME DES TEA COSY,TEA TIME KITCHEN APRON,PINK FAIRY CAKE CHILDRENS APRON,SET OF 4 FAIRY CAKE PLACEMATS 
TEA TIME PARTY BUNTING,PARTY BUNTING,PINK HAPPY BIRTHDAY BUNTING,SPOTTY BUNTING,VINTAGE UNION JACK BUNTING,BLUE HAPPY BIRTHDAY BUNTING
TEA TIME TABLE CLOTH,TEA TIME KITCHEN APRON,"SMALL POP BOX,FUNKY MONKEY",TEA TIME PARTY BUNTING,"GARLAND, MAGIC GARDEN 1.8M",DIAMANTE HAIR GRIP PACK/2 PERIDOT
TEA TIME TEA SET IN GIFT BOX,TEA TIME TEAPOT IN GIFT BOX,NEW BAROQUE B'FLY NECKLACE RED,PURPLE FRANGIPANI NECKLACE,FAIRY CAKES NOTEBOOK A6 SIZE,CERAMIC CAKE DESIGN SPOTTED PLATE
TEA TIME TEA TOWELS ,DOORMAT FAIRY CAKE,FAIRY CAKE FLANNEL ASSORTED COLOUR,GIN + TONIC DIET METAL SIGN,WHITE HANGING HEART T-LIGHT HOLDER,POLKADOT RAIN HAT 
TEA TIME TEAPOT IN GIFT BOX,TEA TIME TEA SET IN GIFT BOX,CERAMIC CAKE BOWL + HANGING CAKES,TEA TIME OVEN GLOVE,SET OF 4 FAIRY CAKE PLACEMATS,TEA TIME DES TEA COSY
TEAL/FUSCHIA COL BEAD NECKLACE,AMBER FINE BEAD NECKLACE W TASSEL,"PEARL & SHELL 42""NECKL. GREEN",FRESHWATER PEARL BRACELET GOLD,RUBY GLASS CLUSTER NECKLACE,DIAMANTE NECKLACE BLACK 
TEATIME FUNKY FLOWER BACKPACK FOR 2,PINK PARTY SUNGLASSES,IVY HEART WREATH,LITTLE PINK MONSTER SOFT TOY,PAPER LANTERN 9 POINT DELUXE STAR,4 PINK FLOCK CHRISTMAS BALLS
TEATIME GEL PENS ASST,PINK BERTIE GLASS BEAD BAG CHARM,VIP HOLIDAY PURSE,BLOSSOM  IMAGES NOTEBOOK SET,MEDINA STAMPED METAL STOOL,ORIGAMI SANDLEWOOD INCENSE+FLOWER
TEATIME PEN CASE & PENS,TOP SECRET PEN SET,WHITE ROSEBUD  PEARL EARRINGS,BLUE NEW BAROQUE FLOCK CANDLESTICK,SMALL LICORICE DES PINK BOWL,ENVELOPE 50 ROMANTIC IMAGES
TEATIME PUSH DOWN RUBBER,PURPLE DRESS JEWELLERY STAND,DIAMANTE HAIR GRIP PACK/2 CRYSTAL,DIAMANTE HAIR GRIP PACK/2 PERIDOT,DAISY HAIR COMB,BLUE MONTE CARLO HANDBAG
TEATIME ROUND PENCIL SHARPENER ,HOUSE SHAPE PENCIL SHARPENER,POPART WOODEN PENCILS ASST,LAVENDER SCENT CAKE CANDLE,5 STRAND GLASS NECKLACE AMBER,ROUND ARTICULATED PINK CLOCK W/SUCK
THE KING GIFT BAG,PURPLE FRANGIPANI HAIRCLIP,FUNKY MONKEY GIFT BAG MEDIUM,THE KING GIFT BAG 25x24x12cm,CHAMPAGNE TRAY BLANK CARD,BLACK FLOWER CANDLE PLATE
THE KING GIFT BAG 25x24x12cm,THE KING GIFT BAG,CHAMPAGNE TRAY BLANK CARD,YELLOW/BLUE RETRO RADIO,BLUE CRUSOE CHECK LAMPSHADE,PINK GAUZE BUTTERFLY LAMPSHADE
THREE CANVAS LUGGAGE TAGS,QUEEN OF THE SKIES HOLIDAY PURSE ,POLYESTER FILLER PAD 60x40cm,GOLD APERITIF GLASS,FIRST CLASS HOLIDAY PURSE ,JAM JAR WITH BLUE LID
THREE MINI HANGING FRAMES,SQUARE MINI PORTRAIT FRAME,PURPLE FRANGIPANI NECKLACE,HEART MINI PORTRAIT FRAME,OVAL  MINI PORTRAIT FRAME,DIAMOND LAS VEGAS NECKLACE 45CM
TIGRIS EYE CHUNKY CHARM BRACELET,WHITE HEART OF GLASS BRACELET,TURQ STONE/CRYSTAL EARRINGS,MOP PENDANT SHELL NECKLACE,TURQUOISE HEART OF GLASS BRACELET,MIDNIGHT BLUE GLASS/SILVER BRACELET
TINY CRYSTAL BRACELET GREEN,NECKLACE+BRACELET PINK BUTTERFLY,PACK 3 FIRE ENGINE/CAR PATCHES,ASSORTED MONKEY SUCTION CUP HOOK,ASSORTED COLOUR LIZARD SUCTION HOOK,TOYBOX  WRAP 
TOADSTOOL BEDSIDE LIGHT ,RED TOADSTOOL LED NIGHT LIGHT,RABBIT NIGHT LIGHT,MINI LIGHTS WOODLAND MUSHROOMS,SET OF 10 LED DOLLY LIGHTS,GUMBALL COAT RACK
TOADSTOOL MONEY BOX,RED TOADSTOOL LED NIGHT LIGHT,MINI LIGHTS WOODLAND MUSHROOMS,ROUND SNACK BOXES SET OF4 WOODLAND ,SPACEBOY CHILDRENS CUP,SPACEBOY CHILDRENS BOWL
TOAST ITS - BEST MUM,TOAST ITS - I LOVE YOU ,TOAST ITS - FAIRY FLOWER,TOAST ITS - HAPPY BIRTHDAY,TOAST ITS - DINOSAUR,SILVER FLOWR PINK SHELL NECKLACE
TOAST ITS - DINOSAUR,PINK CHERRY BLOSSOM CUP & SAUCER,VINTAGE BLUE TINSEL REEL,FUNKY MONKEY MUG,PINK STRAWBERRY HANDBAG ,PINK POLKADOT KIDS BAG
TOAST ITS - FAIRY FLOWER,TOAST ITS - BEST MUM,TOAST ITS - I LOVE YOU ,TOAST ITS - HAPPY BIRTHDAY,RED PURSE WITH PINK HEART,TOAST ITS - DINOSAUR
TOAST ITS - HAPPY BIRTHDAY,TOAST ITS - I LOVE YOU ,TOAST ITS - BEST MUM,TOAST ITS - FAIRY FLOWER,SILVER LARIAT BLACK STONE EARRINGS,SILVER FLOWR PINK SHELL NECKLACE
TOAST ITS - I LOVE YOU ,TOAST ITS - BEST MUM,TOAST ITS - HAPPY BIRTHDAY,TOAST ITS - FAIRY FLOWER,PINK HEART SHAPE EGG FRYING PAN,72 SWEETHEART FAIRY CAKE CASES
TOILET METAL SIGN,BATHROOM METAL SIGN,KITCHEN METAL SIGN,LAUNDRY 15C METAL SIGN,HOT BATHS METAL SIGN,BEWARE OF THE CAT METAL SIGN 
TOILET SIGN OCCUPIED OR VACANT,FRENCH WC SIGN BLUE METAL,FRENCH TOILET SIGN BLUE METAL,FRENCH BATHROOM SIGN BLUE METAL,FRENCH GARDEN SIGN BLUE METAL,LAUNDRY 15C METAL SIGN
TOMATO CHARLIE+LOLA COASTER SET,CARROT CHARLIE+LOLA COASTER SET,RED CHARLIE+LOLA PERSONAL DOORSIGN,"CHARLIE+LOLA""EXTREMELY BUSY"" SIGN",CHARLIE+LOLA MY ROOM DOOR SIGN,CHARLIE & LOLA WASTEPAPER BIN FLORA
TOOL BOX SOFT TOY ,DOCTOR'S BAG SOFT TOY,NURSE'S BAG SOFT TOY,FIRST CLASS LUGGAGE TAG ,RED GINGHAM TEDDY BEAR ,BIRDS MOBILE VINTAGE DESIGN
TOOTHPASTE TUBE PEN,CHOCOLATE CALCULATOR,PING! MICROWAVE PLATE,LIPSTICK PEN BABY PINK,BALLOON ART MAKE YOUR OWN FLOWERS,A4 WALL TIDY BLUE OFFICE
TOP SECRET PEN SET,TEATIME PEN CASE & PENS,BLUE NEW BAROQUE FLOCK CANDLESTICK,BLUE PADDED SOFT MOBILE,WHITE CHRISTMAS TREE 60CM,BLACK LOVE BIRD T-LIGHT HOLDER
TOTE BAG I LOVE LONDON,LUNCH BOX I LOVE LONDON,LONDON BUS COFFEE MUG, I LOVE LONDON MINI BACKPACK,SET 2 TEA TOWELS I LOVE LONDON ,PACK OF 12 LONDON TISSUES 
TOXIC AREA  DOOR HANGER ,MOODY GIRL DOOR HANGER ,DO NOT TOUCH MY STUFF DOOR HANGER ,MOODY BOY  DOOR HANGER ,DOOR HANGER  MUM + DADS ROOM,RED CHARLIE+LOLA PERSONAL DOORSIGN
TOY TIDY DOLLY GIRL DESIGN,TOY TIDY SPACEBOY  ,TOY TIDY PINK POLKADOT,RECYCLING BAG RETROSPOT ,JUMBO BAG DOLLY GIRL DESIGN,LUNCH BAG DOLLY GIRL DESIGN
TOY TIDY PINK POLKADOT,RECYCLING BAG RETROSPOT ,TOY TIDY SPACEBOY  ,TOY TIDY DOLLY GIRL DESIGN,JUMBO BAG PINK POLKADOT,LUNCH BAG PINK POLKADOT
TOY TIDY SPACEBOY  ,TOY TIDY PINK POLKADOT,TOY TIDY DOLLY GIRL DESIGN,RECYCLING BAG RETROSPOT ,JUMBO BAG SPACEBOY DESIGN,LUNCH BAG SPACEBOY DESIGN 
TOYBOX  WRAP ,WRAP MONSTER FUN ,TEA PARTY  WRAPPING PAPER ,BLUE/YELLOW CERAMIC CANDLE HOLDER,PINK STRAWBERRY HANDBAG ,KNITTED RABBIT DOLL 
TRADITIONAL CHRISTMAS RIBBONS,SCANDINAVIAN REDS RIBBONS,6 RIBBONS ELEGANT CHRISTMAS ,CHOCOLATE BOX RIBBONS ,ROMANTIC PINKS RIBBONS ,SET OF 6 RIBBONS VINTAGE CHRISTMAS
TRADITIONAL KNITTING NANCY,TRADITIONAL WOODEN SKIPPING ROPE,TRADITIONAL WOODEN CATCH CUP GAME ,4 TRADITIONAL SPINNING TOPS,VINTAGE SNAP CARDS,SET OF 6 SOLDIER SKITTLES
TRADITIONAL MODELLING CLAY,PACK OF 12 TRADITIONAL CRAYONS,PACK OF 12 COLOURED PENCILS,WOODEN SCHOOL COLOURING SET,PAINT YOUR OWN CANVAS SET,BLUE HARMONICA IN BOX 
TRADITIONAL NAUGHTS & CROSSES,TRADITIONAL PICK UP STICKS GAME ,TRADTIONAL ALPHABET STAMP SET,WOODEN BOX OF DOMINOES,CLASSIC CHROME BICYCLE BELL ,VINTAGE HEADS AND TAILS CARD GAME 
TRADITIONAL PICK UP STICKS GAME ,TRADITIONAL NAUGHTS & CROSSES,TRADTIONAL ALPHABET STAMP SET,BLUE HARMONICA IN BOX ,WOODEN BOX OF DOMINOES,CLASSIC CHROME BICYCLE BELL 
TRADITIONAL WOODEN CATCH CUP GAME ,TRADITIONAL WOODEN SKIPPING ROPE,4 TRADITIONAL SPINNING TOPS,S/6 WOODEN SKITTLES IN COTTON BAG,TRADITIONAL KNITTING NANCY,VINTAGE SNAP CARDS
TRADITIONAL WOODEN SKIPPING ROPE,TRADITIONAL WOODEN CATCH CUP GAME ,4 TRADITIONAL SPINNING TOPS,S/6 WOODEN SKITTLES IN COTTON BAG,WOODEN BOX OF DOMINOES,TRADITIONAL KNITTING NANCY
TRADTIONAL ALPHABET STAMP SET,TRADITIONAL NAUGHTS & CROSSES,TRADITIONAL PICK UP STICKS GAME ,CLASSIC CHROME BICYCLE BELL ,BICYCLE PUNCTURE REPAIR KIT ,CLASSIC BICYCLE CLIPS 
TRANQUILITY MASALA INCENSE,LOVE POTION MASALA INCENSE,WHITE SAGE INCENSE,FAIRY DREAMS INCENSE ,OCEAN STRIPE HAMMOCK ,PINK EASTER HENS+FLOWER
TRANSPARENT ACRYLIC TAPE DISPENSER,DOTCOM POSTAGE,IVORY GOLD METAL BAG CHARM,COPPER AND BRASS BAG CHARM,CRYSTAL CZECH CROSS PHONE CHARM,BEADED CRYSTAL HEART GREEN ON STICK
TRAVEL CARD WALLET FLOWER MEADOW,TRAVEL CARD WALLET RETROSPOT,TRAVEL CARD WALLET TRANSPORT,TRAVEL CARD WALLET SKULLS,TRAVEL CARD WALLET VINTAGE TICKET,TRAVEL CARD WALLET SUKI
TRAVEL CARD WALLET I LOVE LONDON,TRAVEL CARD WALLET KEEP CALM,TRAVEL CARD WALLET SKULLS,TRAVEL CARD WALLET RETROSPOT,TRAVEL CARD WALLET SUKI,TRAVEL CARD WALLET UNION JACK
TRAVEL CARD WALLET KEEP CALM,TRAVEL CARD WALLET UNION JACK,TRAVEL CARD WALLET VINTAGE TICKET,TRAVEL CARD WALLET TRANSPORT,TRAVEL CARD WALLET I LOVE LONDON,TRAVEL CARD WALLET RETROSPOT
TRAVEL CARD WALLET PANTRY,TRAVEL CARD WALLET RETROSPOT,TRAVEL CARD WALLET TRANSPORT,TRAVEL CARD WALLET VINTAGE LEAF,TRAVEL CARD WALLET SKULLS,TRAVEL CARD WALLET FLOWER MEADOW
TRAVEL CARD WALLET RETRO PETALS,TRAVEL CARD WALLET TRANSPORT,TRAVEL CARD WALLET VINTAGE ROSE ,TRAVEL CARD WALLET KEEP CALM,TRAVEL CARD WALLET VINTAGE TICKET,TRAVEL CARD WALLET FLOWER MEADOW
TRAVEL CARD WALLET RETROSPOT,TRAVEL CARD WALLET SKULLS,TRAVEL CARD WALLET SUKI,TRAVEL CARD WALLET TRANSPORT,TRAVEL CARD WALLET FLOWER MEADOW,TRAVEL CARD WALLET KEEP CALM
TRAVEL CARD WALLET SKULLS,TRAVEL CARD WALLET SUKI,TRAVEL CARD WALLET RETROSPOT,TRAVEL CARD WALLET I LOVE LONDON,TRAVEL CARD WALLET UNION JACK,TRAVEL CARD WALLET KEEP CALM
TRAVEL CARD WALLET SUKI,TRAVEL CARD WALLET SKULLS,TRAVEL CARD WALLET RETROSPOT,TRAVEL CARD WALLET I LOVE LONDON,TRAVEL CARD WALLET KEEP CALM,TRAVEL CARD WALLET UNION JACK
TRAVEL CARD WALLET TRANSPORT,TRAVEL CARD WALLET KEEP CALM,TRAVEL CARD WALLET RETROSPOT,TRAVEL CARD WALLET FLOWER MEADOW,TRAVEL CARD WALLET VINTAGE TICKET,TRAVEL CARD WALLET SKULLS
TRAVEL CARD WALLET UNION JACK,TRAVEL CARD WALLET KEEP CALM,TRAVEL CARD WALLET SKULLS,TRAVEL CARD WALLET SUKI,TRAVEL CARD WALLET I LOVE LONDON,TRAVEL CARD WALLET RETROSPOT
TRAVEL CARD WALLET VINTAGE LEAF,TRAVEL CARD WALLET TRANSPORT,TRAVEL CARD WALLET SUKI,TRAVEL CARD WALLET KEEP CALM,TRAVEL CARD WALLET RETROSPOT,TRAVEL CARD WALLET I LOVE LONDON
TRAVEL CARD WALLET VINTAGE ROSE ,TRAVEL CARD WALLET RETRO PETALS,TRAVEL CARD WALLET RETROSPOT,TRAVEL CARD WALLET TRANSPORT,TRAVEL CARD WALLET KEEP CALM,TRAVEL CARD WALLET VINTAGE TICKET
TRAVEL CARD WALLET VINTAGE TICKET,TRAVEL CARD WALLET KEEP CALM,TRAVEL CARD WALLET TRANSPORT,TRAVEL CARD WALLET RETROSPOT,TRAVEL CARD WALLET FLOWER MEADOW,TRAVEL CARD WALLET SUKI
TRAVEL SEWING KIT,DELUXE SEWING KIT ,VINTAGE DOILY TRAVEL SEWING KIT,BUTTON BOX ,JAM MAKING SET PRINTED,JAM MAKING SET WITH JARS
"TRAY, BREAKFAST IN BED",DOORKNOB CRACKED GLAZE IVORY,DECROTIVEVINTAGE COFFEE GRINDER BOX,PURPLE FRANGIPANI NECKLACE,DOORKNOB CRACKED GLAZE PINK,DOORKNOB CRACKED GLAZE GREEN
TREASURE AHOY WALL ART,BUFFALO BILL WALL ART ,ANIMALS AND NATURE WALL ART,HORSE & PONY WALL ART,DOG LICENCE WALL ART,SPACEBOY WALL ART
TREASURE ISLAND BOOK BOX,ABC TREASURE BOOK BOX ,GYMKHANA TREASURE BOOK BOX,BUFFALO BILL TREASURE BOOK BOX,TREASURE TIN GYMKHANA DESIGN,TREASURE TIN BUFFALO BILL 
TREASURE TIN BUFFALO BILL ,TREASURE TIN GYMKHANA DESIGN,MINI PLAYING CARDS GYMKHANA,BUFFALO BILL TREASURE BOOK BOX,SET OF 4 KNICK KNACK TINS LONDON ,MINI PLAYING CARDS BUFFALO BILL 
TREASURE TIN GYMKHANA DESIGN,TREASURE TIN BUFFALO BILL ,DOLLY GIRL LUNCH BOX, DOLLY GIRL BEAKER,MINI PLAYING CARDS GYMKHANA,SPACEBOY LUNCH BOX 
TREE T-LIGHT HOLDER WILLIE WINKIE,STAR T-LIGHT HOLDER WILLIE WINKIE,HEART T-LIGHT HOLDER WILLIE WINKIE,PINK GLASS TASSLE BAG CHARM ,"GARLAND, MAGIC GARDEN 1.8M",ORANGE PENDANT TRIPLE SHELL NECKLAC
TRIANGULAR POUFFE VINTAGE ,FLOOR CUSHION ELEPHANT CARNIVAL,ELEPHANT CARNIVAL POUFFE,SQUARE FLOOR CUSHION VINTAGE RED,ZINC WIRE SWEETHEART LETTER TRAY,PINK POLKADOT PLATE 
TRIPLE HOOK ANTIQUE IVORY ROSE,SINGLE ANTIQUE ROSE HOOK IVORY,MINIATURE ANTIQUE ROSE HOOK IVORY,CREAM CUPID HEARTS COAT HANGER,WOODEN PICTURE FRAME WHITE FINISH,METAL 4 HOOK HANGER FRENCH CHATEAU
TRIPLE PHOTO FRAME CORNICE ,FAMILY PHOTO FRAME CORNICE,PHOTO FRAME CORNICE,PHOTO FRAME 3 CLASSIC HANGING,LARGE ANTIQUE WHITE PHOTO FRAME,PICTURE FRAME WOOD TRIPLE PORTRAIT
TRIPLE WIRE HOOK IVORY HEART,SINGLE WIRE HOOK IVORY HEART,TRIPLE WIRE HOOK PINK HEART,SINGLE WIRE HOOK PINK HEART,SMALL HEART FLOWERS HOOK ,SMALL IVORY HEART WALL ORGANISER
TRIPLE WIRE HOOK PINK HEART,TRIPLE WIRE HOOK IVORY HEART,SINGLE WIRE HOOK PINK HEART,POLYESTER FILLER PAD 60x40cm,PURPLE/TURQ FLOWERS HANDBAG,WRAP  PINK FLOCK
TROPICAL  HONEYCOMB PAPER GARLAND ,STRAWBERRY HONEYCOMB  GARLAND ,MULTICOLOUR 3D BALLS GARLAND,MULTICOLOUR HONEYCOMB PAPER GARLAND,3D HEARTS  HONEYCOMB PAPER GARLAND,DAISIES  HONEYCOMB GARLAND 
TROPICAL HOLIDAY PURSE ,VINTAGE BEAD COSMETIC BAG ,VIP HOLIDAY PURSE,PINK PARTY SUNGLASSES,ASSORTED SANSKRIT MINI NOTEBOOK,CAKES AND RABBITS DESIGN FLANNEL 
TROPICAL LUGGAGE TAG,ECONOMY LUGGAGE TAG,BLUE POLKADOT LUGGAGE TAG ,FIRST CLASS LUGGAGE TAG ,QUEEN OF SKIES LUGGAGE TAG,TROPICAL PASSPORT COVER 
TROPICAL PASSPORT COVER ,QUEEN OF THE SKIES HOLIDAY PURSE ,PURPLE DRESS JEWELLERY STAND,VIPPASSPORT COVER ,FIRST CLASS PASSPORT COVER ,QUEEN OF THE SKIES PASSPORT COVER 
TUB 24 PINK FLOWER PEGS,12 DAISY PEGS IN WOOD BOX,ENGLISH ROSE METAL WASTE BIN,SMALL LICORICE DES PINK BOWL,12 IVORY ROSE PEG PLACE SETTINGS,FUNKY WASHING UP GLOVES ASSORTED
TUMBLER BAROQUE,PURPLE DRESS JEWELLERY STAND,VINTAGE PINK DECORATIVE PARASOL,GOLD WINE GOBLET,BISCUIT TIN VINTAGE LEAF,SMALLFOLKART BAUBLE CHRISTMAS DEC
TUMBLER NEW ENGLAND,PURPLE DRESS JEWELLERY STAND,JARDIN ETCHED GLASS FRUITBOWL,BROWN KUKUI COCONUT SEED NECKLACE,PURPLE FRANGIPANI NECKLACE,CHARLIE AND LOLA TABLE TINS
"TUMBLER, BAROQUE",BLUE MONTE CARLO HANDBAG,PINK FLOCK PHOTO FRAME ,POP ART PUSH DOWN RUBBER ,YELLOW/ORANGE FLOWER DESIGN PLATE,"TUMBLER, NEW ENGLAND"
"TUMBLER, NEW ENGLAND",PINK FLOCK PHOTO FRAME ,"WALL ART,ONLY ONE PERSON ",PINK PAINTED KASHMIRI CHAIR,BLUE MONTE CARLO HANDBAG,CLASSICAL ROSE SMALL VASE
TURQ ICE CREAM BUM BAG ,ORANGE FELT VASE + FLOWERS,GLASS CAKE COVER AND PLATE,POLYESTER FILLER PAD 60x40cm,HEN HOUSE W CHICK IN NEST,DUSTY PINK CHRISTMAS TREE 60CM
TURQ PENDANT TRIPLE SHELL NECKLACE,TURQ PENDANT TRIPLE SHELL NECKLACE,DIAMANTE HAIR GRIP PACK/2 PERIDOT,"GARLAND, MAGIC GARDEN 1.8M",EDWARDIAN DROP EARRINGS JET BLACK,DROP DIAMANTE EARRINGS GREEN
TURQ STONE/CRYSTAL EARRINGS,BLUE/NAT SHELL NECKLACE W PENDANT,SILVER/AMETHYST DROP EARRINGS LEAF,IVORY SHELL HEART EARRINGS,PINK/WHITE GLASS DEMI CHOKER,CRYSTAL DIAMANTE STAR BROOCH
TURQ+RED BOUDICCA LARGE BRACELET,PINK BOUDICCA LARGE BRACELET,RED BOUDICCA LARGE BRACELET,PURPLE BOUDICCA LARGE BRACELET,WHITE VINTAGE CRYSTAL BRACELET,TURQUOISE GLASS TASSLE BAG CHARM 
TURQUOISE BERTIE GLASS BEAD CHARM,PURPLE BERTIE GLASS BEAD BAG CHARM,BIRD ON BRANCH CANVAS SCREEN,JAM JAR WITH BLUE LID,GOLD APERITIF GLASS,AMBER BERTIE GLASS BEAD BAG CHARM
TURQUOISE CHRISTMAS TREE ,CURIOUS IMAGES SCRAP BOOK SET,CHERRY BLOSSOM PURSE,BLUE POLKADOT PUDDING BOWL,BLUE BREAKFAST CUP AND SAUCER ,VINTAGE PHOTO ALBUM PARIS DAYS
TURQUOISE CRYSTAL+GLASS BRACELET,PINK CRYSTAL+GLASS BRACELET,JADE CRYSTAL+GLASS BRACELET,FIRE POLISHED GLASS BRACELET BLACK,VINTAGE ROSE BEAD BRACELET BLACK,BLUE MURANO TWIST BRACELET
TURQUOISE GLASS TASSLE BAG CHARM ,GREEN GLASS TASSLE BAG CHARM,RED GLASS TASSLE BAG CHARM,PINK GLASS TASSLE BAG CHARM ,TURQ+RED BOUDICCA LARGE BRACELET,PURPLE GLASS TASSLE BAG CHARM
TURQUOISE HEART OF GLASS BRACELET,GREEN HEART OF GLASS BRACELET,PINK HEART OF GLASS BRACELET,TIGRIS EYE CHUNKY CHARM BRACELET,GOLD M.O.P ORBIT BRACELET,WHITE HEART OF GLASS BRACELET
TUSCAN VILLA BIRD FEEDER,ASSTD RASTA KEY-CHAINS,HALL CABINET WITH 3 DRAWERS,TUSCAN VILLA DOVECOTE BIRD FEEDER,ZINC HEART LATTICE TRAY OVAL ,RASTA IN BATH W SPLIFF ASHTRAY
TUSCAN VILLA BIRD TABLE ,TUSCAN VILLA DOVECOTE,PINK GREEN EMBROIDERY COSMETIC BAG,VINTAGE KEEPSAKE BOX PINK FLOWER,UBO-LIGHT TRIOBASE BLUE,DANISH ROSE UMBRELLA STAND
TUSCAN VILLA DOVECOTE,TUSCAN VILLA BIRD TABLE ,GREEN METAL BOX TOP SECRET,TUSCAN VILLA FEEDING STATION,VINTAGE ZINC WATERING CAN,EMBROIDERED RIBBON REEL ROSIE
TUSCAN VILLA DOVECOTE BIRD FEEDER,BLUE FELT HANGING HEART WITH FLOWER,PACK 4 FLOWER/BUTTERFLY PATCHES,BLOSSOM IMAGES SCRAP BOOK SET,VINTAGE BEAD PINK SHADE ,WRAP GREEN RUSSIAN FOLKART 
TUSCAN VILLA FEEDING STATION,TUSCAN VILLA DOVECOTE,PINK PAISLEY CUSHION COVER ,BEACH HUT KEY CABINET,ASS COL LARGE SAND FROG P'WEIGHT,ASSORTED CHEESE FRIDGE MAGNETS
TV DINNER TRAY AIR HOSTESS ,TV DINNER TRAY DOLLY GIRL,GOLD FISHING GNOME,SPACEBOY TV DINNER TRAY,EMPIRE UNION JACK TV DINNER TRAY,FIRST CLASS HOLIDAY PURSE 
TV DINNER TRAY DOLLY GIRL,SPACEBOY TV DINNER TRAY,TV DINNER TRAY AIR HOSTESS ,SKULL DESIGN TV DINNER TRAY,DOLLY GIRL LUNCH BOX,SPACEBOY LUNCH BOX 
TV DINNER TRAY VINTAGE PAISLEY,SKULL DESIGN TV DINNER TRAY,EMPIRE UNION JACK TV DINNER TRAY,PURPLE DRESS JEWELLERY STAND,VIPPASSPORT COVER ,SPACEBOY TV DINNER TRAY
TWO DOOR CURIO CABINET,PARISIENNE CURIO CABINET,WHITE HEART CONFETTI IN TUBE,PURPLE FRANGIPANI NECKLACE,MIRROR CORNICE,PARISIENNE SEWING BOX
UBO-LIGHT TRIOBASE BLUE,"LETTER ""F"" BLING KEY RING",UBO-LIGHT TRIOBASE PURPLE,ORIENTAL RED CUSHION COVER ,GREEN PEONY CUSHION COVER,RED PEONY CUSHION COVER 
UBO-LIGHT TRIOBASE PURPLE,RUBY GLASS CLUSTER EARRINGS,CRACKED GLAZE EARRINGS RED,UBO-LIGHT TRIOBASE BLUE,SILVER 2 STRAND NECKLACE-LEAF CHARM,5 STRAND GLASS NECKLACE AMBER
UNION FLAG WINDSOCK,"S/4 ICON COASTER,ELVIS LIVES",FLAG OF ST GEORGE ,HAWAIIAN GRASS SKIRT ,CD WALL TIDY RED FLOWERS,BIRD ON BRANCH CANVAS SCREEN
UNION JACK FLAG LUGGAGE TAG,PINK UNION JACK  LUGGAGE TAG,UNION JACK FLAG PASSPORT COVER ,PINK UNION JACK  PASSPORT COVER ,ECONOMY LUGGAGE TAG,QUEEN OF SKIES LUGGAGE TAG
UNION JACK FLAG PASSPORT COVER ,PINK UNION JACK  PASSPORT COVER ,UNION JACK FLAG LUGGAGE TAG,PINK UNION JACK  LUGGAGE TAG,VIPPASSPORT COVER ,QUEEN OF THE SKIES PASSPORT COVER 
UNION JACK HOT WATER BOTTLE ,"RETRO TIN ASHTRAY,REVOLUTIONARY",VIP PASSPORT COVER ,PERIWINKLE T-LIGHT HOLDER,ASSORTED LAQUERED INCENSE HOLDERS,OYSTER TRINKET BOX
UNION STRIPE CUSHION COVER ,BLUE/CREAM STRIPE CUSHION COVER ,RED/CREAM STRIPE CUSHION COVER ,SILVER FLOWR PINK SHELL NECKLACE,FUNKY MONKEY CUSHION COVER,WOVEN SUNSET CUSHION COVER 
UNION STRIPE WITH FRINGE  HAMMOCK,SUNSET CHECK HAMMOCK,RETROSPOT PADDED SEAT CUSHION,PARLOUR CERAMIC WALL HOOK,RED RETROSPOT UMBRELLA,RECYCLED ACAPULCO MAT GREEN
URBAN BLACK RIBBONS ,ROMANTIC PINKS RIBBONS ,CHOCOLATE BOX RIBBONS ,SCANDINAVIAN REDS RIBBONS,BRIGHT BLUES RIBBONS ,BABY BOOM RIBBONS 
UTILTY CABINET WITH HOOKS,HALL CABINET WITH 3 DRAWERS,VINTAGE POST OFFICE CABINET,WHITE HEART OF GLASS BRACELET,WHITE BEADED GARLAND STRING 20LIGHT,CAT AND BIRD WALL ART
VANILLA INCENSE 40 CONES IN TIN,PINK POLKADOT KIDS BAG,FUNKY MONKEY MUG,LAVENDER INCENSE 40 CONES IN TIN,BLACK FLOWER CANDLE PLATE,FROG KING WATERING CAN
VANILLA INCENSE IN TIN,LAVENDER INCENSE IN TIN,ORIGAMI ROSE INCENSE/CANDLE SET ,ORIGAMI LAVENDER INCENSE/CANDL SET ,CHARLIE & LOLA WASTEPAPER BIN BLUE,FENG SHUI PILLAR CANDLE
VANILLA SCENT CANDLE JEWELLED BOX,OCEAN SCENT CANDLE IN JEWELLED BOX,ROSE SCENT CANDLE IN JEWELLED BOX,ROSE SCENT CANDLE JEWELLED DRAWER,SET/3 VANILLA SCENTED CANDLE IN BOX,SET/3 OCEAN SCENT CANDLE JEWEL BOX
VEGETABLE GARDEN CHOPPING BOARD,RED APPLES CHOPPING BOARD   ,POPPY FIELDS CHOPPING BOARD,CROCHET ROSE DES CLOTHES HANGER,PINK CRYSTAL GUITAR PHONE CHARM,VINTAGE LEAF CHOPPING BOARD  
VEGETABLE MAGNETIC  SHOPPING LIST,LUNCH BAG VINTAGE DOILEY ,JUMBO BAG VINTAGE DOILEY ,DOLLCRAFT GIRL AMELIE,SET 4 PICNIC CUTLERY BLUEBERRY,SET 4 PICNIC CUTLERY CHERRY 
VICTORIAN  METAL POSTCARD SPRING,ASSORTED COLOUR BIRD ORNAMENT,YELLOW COAT RACK PARIS FASHION,BLUE COAT RACK PARIS FASHION,WOODEN PICTURE FRAME WHITE FINISH,WOOD 2 DRAWER CABINET WHITE FINISH
VICTORIAN GLASS HANGING T-LIGHT,COLOUR GLASS T-LIGHT HOLDER HANGING,ASSORTED COLOUR BIRD ORNAMENT,ANTIQUE SILVER T-LIGHT GLASS,PEARL CRYSTAL PUMPKIN T-LIGHT HLDR,EMBOSSED GLASS TEALIGHT HOLDER
VICTORIAN SEWING BOX LARGE,VICTORIAN SEWING BOX SMALL ,VICTORIAN SEWING BOX MEDIUM,TRIANGULAR POUFFE VINTAGE ,BEADED CRYSTAL HEART BLUE SMALL,PARISIENNE SEWING BOX
VICTORIAN SEWING BOX MEDIUM,VICTORIAN SEWING BOX SMALL ,VICTORIAN SEWING BOX LARGE,PARISIENNE SEWING BOX,PARISIENNE JEWELLERY DRAWER ,FRENCH ENAMEL CANDLEHOLDER
VICTORIAN SEWING BOX SMALL ,VICTORIAN SEWING BOX MEDIUM,VICTORIAN SEWING BOX LARGE,PARISIENNE SEWING BOX,WOOD 2 DRAWER CABINET WHITE FINISH,WOODEN PICTURE FRAME WHITE FINISH
VICTORIAN SEWING KIT,GENTLEMAN SHIRT REPAIR KIT ,SEWING SUSAN 21 NEEDLE SET,BASKET OF FLOWERS SEWING KIT,MEASURING TAPE BABUSHKA BLUE,COSY SLIPPER SHOES SMALL GREEN
VILLAGE SHOW WALL ART,STOP FOR TEA WALL ART,DOG LICENCE WALL ART,ANIMALS AND NATURE WALL ART,BICYCLE SAFTEY WALL ART,70'S ALPHABET WALL ART
VINTAGE  2 METER FOLDING RULER,WOODEN SCHOOL COLOURING SET,VINTAGE  2 METRE FOLDING RULER,BUNDLE OF 3 ALPHABET EXERCISE BOOKS,GIRAFFE WOODEN RULER,JUMBO BAG ALPHABET
VINTAGE  2 METRE FOLDING RULER,VINTAGE  2 METER FOLDING RULER,TRADITIONAL PICK UP STICKS GAME ,TRADITIONAL NAUGHTS & CROSSES,REVOLVER WOODEN RULER ,RABBIT NIGHT LIGHT
VINTAGE BEAD COSMETIC BAG ,DOTCOM POSTAGE,IVORY GOLD METAL BAG CHARM,BEADED CRYSTAL HEART GREEN ON STICK,VINTAGE BEAD PINK JEWEL BOX,CRYSTAL CZECH CROSS PHONE CHARM
VINTAGE BEAD NOTEBOOK,PINK CLEAR GLASS CANDLE PLATE,ORANGE FELT VASE + FLOWERS,HEN HOUSE W CHICK IN NEST,POLYESTER FILLER PAD 60x40cm,GLASS CAKE COVER AND PLATE
VINTAGE BEAD PINK EVENING BAG,VINTAGE BEAD PINK PURSE ,VINTAGE BEAD PINK SCARF ,FOLK ART METAL HEART T-LIGHT HOLDER,PURPLE DRESS JEWELLERY STAND,PINK/YELLOW FLOWERS HANDBAG
VINTAGE BEAD PINK JEWEL BOX,VINTAGE BEAD COSMETIC BAG ,IVY HEART WREATH,ANTIQUE GLASS PLACE SETTING,VINTAGE BEAD NOTEBOOK,WHITE/PINK CHICK DECORATION
VINTAGE BEAD PINK JEWEL STAND,FUSCHIA RETRO BAR STOOL,RED DAISY PAPER LAMPSHADE,LARGE TORTILLA DESIGN RED BOWL,PINK HAWAIIAN PICNIC HAMPER FOR 2,Bank Charges
VINTAGE BEAD PINK PURSE ,VINTAGE BEAD PINK EVENING BAG,VINTAGE BEAD PINK SCARF ,FUSCHIA FLOWER PURSE WITH BEADS,ROUND PURPLE CLOCK WITH SUCKER,ENGLISH ROSE SPIRIT LEVEL 
VINTAGE BEAD PINK SCARF ,VINTAGE BEAD PINK EVENING BAG,VINTAGE BEAD PINK PURSE ,FOLKART CHRISTMAS TREE T-LIGHT HOLD,ROUND PURPLE CLOCK WITH SUCKER,"SWISS ROLL TOWEL, CHOCOLATE  SPOTS"
VINTAGE BEAD PINK SHADE ,PACK 4 FLOWER/BUTTERFLY PATCHES,SILVER FLOWR PINK SHELL NECKLACE,"SILICON CUBE 25W, BLUE",DROP DIAMANTE EARRINGS BLACK DIAMON,ST GEORGE SET OF 10 PARTY LIGHTS
VINTAGE BELLS GARLAND,JINGLE BELL HEART DECORATION,VINTAGE JINGLE BELLS HEART,RABBIT NIGHT LIGHT,HEART OF WICKER SMALL,CHRISTMAS CRAFT LITTLE FRIENDS
VINTAGE BILLBOARD DRINK ME MUG,VINTAGE BILLBOARD TEA MUG,VINTAGE BILLBOARD MUG ,VINTAGE BILLBOARD LOVE/HATE MUG,SAVE THE PLANET MUG,VINTAGE RED MUG
VINTAGE BILLBOARD LOVE/HATE MUG,SAVE THE PLANET MUG,VINTAGE BILLBOARD DRINK ME MUG,VINTAGE BILLBOARD MUG ,GLAMOROUS  MUG,VINTAGE RED MUG
VINTAGE BILLBOARD MUG ,VINTAGE BILLBOARD DRINK ME MUG,VINTAGE BILLBOARD LOVE/HATE MUG,VINTAGE BILLBOARD TEA MUG,VINTAGE RED MUG,SAVE THE PLANET MUG
VINTAGE BILLBOARD TEA MUG,VINTAGE BILLBOARD DRINK ME MUG,VINTAGE RED MUG,VINTAGE RED TEATIME MUG,VINTAGE BILLBOARD MUG ,VINTAGE BILLBOARD LOVE/HATE MUG
VINTAGE BLUE KITCHEN CABINET,VINTAGE RED KITCHEN CABINET,MARIE ANTOIENETT TRINKET BOX GOLD,BLUE/YELLOW CERAMIC CANDLE HOLDER,KNITTED RABBIT DOLL ,PURPLE/BLUE CERAMIC CANDLE HOLDER
VINTAGE BLUE TINSEL REEL,JARDIN ETCHED GLASS BUTTER DISH,PINK NEW BAROQUE FLOCK CANDLESTICK,RED POLKADOT PUDDING BOWL,BLUE POLKADOT PUDDING BOWL,MIRROR LOVE BIRD T-LIGHT HOLDER
VINTAGE CARAVAN GIFT WRAP,PACK 4 FLOWER/BUTTERFLY PATCHES,SILVER AND BLACK ORBIT NECKLACE,HARDMAN MUG 3 ASSORTED,MONEY BOX FIRST ADE DESIGN,WRAP POPPIES  DESIGN
VINTAGE CARAVAN GREETING CARD ,RAINY LADIES BIRTHDAY CARD,COWBOYS AND INDIANS BIRTHDAY CARD ,CARD GINGHAM ROSE ,SPACEBOY BIRTHDAY CARD,VINTAGE KID DOLLY CARD 
VINTAGE CHRISTMAS BUNTING,VINTAGE CHRISTMAS STOCKING ,PAPER CHAIN KIT VINTAGE CHRISTMAS,SPOTTY BUNTING,VINTAGE CHRISTMAS GIFT SACK,SET OF 20 VINTAGE CHRISTMAS NAPKINS
VINTAGE CHRISTMAS CAKE FRILL,36 DOILIES VINTAGE CHRISTMAS,60 CAKE CASES VINTAGE CHRISTMAS,BOX OF 6 CHRISTMAS CAKE DECORATIONS,VINTAGE CHRISTMAS TABLECLOTH,SET OF 20 VINTAGE CHRISTMAS NAPKINS
VINTAGE CHRISTMAS GIFT BAG LARGE ,VINTAGE CHRISTMAS PAPER GIFT BAG, 50'S CHRISTMAS GIFT BAG LARGE,RED SPOT PAPER GIFT BAG, RED SPOT GIFT BAG LARGE,6 GIFT TAGS VINTAGE CHRISTMAS 
VINTAGE CHRISTMAS GIFT SACK,VINTAGE CHRISTMAS STOCKING ,PAPER CHAIN KIT VINTAGE CHRISTMAS,VINTAGE CHRISTMAS TABLECLOTH,VINTAGE CHRISTMAS BUNTING,BOX OF 6 MINI VINTAGE CRACKERS
VINTAGE CHRISTMAS PAPER GIFT BAG,VINTAGE CHRISTMAS GIFT BAG LARGE ,RED SPOT PAPER GIFT BAG, RED SPOT GIFT BAG LARGE,50'S CHRISTMAS PAPER GIFT BAG,6 GIFT TAGS VINTAGE CHRISTMAS 
VINTAGE CHRISTMAS STOCKING ,VINTAGE CHRISTMAS BUNTING,VINTAGE CHRISTMAS GIFT SACK,BOX OF 6 MINI VINTAGE CRACKERS,PAPER CHAIN KIT VINTAGE CHRISTMAS,6 GIFT TAGS VINTAGE CHRISTMAS 
VINTAGE CHRISTMAS TABLECLOTH,VINTAGE CHRISTMAS GIFT SACK,BOX OF 6 MINI VINTAGE CRACKERS,SET OF 20 VINTAGE CHRISTMAS NAPKINS,VINTAGE CHRISTMAS STOCKING ,VINTAGE CHRISTMAS CAKE FRILL
VINTAGE COFFEE GRINDER BOX,DOORKNOB CRACKED GLAZE BLUE,BLACK 3 BEAD DROP EARRINGS,FRYING PAN RED POLKADOT ,ORANGE PENDANT TRIPLE SHELL NECKLAC,DAISY HAIR COMB
VINTAGE CREAM 3 BASKET CAKE STAND,SWEETHEART CAKESTAND 3 TIER,TRIANGULAR POUFFE VINTAGE ,CAKE STAND WHITE TWO TIER LACE,WHITE WIRE EGG HOLDER,WOOD BLACK BOARD ANT WHITE FINISH
VINTAGE CREAM CAT FOOD CONTAINER,VINTAGE CREAM DOG FOOD CONTAINER,DOG BOWL VINTAGE CREAM,CAT BOWL VINTAGE CREAM,ROUND CAKE TIN VINTAGE RED,BREAD BIN DINER STYLE IVORY
VINTAGE CREAM DOG FOOD CONTAINER,VINTAGE CREAM CAT FOOD CONTAINER,DOG BOWL VINTAGE CREAM,CAT BOWL VINTAGE CREAM,BREAD BIN DINER STYLE IVORY,BISCUIT TIN VINTAGE RED
VINTAGE DOILY DELUXE SEWING KIT ,VINTAGE DOILY TRAVEL SEWING KIT,CHRISTMAS CRAFT LITTLE FRIENDS,SET OF 4 KNICK KNACK TINS DOILY ,CHRISTMAS CRAFT TREE TOP ANGEL,CHRISTMAS CRAFT WHITE FAIRY 
VINTAGE DOILY JUMBO BAG RED ,JUMBO BAG PAISLEY PARK,JUMBO BAG VINTAGE DOILY ,LUNCH BAG RED VINTAGE DOILY,LUNCH BAG PAISLEY PARK  ,JUMBO BAG DOILEY PATTERNS
VINTAGE DOILY TRAVEL SEWING KIT,VINTAGE DOILY DELUXE SEWING KIT ,SET OF 4 KNICK KNACK TINS DOILY ,TRAVEL SEWING KIT,BISCUIT TIN 50'S CHRISTMAS,SET 12 COLOURING PENCILS DOILY
VINTAGE DONKEY TAIL GAME ,BINGO SET,VINTAGE SNAKES & LADDERS,TREASURE TIN GYMKHANA DESIGN,VINTAGE SNAP CARDS,VINTAGE HEADS AND TAILS CARD GAME 
VINTAGE EMBOSSED HEART,ALUMINIUM STAMPED HEART,EMBOSSED HEART TRINKET BOX,FILIGRIS HEART WITH BUTTERFLY,HEART FILIGREE DOVE LARGE,HEART DECORATION WITH PEARLS 
VINTAGE ENAMEL & CRYSTAL EARRINGS,RASPBERRY ANT COPPER FLOWER NECKLAC,WHITE VINTAGE CRYSTAL BRACELET,PINK GLASS TASSLE BAG CHARM ,ANTIQUE RASPBERRY FLOWER EARRINGS,GREEN DROP EARRINGS W BEAD CLUSTER
VINTAGE ENAMEL & CRYSTAL NECKLACE,ANTIQUE OLIVE GREEN FLOWER EARRINGS,GLASS BEAD HOOP NECKLACE BLACK,GREEN DROP EARRINGS W BEAD CLUSTER,RUBY GLASS CLUSTER EARRINGS,SILVER/CRYSTAL DROP EARRINGS W LEAF
VINTAGE ENGRAVED HEART,CRYSTAL CHANDELIER T-LIGHT HOLDER,ALUMINIUM HEART,PAPER LANTERN 9 POINT HOLLY STAR 40,PAPER LANTERN 9 POINT DELUXE STAR,PAPER LANTERN 5 POINT STUDDED STAR
VINTAGE GLASS COFFEE CADDY,VINTAGE GLASS TEA CADDY,RIDGED GLASS STORAGE JAR CREAM LID,EIGHT PIECE CREEPY CRAWLIE SET,FOLDING CAMPING SCISSOR W/KNIF & S,CANDY SPOT HEART DECORATION
VINTAGE GLASS T-LIGHT HOLDER,T-LIGHT GLASS FLUTED ANTIQUE,FLUTED ANTIQUE CANDLE HOLDER,ANTIQUE SILVER TEA GLASS ENGRAVED,ANTIQUE SILVER T-LIGHT GLASS,EMBOSSED GLASS TEALIGHT HOLDER
VINTAGE GLASS TEA CADDY,PINK POLKADOT KIDS BAG,FUNKY MONKEY MUG,VINTAGE GLASS COFFEE CADDY,ENVELOPE 50 ROMANTIC IMAGES,"LETTER ""B"" BLING KEY RING"
VINTAGE HEADS AND TAILS CARD GAME ,VINTAGE SNAP CARDS,PICTURE DOMINOES,HEADS AND TAILS SPORTING FUN,WOODEN BOX OF DOMINOES,VINTAGE SNAKES & LADDERS
VINTAGE JINGLE BELLS HEART,VINTAGE JINGLE BELLS WREATH,JINGLE BELL HEART ANTIQUE SILVER,VINTAGE BELLS GARLAND,JINGLE BELL HEART DECORATION,PURPLE FRANGIPANI NECKLACE
VINTAGE JINGLE BELLS WREATH,VINTAGE JINGLE BELLS HEART,ROSE COLOUR PAIR HEART HAIR SLIDES,2 DAISIES HAIR COMB,DIAMANTE HAIR GRIP PACK/2 CRYSTAL,DAISY HAIR COMB
VINTAGE KEEPSAKE BOX PARIS DAYS,ORANGE FELT VASE + FLOWERS,HEN HOUSE W CHICK IN NEST,GLASS CAKE COVER AND PLATE,POLYESTER FILLER PAD 60x40cm,TURQ ICE CREAM BUM BAG 
VINTAGE KEEPSAKE BOX PINK FLOWER,DANISH ROSE UMBRELLA STAND,SWEETHEART CARRY-ALL BASKET,PSYCHEDELIC METAL SIGN CALENDAR,BLUE GREEN EMBROIDERY COSMETIC BAG,PINK RIVIERA HANDBAG
VINTAGE KEEPSAKE BOX TRAVELOGUE,BAROQUE BUTTERFLY EARRINGS CRYSTAL,VINTAGE KEEPSAKE BOX PARIS DAYS,VINTAGE NOTEBOOK PARIS DAYS,ANTIQUE OPAL WHITE FLOWER EARRINGS,GREEN GEISHA GIRL 
VINTAGE KID DOLLY CARD ,COWBOYS AND INDIANS BIRTHDAY CARD ,"ELEPHANT, BIRTHDAY CARD, ",CARD DOLLY GIRL ,TEA PARTY BIRTHDAY CARD,CARD BIRTHDAY COWBOY
VINTAGE KITCHEN PRINT FRUITS,VINTAGE KITCHEN PRINT VEGETABLES,2 DAISIES HAIR COMB,CLASSIC DIAMANTE EARRINGS JET,"GARLAND, MAGIC GARDEN 1.8M",LARGE BLACK DIAMANTE HAIRSLIDE
VINTAGE KITCHEN PRINT PUDDINGS,BELL HEART ANTIQUE GOLD,TEA COSY BLUE STRIPE,LARGE APOTHECARY MEASURING JAR ,CANDY SPOT BUNNY,ALUMINIUM HEART
VINTAGE KITCHEN PRINT SEAFOOD,RESIN BRACELET W PASTEL BEADS,VINTAGE KITCHEN PRINT VEGETABLES,FINE SILVER NECKLACE W PASTEL FLOWE,PINK GLASS TASSLE BAG CHARM ,BLACK PHOTO ALBUM 
VINTAGE KITCHEN PRINT VEGETABLES,VINTAGE KITCHEN PRINT FRUITS,FUNKY MONKEY MUG,"LETTER ""H"" BLING KEY RING",PINK POLKADOT KIDS BAG,VINTAGE KITCHEN PRINT SEAFOOD
VINTAGE LEAF CHOPPING BOARD  ,POPPY FIELDS CHOPPING BOARD,RED APPLES CHOPPING BOARD   ,ROUND STORAGE TIN VINTAGE LEAF,VEGETABLE GARDEN CHOPPING BOARD,STORAGE TIN VINTAGE LEAF
VINTAGE LEAF MAGNETIC NOTEPAD,SKETCHBOOK MAGNETIC SHOPPING LIST,PANTRY MAGNETIC  SHOPPING LIST,SET OF 4 KNICK KNACK TINS LEAF,BUNDLE OF 3 RETRO NOTE BOOKS,ROUND STORAGE TIN VINTAGE LEAF
VINTAGE NOTEBOOK BEAUTY GIRL,GIRLY PINK TOOL SET,ENVELOPE 50 ROMANTIC IMAGES,BLUE FLOCK CUSHION COVER ,BLUE BREAKFAST CUP AND SAUCER ,VINTAGE GLASS TEA CADDY
VINTAGE NOTEBOOK PARIS DAYS,VINTAGE NOTEBOOK TRAVELOGUE,GIRLY PINK TOOL SET,BLUE FLOCK CUSHION COVER ,VINTAGE NOTEBOOK BEAUTY GIRL,BLUE BREAKFAST CUP AND SAUCER 
VINTAGE NOTEBOOK TRAVELOGUE,GIRLY PINK TOOL SET,VINTAGE NOTEBOOK PARIS DAYS,VINTAGE NOTEBOOK BEAUTY GIRL,BLUE BREAKFAST CUP AND SAUCER ,BLUE FLOCK CUSHION COVER 
VINTAGE PAISLEY STATIONERY SET,BOHEMIAN COLLAGE STATIONERY SET,FLORAL FOLK STATIONERY SET,MODERN FLORAL STATIONERY SET,MOTORING TISSUE BOX,WOOD STAMP SET THANK YOU
VINTAGE PHOTO ALBUM PARIS DAYS,GLASS CAKE COVER AND PLATE,HEN HOUSE W CHICK IN NEST,CHERRY BLOSSOM PURSE,POLYESTER FILLER PAD 60x40cm,ORANGE FELT VASE + FLOWERS
VINTAGE PINK DECORATIVE PARASOL,BISCUIT TIN VINTAGE LEAF,PURPLE DRESS JEWELLERY STAND,GOLD APERITIF GLASS,BIRD ON BRANCH CANVAS SCREEN,JAM JAR WITH BLUE LID
VINTAGE POST OFFICE CABINET,NEWSPAPER STAND,CAT AND BIRD WALL ART,DOG AND BALL WALL ART,HALL CABINET WITH 3 DRAWERS,UTILTY CABINET WITH HOOKS
VINTAGE RED ENAMEL TRIM JUG ,VINTAGE RED TRIM ENAMEL BOWL ,VINTAGE RED ENAMEL TRIM MUG ,VINTAGE RED ENAMEL TRIM PLATE,ENAMEL MEASURING JUG CREAM,ALARM CLOCK BAKELIKE RED 
VINTAGE RED ENAMEL TRIM MUG ,VINTAGE RED ENAMEL TRIM PLATE,VINTAGE RED TRIM ENAMEL BOWL ,VINTAGE RED ENAMEL TRIM JUG ,DIAMANTE HAIR GRIP PACK/2 LT ROSE,SET OF 4 KNICK KNACK TINS DOILEY 
VINTAGE RED ENAMEL TRIM PLATE,VINTAGE RED TRIM ENAMEL BOWL ,VINTAGE RED ENAMEL TRIM MUG ,VINTAGE RED ENAMEL TRIM JUG ,PURPLE FRANGIPANI NECKLACE,LUNCH BAG DOILEY PATTERN 
VINTAGE RED KITCHEN CABINET,VINTAGE BLUE KITCHEN CABINET,MARIE ANTOIENETT TRINKET BOX GOLD,JET BLACK LAS VEGAS BRACELET ROUND,ORANGE TV TRAY TABLE ,WRAP DOILEY DESIGN
VINTAGE RED MUG,VINTAGE BILLBOARD TEA MUG,VINTAGE RED TEATIME MUG,VINTAGE BILLBOARD LOVE/HATE MUG,VINTAGE BILLBOARD DRINK ME MUG,VINTAGE BILLBOARD MUG 
VINTAGE RED TEATIME MUG,VINTAGE RED MUG,VINTAGE BILLBOARD TEA MUG,VINTAGE BILLBOARD DRINK ME MUG,KINGS CHOICE MUG,SAVE THE PLANET MUG
VINTAGE RED TRIM ENAMEL BOWL ,VINTAGE RED ENAMEL TRIM PLATE,VINTAGE RED ENAMEL TRIM MUG ,VINTAGE RED ENAMEL TRIM JUG ,FRENCH ENAMEL POT W LID,PURPLE FRANGIPANI NECKLACE
VINTAGE ROSE BEAD BRACELET BLACK,VINTAGE ROSE BEAD BRACELET RASPBERR,BLUE MURANO TWIST BRACELET,TURQUOISE CRYSTAL+GLASS BRACELET,GREEN MURANO TWIST BRACELET,RESIN BRACELET W PASTEL BEADS
VINTAGE ROSE BEAD BRACELET RASPBERR,VINTAGE ROSE BEAD BRACELET BLACK,GREEN MURANO TWIST BRACELET,SILVER FLOWR PINK SHELL NECKLACE,TURQUOISE CRYSTAL+GLASS BRACELET,PINK CRYSTAL+GLASS BRACELET
VINTAGE SEASIDE JIGSAW PUZZLES,VINTAGE SNAKES & LADDERS,HOLIDAY FUN LUDO,PINK STRAWBERRY HANDBAG ,BINGO SET,GIRLS VINTAGE TIN SEASIDE BUCKET
VINTAGE SHELLS PRINT,BELL HEART ANTIQUE GOLD,PINK POLKADOT KIDS BAG,FUNKY MONKEY MUG,MEDINA STAMPED METAL STOOL,"LETTER ""V"" BLING KEY RING"
VINTAGE SNAKES & LADDERS,HOLIDAY FUN LUDO,BINGO SET,VINTAGE SNAP CARDS,VINTAGE SEASIDE JIGSAW PUZZLES,WOODEN BOX OF DOMINOES
VINTAGE SNAP CARDS,VINTAGE HEADS AND TAILS CARD GAME ,WOODEN BOX OF DOMINOES,HEADS AND TAILS SPORTING FUN,PICTURE DOMINOES,VINTAGE SNAKES & LADDERS
VINTAGE UNION JACK APRON,TEA TIME KITCHEN APRON,VINTAGE UNION JACK DOORSTOP,VINTAGE UNION JACK CUSHION COVER,KINGS CHOICE TEA CADDY ,VINTAGE UNION JACK SHOPPING BAG
VINTAGE UNION JACK BUNTING,PAPER CHAIN KIT EMPIRE,PARTY BUNTING,TEA TIME PARTY BUNTING,SPOTTY BUNTING,WOODEN UNION JACK BUNTING
VINTAGE UNION JACK CUSHION COVER,VINTAGE UNION JACK SHOPPING BAG,VINTAGE UNION JACK MEMOBOARD,POLYESTER FILLER PAD 45x45cm,POLYESTER FILLER PAD 40x40cm,VINTAGE UNION JACK DOORSTOP
VINTAGE UNION JACK DOORSTOP,VINTAGE UNION JACK MEMOBOARD,GINGHAM HEART  DOORSTOP RED,VINTAGE UNION JACK CUSHION COVER,VINTAGE UNION JACK BUNTING,VINTAGE UNION JACK APRON
VINTAGE UNION JACK MEMOBOARD,MEMO BOARD RETROSPOT  DESIGN,MEMO BOARD COTTAGE DESIGN,VINTAGE UNION JACK DOORSTOP,VINTAGE UNION JACK BUNTING,VINTAGE UNION JACK CUSHION COVER
VINTAGE UNION JACK PENNANT,PAPER CHAIN KIT EMPIRE,EMPIRE DESIGN ROSETTE,WOODEN UNION JACK BUNTING,VINTAGE UNION JACK BUNTING,VINTAGE UNION JACK DOORSTOP
VINTAGE UNION JACK SHOPPING BAG,VINTAGE UNION JACK CUSHION COVER,GOLD COSMETIC BAG PINK STAR,EIGHT PIECE CREEPY CRAWLIE SET,VINTAGE UNION JACK MEMOBOARD,VINTAGE UNION JACK DOORSTOP
VINTAGE WOODEN BAR STOOL,PACK 4 FLOWER/BUTTERFLY PATCHES,ST GEORGE SET OF 10 PARTY LIGHTS,DROP DIAMANTE EARRINGS BLACK DIAMON,GOLD COSMETIC BAG PINK STAR,ENGLISH ROSE SCENTED HANGING HEART
VINTAGE ZINC PLANTER  ,ORANGE PENDANT TRIPLE SHELL NECKLAC,BLACK 3 BEAD DROP EARRINGS,PURPLE ENAMEL FLOWER HAIR TIE,DIAMANTE HAIR GRIP PACK/2 PERIDOT,CLASSIC DIAMANTE EARRINGS JET
VINTAGE ZINC WATERING CAN,ROBOT MUG IN DISPLAY BOX,VINTAGE ZINC WATERING CAN SMALL,SET/3 FLORAL GARDEN TOOLS IN BAG,FUNKY FLOWER PICNIC BAG FOR 4,TUSCAN VILLA DOVECOTE
VINTAGE ZINC WATERING CAN SMALL,VINTAGE ZINC WATERING CAN,NUMBER TILE VINTAGE FONT 0,NUMBER TILE VINTAGE FONT No ,NUMBER TILE VINTAGE FONT 9 ,NUMBER TILE VINTAGE FONT 8
VINYL RECORD FRAME SILVER,"RECORD FRAME 7"" SINGLE SIZE ",BLACK RECORD COVER FRAME,SILVER RECORD COVER FRAME,VINTAGE NOTEBOOK BEAUTY GIRL,MIRROR MOSAIC CANDLE PLATE
VIP HOLIDAY PURSE,DOTCOM POSTAGE,BEADED CRYSTAL HEART GREEN ON STICK,CRYSTAL CZECH CROSS PHONE CHARM,IVORY GOLD METAL BAG CHARM,COPPER AND BRASS BAG CHARM
VIP PASSPORT COVER ,FIRST CLASS PASSPORT COVER ,EIGHT PIECE CREEPY CRAWLIE SET,PERIWINKLE T-LIGHT HOLDER,FUNKY MONKEY MUG,CROCHET LILAC/RED BEAR KEYRING
VIPPASSPORT COVER ,TROPICAL PASSPORT COVER ,PURPLE DRESS JEWELLERY STAND,QUEEN OF THE SKIES PASSPORT COVER ,UNION JACK FLAG PASSPORT COVER ,"ACRYLIC JEWEL SNOWFLAKE, PINK"
WAKE UP COCKEREL CALENDAR SIGN ,DOTCOM POSTAGE,WHITE ROSEBUD  PEARL EARRINGS,METAL SIGN EMPIRE TEA,"AIRLINE LOUNGE,METAL SIGN",LADIES & GENTLEMEN METAL SIGN
WAKE UP COCKEREL TILE COASTER,FLOWERS TILE COASTER,LA PALMIERA TILE COASTER,PURPLE DRESS JEWELLERY STAND,HELLO SAILOR BLUE SOAP HOLDER,CLASSIC DIAMANTE EARRINGS JET
WAKE UP COCKEREL TILE HOOK,LA PALMIERA TILE HOOK,PSYCHEDELIC TILE HOOK,FLOWERS TILE HOOK,"WHITE TEA,COFFEE,SUGAR JARS",PINK CRYSTAL SKULL PHONE CHARM
"WALL ART , LOVES' SECRET ","WALL ART,ONLY ONE PERSON ","WALL ART ,PUDDINGS ",FOLDING MIRROR RED  ,FOLDING MIRROR IVORY ,PLAYING CARDS VINTAGE DOILEY 
"WALL ART , THE MAGIC FOREST ",SET 12 COLOUR PENCILS DOILEY,DOLLY GIRL WALL ART,SPACEBOY WALL ART,TREASURE AHOY WALL ART,SIX DRAWER OFFICE TIDY
"WALL ART ,PUDDINGS ","WALL ART,ONLY ONE PERSON ",FOLDING MIRROR IVORY ,"WALL ART , LOVES' SECRET ",FOLDING MIRROR RED  ,PACK OF 12 DOILEY TISSUES
WALL ART 70'S ALPHABET ,WALL ART SPACEBOY,WALL ART DOLLY GIRL ,WALL ART BIG LOVE ,WALL ART THE MAGIC FOREST ,WALL ART MID CENTURY MODERN 
WALL ART ANIMALS AND NATURE ,WALL ART HORSE & PONY ,WALL ART BUFFALO BILL ,WALL ART TREASURE AHOY ,WALL ART SPACEBOY,WALL ART DOLLY GIRL 
WALL ART BICYCLE SAFETY,WALL ART DOG LICENCE ,WALL ART VILLAGE SHOW ,WALL ART STOP FOR TEA ,WALL ART CLASSIC PUDDINGS ,WALL ART ONLY ONE PERSON 
WALL ART BICYCLE SAFTEY ,LARGE PARLOUR PICTURE FRAME,FLAG OF ST GEORGE ,CREAM HANGING HEART T-LIGHT HOLDER,CANDY SPOT HEART DECORATION,"RETRO ""TEA FOR ONE"" "
WALL ART BIG LOVE ,WALL ART CLASSIC PUDDINGS ,WALL ART ONLY ONE PERSON ,WALL ART WORK REST AND PLAY  ,WALL ART 70'S ALPHABET ,WALL ART KEEP CALM 
WALL ART BUFFALO BILL ,WALL ART HORSE & PONY ,WALL ART ANIMALS AND NATURE ,WALL ART TREASURE AHOY ,WALL ART SPACEBOY,WALL ART DOLLY GIRL 
WALL ART CAT AND BIRD ,WALL ART DOG AND BALL ,WALL ART THE MAGIC FOREST ,WALL ART WORK REST AND PLAY  ,GOLD APERITIF GLASS,BIRD ON BRANCH CANVAS SCREEN
WALL ART CLASSIC PUDDINGS ,WALL ART STOP FOR TEA ,WALL ART BICYCLE SAFETY,WALL ART BIG LOVE ,WALL ART LOVES' SECRET ,WALL ART VILLAGE SHOW 
WALL ART DOG AND BALL ,WALL ART CAT AND BIRD ,WALL ART WORK REST AND PLAY  ,PURPLE DRESS JEWELLERY STAND,WALL ART THE MAGIC FOREST ,JAM JAR WITH BLUE LID
WALL ART DOG LICENCE ,WALL ART BICYCLE SAFETY,WALL ART VILLAGE SHOW ,WALL ART STOP FOR TEA ,WALL ART MID CENTURY MODERN ,WALL ART LOVES' SECRET 
WALL ART DOLLY GIRL ,WALL ART SPACEBOY,WALL ART BUFFALO BILL ,PLAYING CARDS VINTAGE DOILEY ,WALL ART ANIMALS AND NATURE ,WALL ART HORSE & PONY 
WALL ART GARDEN HAVEN ,WALL ART VILLAGE SHOW ,WALL ART VINTAGE HEART,WALL ART STOP FOR TEA ,WALL ART MID CENTURY MODERN ,WALL ART DOG LICENCE 
WALL ART HORSE & PONY ,WALL ART ANIMALS AND NATURE ,WALL ART BUFFALO BILL ,WALL ART TREASURE AHOY ,WALL ART SPACEBOY,WALL ART DOLLY GIRL 
WALL ART I LOVE LONDON ,SET OF 36 VINTAGE CHRISTMAS DOILIES,WALL ART DOLLY GIRL ,WALL ART SPACEBOY,NUMBER TILE COTTAGE GARDEN 7,WALL ART ANIMALS AND NATURE 
WALL ART KEEP CALM ,WALL ART STOP FOR TEA ,LANDMARK FRAME COVENT GARDEN ,WALL ART LOVES' SECRET ,LANDMARK FRAME NOTTING HILL ,WALL ART BIG LOVE 
WALL ART LOVES' SECRET ,WALL ART CLASSIC PUDDINGS ,WALL ART WORK REST AND PLAY  ,WALL ART DOG LICENCE ,WALL ART STOP FOR TEA ,WALL ART KEEP CALM 
WALL ART MID CENTURY MODERN ,WALL ART DOG LICENCE ,WALL ART SPACEBOY,WALL ART BICYCLE SAFETY,WALL ART THE MAGIC FOREST ,WALL ART 70'S ALPHABET 
WALL ART ONLY ONE PERSON ,WALL ART WORK REST AND PLAY  ,WALL ART BIG LOVE ,WALL ART BICYCLE SAFETY,WALL ART CLASSIC PUDDINGS ,WALL ART DOG LICENCE 
WALL ART SPACEBOY,WALL ART DOLLY GIRL ,WALL ART BUFFALO BILL ,WALL ART TREASURE AHOY ,WALL ART ANIMALS AND NATURE ,WALL ART HORSE & PONY 
WALL ART STOP FOR TEA ,WALL ART CLASSIC PUDDINGS ,WALL ART VILLAGE SHOW ,WALL ART BICYCLE SAFETY,WALL ART DOG LICENCE ,WALL ART KEEP CALM 
WALL ART THE MAGIC FOREST ,WALL ART 70'S ALPHABET ,WALL ART MID CENTURY MODERN ,WALL ART DOG AND BALL ,WALL ART CAT AND BIRD ,FOLDING MIRROR IVORY 
WALL ART TREASURE AHOY ,WALL ART ANIMALS AND NATURE ,WALL ART BUFFALO BILL ,WALL ART HORSE & PONY ,WALL ART SPACEBOY,WALL ART DOLLY GIRL 
WALL ART VILLAGE SHOW ,WALL ART BICYCLE SAFETY,WALL ART STOP FOR TEA ,WALL ART DOG LICENCE ,WALL ART GARDEN HAVEN ,WALL ART CLASSIC PUDDINGS 
WALL ART VINTAGE HEART,WALL ART WORK REST AND PLAY  ,WALL ART GARDEN HAVEN ,WALL ART LOVES' SECRET ,WALL ART STOP FOR TEA ,WALL ART KEEP CALM 
WALL ART WORK REST AND PLAY  ,WALL ART VINTAGE HEART,WALL ART ONLY ONE PERSON ,WALL ART DOG AND BALL ,WALL ART LOVES' SECRET ,WALL ART BIG LOVE 
"WALL ART,ONLY ONE PERSON ","WALL ART ,PUDDINGS ",FOLDING MIRROR RED  ,"WALL ART , LOVES' SECRET ",PACK OF 12 DOILEY TISSUES,PLAYING CARDS VINTAGE DOILEY 
WALL MIRROR RECTANGLE DIAMANTE PINK,"LETTER ""M"" BLING KEY RING","LETTER ""J"" BLING KEY RING",PURPLE CHUNKY GLASS+BEAD NECKLACE,PINK POLKADOT KIDS BAG,BLUE/NAT SHELL NECKLACE W PENDANT
WALL TIDY RETROSPOT ,BOTTLE BAG RETROSPOT ,RECYCLING BAG RETROSPOT ,ROUND CONTAINER SET OF 5 RETROSPOT,TOY TIDY PINK POLKADOT,TOY TIDY SPACEBOY  
WASH BAG VINTAGE ROSE PAISLEY,COSMETIC BAG VINTAGE ROSE PAISLEY,OVERNIGHT BAG VINTAGE ROSE PAISLEY,SCOTTIES DESIGN WASHBAG,BLACK FLOWER CANDLE PLATE,VINTAGE PHOTO ALBUM PARIS DAYS
WASHROOM METAL SIGN,LAUNDRY 15C METAL SIGN,HOT BATHS METAL SIGN,TOILET METAL SIGN,CHOCOLATE THIS WAY METAL SIGN,KITCHEN METAL SIGN
WATERING CAN BLUE ELEPHANT,WATERING CAN PINK BUNNY,WATERING CAN GREEN DINOSAUR,FLYING PIG WATERING CAN,CHILDS GARDEN FORK PINK,CHILDS GARDEN FORK BLUE 
WATERING CAN GARDEN MARKER,DAISY GARDEN MARKER,BIRDHOUSE GARDEN MARKER ,CANDY SPOT HEART DECORATION,POTTING SHED SEED ENVELOPES,HERB MARKER PARSLEY
WATERING CAN GREEN DINOSAUR,WATERING CAN BLUE ELEPHANT,WATERING CAN PINK BUNNY,FLYING PIG WATERING CAN,CHILDS GARDEN TROWEL BLUE ,CHILDRENS CUTLERY POLKADOT PINK
WATERING CAN PINK BUNNY,WATERING CAN BLUE ELEPHANT,WATERING CAN GREEN DINOSAUR,CHILDS GARDEN FORK PINK,CHILDS GARDEN TROWEL BLUE ,CHILDS GARDEN FORK BLUE 
WAY OUT METAL SIGN ,GARDEN METAL SIGN ,WHITE BEADED GARLAND STRING 20LIGHT,VINTAGE GLASS TEA CADDY,FINE SILVER NECKLACE W PASTEL FLOWE,FUNKY MONKEY MUG
WEEKEND BAG VINTAGE ROSE PAISLEY,ASSORTED COLOUR T-LIGHT HOLDER,CAMOUFLAGE LED TORCH,ROSE CARAVAN DOORSTOP,Manual,GREY HEART HOT WATER BOTTLE
WELCOME  WOODEN BLOCK LETTERS,HOME BUILDING BLOCK WORD,LOVE BUILDING BLOCK WORD,BATH BUILDING BLOCK WORD,NOEL WOODEN BLOCK LETTERS ,DOORMAT NEW ENGLAND
WHEELBARROW FOR CHILDREN ,CHILDS GARDEN RAKE PINK,CHILDS GARDEN BRUSH PINK,CHILDS GARDEN SPADE BLUE,CHILDS GARDEN RAKE BLUE,CHILDS GARDEN SPADE PINK
WHITE  ROSEBUD PEARL BRACELET,PINK ROSEBUD PEARL BRACELET,WHITE ROSEBUD & PEARL NECKLACE,ORANGE/WHT/FUSCHIA STONES NECKLACE,BAROQUE BUTTERFLY EARRINGS CRYSTAL,WHITE/PINK MINI CRYSTALS NECKLACE
WHITE 3 FRAME BIRDS AND TREE ,2 DAISIES HAIR COMB,ROSE PENDANT TRIPLE SHELL NECKLACE,DROP DIAMANTE EARRINGS GREEN,"GARLAND, MAGIC GARDEN 1.8M",BLACK 3 BEAD DROP EARRINGS
WHITE ALLIUM  ARTIFICIAL FLOWER,RED ROSE AND LACE C/COVER,PURPLE ANEMONE ARTIFICIAL FLOWER,WHITE CHRYSANTHEMUMS ART FLOWER,WHITE HYDRANGEA ART FLOWER,PINK FOXGLOVE ARTIIFCIAL FLOWER
WHITE AND BLUE CERAMIC OIL BURNER,PURPLE DRESS JEWELLERY STAND,DIAMANTE HAIR GRIP PACK/2 PERIDOT,BIRD ON BRANCH CANVAS SCREEN,BLACK 3 BEAD DROP EARRINGS,GOLD APERITIF GLASS
WHITE ANEMONE ARTIFICIAL FLOWER,WHITE ANEMONE ARTIFICIAL FLOWER,HAPPY BIRTHDAY CARD TEDDY/CAKE,LIGHTHOUSE PRINTED METAL SIGN,"WRAP, CAROUSEL",CREAM DELPHINIUM ARTIFICIAL FLOWER
WHITE BAMBOO RIBS LAMPSHADE,VINTAGE BEAD PINK SHADE ,FOLKART ZINC STAR CHRISTMAS DEC,BUNNY EGG BOX,M/COLOUR POM-POM CURTAIN,BELL HEART ANTIQUE GOLD
WHITE BAROQUE WALL CLOCK ,BLACK BAROQUE WALL CLOCK ,PURPLE DRESS JEWELLERY STAND,TRIANGULAR POUFFE VINTAGE ,NUMBER TILE VINTAGE FONT 7,PINK DAISY BAG CHARM
WHITE BEADED GARLAND STRING 20LIGHT,WHITE HEART OF GLASS BRACELET,WAY OUT METAL SIGN ,FINE SILVER NECKLACE W PASTEL FLOWE,HALL CABINET WITH 3 DRAWERS,SILVER/M.O.P PENDANT ORBIT NECKLACE
WHITE BELL HONEYCOMB PAPER ,LARGE WHITE HONEYCOMB PAPER BELL  ,WHITE BELL HONEYCOMB PAPER GARLAND ,WHITE HONEYCOMB PAPER GARLAND ,3D HEARTS  HONEYCOMB PAPER GARLAND,SILVER/NAT SHELL NECKLACE W PENDANT
WHITE BELL HONEYCOMB PAPER GARLAND ,WHITE BELL HONEYCOMB PAPER ,LARGE WHITE HONEYCOMB PAPER BELL  ,3D HEARTS  HONEYCOMB PAPER GARLAND,SILVER/NAT SHELL NECKLACE W PENDANT,QUEEN OF THE SKIES HOLIDAY PURSE 
WHITE BROCANTE SOAP DISH,SOAP DISH BROCANTE,WHITE SOAP RACK WITH 2 BOTTLES,WOODEN PICTURE FRAME WHITE FINISH,HELLO SAILOR BLUE SOAP HOLDER,SWEETHEART CAKESTAND 3 TIER
WHITE CANDYSTUFT ARTIFICIAL FLOWER,BLUE DELPHINIUM ARTIFICIAL FLOWER,PINK CANDYSTUFT ARTIFICIAL FLOWER,BAROQUE BUTTERFLY EARRINGS CRYSTAL,SET OF 4 NAPKIN CHARMS INSTRUMENT,UBO-LIGHT TRIOBASE BLUE
WHITE CHRISTMAS FLOCK DROPLET ,WHITE CHRISTMAS FLOCK DROPLET ,HANGING BAUBLE T-LIGHT HOLDER SMALL,PARTY CONE CHRISTMAS DECORATION ,EMBOSSED GLASS TEALIGHT HOLDER,SILVER HANGING T-LIGHT HOLDER
WHITE CHRISTMAS GARLAND STARS TREES,"CHRISTMAS GARLAND STARS,TREES",NEWSPAPER STAND,GARLAND WITH STARS AND BELLS,MARIE ANTOIENETT TRINKET BOX GOLD,SET OF 3 PINK FLYING DUCKS
WHITE CHRISTMAS STAR DECORATION,CHRISTMAS TREE HEART DECORATION,CHRISTMAS TREE STAR DECORATION,CHRISTMAS TREE DECORATION WITH BELL,ANGEL DECORATION 3 BUTTONS ,MUMMY MOUSE RED GINGHAM RIBBON
WHITE CHRISTMAS TREE 60CM,BLUE PADDED SOFT MOBILE,"ACRYLIC HANGING JEWEL,PINK",BEACH HUT DESIGN BLACKBOARD,TOP SECRET PEN SET,BEADED CRYSTAL HEART BLUE SMALL
WHITE CHRYSANTHEMUMS ART FLOWER,WHITE ALLIUM  ARTIFICIAL FLOWER,PURPLE ANEMONE ARTIFICIAL FLOWER,RED ROSE AND LACE C/COVER,WHITE BEADED GARLAND STRING 20LIGHT,WHITE HEART OF GLASS BRACELET
WHITE ENAMEL FLOWER HAIR TIE,WHITE ENAMEL FLOWER HAIR TIE,JADE CRYSTAL+GLASS BRACELET,MONTANA DIAMOND CLUSTER EARRINGS,DROP DIAMANTE EARRINGS GREEN,LARGE BLACK DIAMANTE HAIRSLIDE
WHITE FRANGIPANI HAIR CLIP,PINK CAT FLORAL CUSHION COVER ,MURANO STYLE GLASS BRACELET GOLD,GREEN CAT FLORAL CUSHION COVER ,GREEN/BLUE FLOWER DESIGN BIG MUG,BLUE CAT BISCUIT BARREL PINK HEART
WHITE FRANGIPANI NECKLACE,PURPLE FRANGIPANI NECKLACE,DIAMANTE HAIR GRIP PACK/2 BLACK DIA,DIAMANTE HAIR GRIP PACK/2 RUBY,DIAMANTE HAIR GRIP PACK/2 LT ROSE,DIAMANTE HAIR GRIP PACK/2 MONTANA
WHITE GLASS CHUNKY CHARM BRACELET,FLOWER BURST SILVER RING CRYSTAL,IVORY SHELL HEART EARRINGS,PINK/WHITE GLASS DEMI CHOKER,NEW BAROQUE B'FLY NECKLACE PINK,BLUE/NAT SHELL NECKLACE W PENDANT
WHITE GOOSE FEATHER CHRISTMAS TREE ,WHITE GOOSE FEATHER TREE 60CM ,GREEN GOOSE FEATHER CHRISTMAS TREE ,"ACRYLIC HANGING JEWEL,BLUE",GREY ACRYLIC FACETED BANGLE,"ACRYLIC JEWEL ICICLE, BLUE"
WHITE GOOSE FEATHER TREE 60CM ,PINK GOOSE FEATHER TREE 60CM,WHITE GOOSE FEATHER CHRISTMAS TREE ,GREEN GOOSE FEATHER TREE 60CM,GLITTER CHRISTMAS STAR ,"ACRYLIC JEWEL ICICLE, BLUE"
WHITE HAND TOWEL WITH BUTTERFLY,HAND TOWEL PALE BLUE W FLOWERS,HAND TOWEL PINK FLOWER AND DAISY,JAM JAR WITH BLUE LID,PINK BERTIE GLASS BEAD BAG CHARM,BIRD ON BRANCH CANVAS SCREEN
WHITE HANGING BEADS CANDLE HOLDER,WOODEN PICTURE FRAME WHITE FINISH,WOODEN FRAME ANTIQUE WHITE ,PICTURE FRAME WOOD TRIPLE PORTRAIT,HEART BUTTONS JEWELLERY BOX,BELL HEART ANTIQUE GOLD
WHITE HANGING HEART T-LIGHT HOLDER,RED HANGING HEART T-LIGHT HOLDER,CANDLEHOLDER PINK HANGING HEART,HEART OF WICKER LARGE,HEART OF WICKER SMALL,WOODEN PICTURE FRAME WHITE FINISH
WHITE HEART CONFETTI IN TUBE,PINK  HEART CONFETTI IN TUBE,ROUND WHITE CONFETTI IN TUBE,WHITE BAROQUE WALL CLOCK ,TWO DOOR CURIO CABINET,SET 40 HEART SHAPE PETIT FOUR CASES
WHITE HEART OF GLASS BRACELET,PINK HEART OF GLASS BRACELET,TIGRIS EYE CHUNKY CHARM BRACELET,WHITE BEADED GARLAND STRING 20LIGHT,MOP PENDANT SHELL NECKLACE,FINE SILVER NECKLACE W PASTEL FLOWE
WHITE HEARTS WIRE PLANT POT HOLDER,ZINC HEARTS PLANT POT HOLDER,IVORY SWEETHEART SOAP DISH,DECROTIVEVINTAGE COFFEE GRINDER BOX,ANTIQUE IVORY WIRE BOWL SMALL,SINGLE WIRE HOOK IVORY HEART
WHITE HONEYCOMB PAPER GARLAND ,LARGE WHITE HONEYCOMB PAPER BELL  ,PURPLE FRANGIPANI NECKLACE,WHITE BELL HONEYCOMB PAPER ,WHITE FRANGIPANI NECKLACE,DIAMANTE HAIR GRIP PACK/2 BLACK DIA
WHITE HYDRANGEA ART FLOWER,RED ROSE AND LACE C/COVER,PURPLE ANEMONE ARTIFICIAL FLOWER,CREAM CLIMBING HYDRANGA ART FLOWER,WHITE ALLIUM  ARTIFICIAL FLOWER,PINK FOXGLOVE ARTIIFCIAL FLOWER
WHITE JEWELLED HEART DECORATION,HANGING HEART MIRROR DECORATION ,HEART DECORATION WITH PEARLS ,FILIGRIS HEART WITH BUTTERFLY,LOVEBIRD HANGING DECORATION WHITE ,SMALL HEART FLOWERS HOOK 
WHITE LOVEBIRD LANTERN,LOVEBIRD HANGING DECORATION WHITE ,HANGING METAL HEART LANTERN,RED HANGING HEART T-LIGHT HOLDER,IVORY HANGING DECORATION  HEART,WHITE HANGING HEART T-LIGHT HOLDER
WHITE METAL LANTERN,LANTERN CREAM GAZEBO ,WHITE HANGING HEART T-LIGHT HOLDER,HANGING METAL STAR LANTERN,HANGING METAL HEART LANTERN,RED HANGING HEART T-LIGHT HOLDER
WHITE MOROCCAN METAL LANTERN,2 DAISIES HAIR COMB,"GARLAND, MAGIC GARDEN 1.8M",MONTANA DIAMOND CLUSTER EARRINGS,PURPLE ENAMEL FLOWER HAIR TIE,ROSE PENDANT TRIPLE SHELL NECKLACE
WHITE MURANO TWIST BRACELET,FIRE POLISHED GLASS BRACELET BLACK,JADE CRYSTAL+GLASS BRACELET,WHITE ENAMEL FLOWER HAIR TIE,GREEN ENAMEL FLOWER HAIR TIE,TURQUOISE CRYSTAL+GLASS BRACELET
WHITE ROCKING HORSE HAND PAINTED,RED ROCKING HORSE HAND PAINTED,STAR WREATH DECORATION WITH BELL,HEART WREATH DECORATION WITH BELL,LAUREL STAR ANTIQUE SILVER ,HEART WOODEN CHRISTMAS DECORATION
WHITE ROSEBUD  PEARL EARRINGS,BLUE TEATIME PRINT BOWL ,"RETRO TIN ASHTRAY,REVOLUTIONARY",NECKLACE+BRACELET PINK BUTTERFLY,PACK/12 XMAS FUN CARD,ANGEL DECORATION WITH LACE PADDED
WHITE ROSEBUD & PEARL NECKLACE,WHITE/PINK MINI CRYSTALS NECKLACE,ORANGE/WHT/FUSCHIA STONES NECKLACE,PALE PINK/AMETHYST STONE NECKLACE,COTE D'AZURE NECKLACE,RIVIERA NECKLACE
WHITE SAGE INCENSE,TRANQUILITY MASALA INCENSE,FAIRY DREAMS INCENSE ,LOVE POTION MASALA INCENSE,DRAGONS BLOOD INCENSE,FAN BLACK FRAME 
WHITE SKULL HOT WATER BOTTLE ,SCOTTIE DOG HOT WATER BOTTLE,FAWN BLUE HOT WATER BOTTLE,RED WOOLLY HOTTIE WHITE HEART.,LUNCH BAG  BLACK SKULL.,KNITTED UNION FLAG HOT WATER BOTTLE
WHITE SOAP RACK WITH 2 BOTTLES,DECORATIVE ROSE BATHROOM BOTTLE,EMERGENCY FIRST AID TIN ,GLASS JAR DIGESTIVE BISCUITS,SET/3 DECOUPAGE STACKING TINS,DOORKNOB CRACKED GLAZE BLUE
WHITE SPOT BLUE CERAMIC DRAWER KNOB,WHITE SPOT RED CERAMIC DRAWER KNOB,RED STRIPE CERAMIC DRAWER KNOB,BLUE SPOT CERAMIC DRAWER KNOB,BLUE STRIPE CERAMIC DRAWER KNOB,RED SPOT CERAMIC DRAWER KNOB
WHITE SPOT RED CERAMIC DRAWER KNOB,RED STRIPE CERAMIC DRAWER KNOB,RED SPOT CERAMIC DRAWER KNOB,WHITE SPOT BLUE CERAMIC DRAWER KNOB,BLUE STRIPE CERAMIC DRAWER KNOB,BLUE SPOT CERAMIC DRAWER KNOB
WHITE SQUARE TABLE CLOCK,BLACK SQUARE TABLE CLOCK,PINK SQUARE TABLE CLOCK,DIAMANTE HAIR GRIP PACK/2 PERIDOT,ROSE PENDANT TRIPLE SHELL NECKLACE,DIAMANTE HAIR GRIP PACK/2 CRYSTAL
WHITE STITCHED CUSHION COVER,DOORKNOB CERAMIC IVORY,DOTCOM POSTAGE,DROP DIAMANTE EARRINGS GREEN,2 DAISIES HAIR COMB,DAISY HAIR COMB
WHITE STITCHED WALL CLOCK,BLACK STITCHED WALL CLOCK,PINK STITCHED WALL CLOCK,PURPLE ACRYLIC FACETED BANGLE,ROUND PURPLE CLOCK WITH SUCKER,FLOWER BLUE CLOCK WITH SUCKER
WHITE STONE/CRYSTAL EARRINGS,NECKLACE+BRACELET SET PINK DAISY,WHITE STONE/CRYSTAL EARRINGS,NECKLACE+BRACELET SET BLUE BLOSSOM,YELLOW DRAGONFLY HELICOPTER,15 PINK FLUFFY CHICKS IN BOX
WHITE TALL PORCELAIN T-LIGHT HOLDER,"LETTER ""H"" BLING KEY RING",PORCELAIN BUTTERFLY OIL BURNER,DOORKNOB CRACKED GLAZE PINK,DOORKNOB CRACKED GLAZE GREEN,AMETHYST DIAMANTE EXPANDABLE RING
"WHITE TEA,COFFEE,SUGAR JARS","BLACK TEA,COFFEE,SUGAR JARS",ORANGE TV TRAY TABLE ,SQUARE CHERRY BLOSSOM CABINET,PURPLE DRESS JEWELLERY STAND,MIXED NUTS LIGHT GREEN BOWL
WHITE TISSUE REAM,GOLD COSMETIC BAG PINK STAR,EIGHT PIECE CREEPY CRAWLIE SET,SILVER/NAT SHELL NECKLACE W PENDANT,CANDY SPOT HEART DECORATION,PACK 4 FLOWER/BUTTERFLY PATCHES
WHITE TRAVEL ALARM CLOCK,VINTAGE PHOTO ALBUM PARIS DAYS,QUEEN OF THE SKIES HOLIDAY PURSE ,GLASS CAKE COVER AND PLATE,LASER CUT MULTI STRAND NECKLACE,FIRE POLISHED GLASS BRACELET BLACK
WHITE VINT ART DECO CRYSTAL NECKLAC,BLACK VINT ART DEC CRYSTAL NECKLACE,WHITE VINTAGE CRYSTAL EARRINGS,CHUNKY SILVER NECKLACE PASTEL FLOWE,SILVER LARIAT 40CM,CLASSIC DIAMANTE NECKLACE JET
WHITE VINTAGE CRYSTAL BRACELET,RASPBERRY ANT COPPER FLOWER NECKLAC,PINK CHERRY BLOSSOM CUP & SAUCER,NEW BAROQUE B'FLY NECKLACE GREEN,VINTAGE ENAMEL & CRYSTAL EARRINGS,NEW BAROQUE B'FLY NECKLACE CRYSTAL
WHITE VINTAGE CRYSTAL EARRINGS,WHITE VINT ART DECO CRYSTAL NECKLAC,NEW BAROQUE B'FLY NECKLACE CRYSTAL,NEW BAROQUE B'FLY NECKLACE GREEN,CRACKED GLAZE EARRINGS BROWN,BLACK VINT ART DEC CRYSTAL NECKLACE
WHITE WICKER STAR ,LARGE WHITE HEART OF WICKER,SMALL WHITE HEART OF WICKER,WICKER STAR ,IVORY WICKER HEART LARGE,IVORY WICKER HEART MEDIUM
WHITE WIRE EGG HOLDER,DOORKNOB CRACKED GLAZE BLUE,CREAM SWEETHEART EGG HOLDER,SWEETHEART RECIPE BOOK STAND,IVORY SWEETHEART SOAP DISH,SWEETHEART WIRE WALL TIDY
WHITE WIRE PLANT POT HOLDER,ALUMINIUM HEART,"BUNTING , SPOTTY ",BELL HEART DECORATION,HANGING METAL RABBIT DECORATION,HANGING CHICK  YELLOW DECORATION
WHITE WITH BLACK CATS PLATE,VINTAGE BEAD PINK SHADE ,FOLKART CHRISTMAS TREE T-LIGHT HOLD,PINK CRYSTAL SKULL PHONE CHARM,OLD DOC RUSSEL METAL SIGN,"LETTER ""N"" BLING KEY RING"
WHITE WITH METAL BAG CHARM,WHITE WITH METAL BAG CHARM,CRYSTAL STILETTO PHONE CHARM,COPPER AND BRASS BAG CHARM,IVORY GOLD METAL BAG CHARM,METALIC LEAVES BAG CHARMS
WHITE WOOD GARDEN PLANT LADDER,WOOD BLACK BOARD ANT WHITE FINISH,HEART OF WICKER SMALL,SMALL WHITE HEART OF WICKER,LARGE WHITE HEART OF WICKER,NATURAL SLATE HEART CHALKBOARD 
WHITE/PINK CHICK DECORATION,WHITE/PINK CHICK EASTER DECORATION,PURPLE ENAMEL FLOWER HAIR TIE,CLASSIC DIAMANTE EARRINGS JET,"GARLAND, MAGIC GARDEN 1.8M",NEW BAROQUE B'FLY NECKLACE GREEN
WHITE/PINK CHICK EASTER DECORATION,WHITE/PINK CHICK DECORATION,"ACRYLIC JEWEL ICICLE, BLUE",EASTER CRAFT IVY WREATH WITH CHICK,NEW BAROQUE B'FLY NECKLACE CRYSTAL,NEW BAROQUE B'FLY NECKLACE GREEN
WHITE/PINK MINI CRYSTALS NECKLACE,WHITE/PINK MINI CRYSTALS NECKLACE,ORANGE/WHT/FUSCHIA STONES NECKLACE,PALE PINK/AMETHYST STONE NECKLACE,COTE D'AZURE NECKLACE,RIVIERA NECKLACE
WICKER STAR ,HEART OF WICKER LARGE,WHITE WICKER STAR ,LARGE WHITE HEART OF WICKER,HEART OF WICKER SMALL,SMALL WHITE HEART OF WICKER
WICKER WREATH LARGE,WICKER WREATH SMALL,HEART OF WICKER LARGE,WICKER STAR ,HEART OF WICKER SMALL,DECORATIVE WICKER HEART LARGE
WICKER WREATH SMALL,WICKER WREATH LARGE,HEART OF WICKER SMALL,HEART OF WICKER LARGE,WICKER STAR ,SMALL WHITE HEART OF WICKER
WINE BOTTLE DRESSING DARK BLUE,WINE BOTTLE DRESSING LT.BLUE,COLOURFUL FLOWER FRUIT BOWL,SET OF 4 CAROUSEL PLACEMATS ,RED PURSE WITH PINK HEART,SET OF 4 GREEN CAROUSEL COASTERS
WINE BOTTLE DRESSING LT.BLUE,WINE BOTTLE DRESSING DARK BLUE,COLOURFUL FLOWER FRUIT BOWL,RED PURSE WITH PINK HEART,PINK CAT FLORAL CUSHION COVER ,FLOWER PURPLE CLOCK W/SUCKER
WIRE EGG BASKET ,RUBY DROP CHANDELIER EARRINGS,SWEETHEART WALL TIDY ,CHRYSANTHEMUM  JOURNAL,EGG CUP HENRIETTA HEN PINK,STAR WREATH DECORATION WITH BELL
WISE MAN STAR SHAPE EGG PAN,GOLD APERITIF GLASS,JAM JAR WITH BLUE LID,BLOSSOM IMAGES SCRAP BOOK SET,BIRD ON BRANCH CANVAS SCREEN,ROUND ARTICULATED PINK CLOCK W/SUCK
WOOD 2 DRAWER CABINET WHITE FINISH,WOOD S/3 CABINET ANT WHITE FINISH,3 DRAWER ANTIQUE WHITE WOOD CABINET,WOODEN PICTURE FRAME WHITE FINISH,WOODEN FRAME ANTIQUE WHITE ,WOOD BLACK BOARD ANT WHITE FINISH
WOOD AND GLASS MEDICINE CABINET,LUNCH BAG RED SPOTTY,BLUE FELT HANGING HEART WITH FLOWER,MISELTOE HEART WREATH CREAM,FRYING PAN RED POLKADOT ,SET/5 RED SPOTTY LID GLASS BOWLS
WOOD BLACK BOARD ANT WHITE FINISH,WOODEN FRAME ANTIQUE WHITE ,WOODEN PICTURE FRAME WHITE FINISH,WOOD S/3 CABINET ANT WHITE FINISH,WOOD 2 DRAWER CABINET WHITE FINISH,3 DRAWER ANTIQUE WHITE WOOD CABINET
WOOD S/3 CABINET ANT WHITE FINISH,WOOD 2 DRAWER CABINET WHITE FINISH,3 DRAWER ANTIQUE WHITE WOOD CABINET,WOODEN PICTURE FRAME WHITE FINISH,WOODEN FRAME ANTIQUE WHITE ,WOOD BLACK BOARD ANT WHITE FINISH
WOOD STAMP SET BEST WISHES,WOOD STAMP SET THANK YOU,WOOD STAMP SET HAPPY BIRTHDAY,WOOD STAMP SET FLOWERS,BALLOONS  WRITING SET ,GLITTER HEART DECORATION
WOOD STAMP SET FLOWERS,WOOD STAMP SET THANK YOU,WOOD STAMP SET BEST WISHES,WOOD STAMP SET HAPPY BIRTHDAY,12 PENCIL SMALL TUBE WOODLAND,MIDNIGHT GLAMOUR SCARF KNITTING KIT
WOOD STAMP SET HAPPY BIRTHDAY,WOOD STAMP SET THANK YOU,WOOD STAMP SET BEST WISHES,WOOD STAMP SET FLOWERS,CARTOON  PENCIL SHARPENERS,JAZZ HEARTS PURSE NOTEBOOK
WOOD STAMP SET THANK YOU,WOOD STAMP SET HAPPY BIRTHDAY,WOOD STAMP SET BEST WISHES,WOOD STAMP SET FLOWERS,MAGNETS PACK OF 4 HOME SWEET HOME,"FEATHER PEN,HOT PINK"
WOOD STOCKING CHRISTMAS SCANDISPOT,WOODEN HEART CHRISTMAS SCANDINAVIAN,WOODEN STAR CHRISTMAS SCANDINAVIAN,WOODEN TREE CHRISTMAS SCANDINAVIAN,CHRISTMAS RETROSPOT TREE WOOD,STAR WOODEN CHRISTMAS DECORATION
WOODEN ADVENT CALENDAR CREAM,WOODEN ADVENT CALENDAR RED,ADVENT CALENDAR GINGHAM SACK,MINI JIGSAW BUNNIES,PINK JEWELLED MIRROR TRINKET TRAY,TROPICAL PASSPORT COVER 
WOODEN ADVENT CALENDAR RED,WOODEN ADVENT CALENDAR CREAM,ADVENT CALENDAR GINGHAM SACK,PINK AND WHITE CHRISTMAS TREE 120CM,BAKING MOULD ROSE WHITE CHOCOLATE,TRIANGULAR POUFFE VINTAGE 
WOODEN BOX ADVENT CALENDAR ,WHITE HEART OF GLASS BRACELET,WHITE BEADED GARLAND STRING 20LIGHT,FUNKY FLOWER PICNIC BAG FOR 4,ROBOT MUG IN DISPLAY BOX,CHRISTMAS RETROSPOT HEART WOOD
WOODEN BOX OF DOMINOES,VINTAGE SNAP CARDS,RED  HARMONICA IN BOX ,TRADITIONAL WOODEN SKIPPING ROPE,BLUE HARMONICA IN BOX ,VINTAGE HEADS AND TAILS CARD GAME 
WOODEN CROQUET GARDEN SET,WOODEN ROUNDERS GARDEN SET ,WOODEN SKITTLES GARDEN SET,WOODEN BOX OF DOMINOES,PAPER CHAIN KIT 50'S CHRISTMAS ,REGENCY CAKESTAND 3 TIER
WOODEN FRAME ANTIQUE WHITE ,WOODEN PICTURE FRAME WHITE FINISH,WOOD 2 DRAWER CABINET WHITE FINISH,WOOD S/3 CABINET ANT WHITE FINISH,WOOD BLACK BOARD ANT WHITE FINISH,PHOTO FRAME CORNICE
WOODEN HAPPY BIRTHDAY GARLAND,MINI WOODEN HAPPY BIRTHDAY GARLAND,PINK HAPPY BIRTHDAY BUNTING,BLUE HAPPY BIRTHDAY BUNTING,PINK BABY BUNTING,PAPER BUNTING RETROSPOT
WOODEN HEART CHRISTMAS SCANDINAVIAN,WOODEN STAR CHRISTMAS SCANDINAVIAN,WOODEN TREE CHRISTMAS SCANDINAVIAN,WOOD STOCKING CHRISTMAS SCANDISPOT,SET OF 3 WOODEN HEART DECORATIONS,GINGHAM HEART DECORATION
WOODEN OWLS LIGHT GARLAND ,LIGHT GARLAND BUTTERFILES PINK,RED TOADSTOOL LED NIGHT LIGHT,SET 10 NIGHT OWL LIGHTS,HAND WARMER OWL DESIGN,SET OF 3 HANGING OWLS OLLIE BEAK
WOODEN PICTURE FRAME WHITE FINISH,WOODEN FRAME ANTIQUE WHITE ,WOOD 2 DRAWER CABINET WHITE FINISH,WOOD S/3 CABINET ANT WHITE FINISH,WOOD BLACK BOARD ANT WHITE FINISH,WHITE HANGING HEART T-LIGHT HOLDER
WOODEN REGATTA BUNTING,WOODEN UNION JACK BUNTING,CONGRATULATIONS BUNTING,VINTAGE UNION JACK BUNTING,TEA TIME PARTY BUNTING,PAPER CHAIN KIT EMPIRE
WOODEN ROUNDERS GARDEN SET ,WOODEN CROQUET GARDEN SET,WOODEN SKITTLES GARDEN SET,VINTAGE DONKEY TAIL GAME ,REGENCY CAKESTAND 3 TIER,WOODEN SCHOOL COLOURING SET
WOODEN SCHOOL COLOURING SET,PACK OF 12 COLOURED PENCILS,WOODEN BOX OF DOMINOES,TRADITIONAL MODELLING CLAY,PACK OF 12 TRADITIONAL CRAYONS,BUNDLE OF 3 SCHOOL EXERCISE BOOKS  
WOODEN SKITTLES GARDEN SET,WOODEN CROQUET GARDEN SET,WOODEN ROUNDERS GARDEN SET ,ASSTD RASTA KEY-CHAINS,S/6 WOODEN SKITTLES IN COTTON BAG,JAM MAKING SET WITH JARS
WOODEN STAR CHRISTMAS SCANDINAVIAN,WOODEN HEART CHRISTMAS SCANDINAVIAN,WOODEN TREE CHRISTMAS SCANDINAVIAN,WOOD STOCKING CHRISTMAS SCANDISPOT,SET OF 3 WOODEN HEART DECORATIONS,SET OF 3 WOODEN STOCKING DECORATION
WOODEN TREE CHRISTMAS SCANDINAVIAN,WOODEN STAR CHRISTMAS SCANDINAVIAN,WOODEN HEART CHRISTMAS SCANDINAVIAN,WOOD STOCKING CHRISTMAS SCANDISPOT,ROCKING HORSE RED CHRISTMAS ,SET OF 3 WOODEN TREE DECORATIONS
WOODEN UNION JACK BUNTING,PAPER CHAIN KIT EMPIRE,WOODEN REGATTA BUNTING,VINTAGE UNION JACK BUNTING,DOORMAT UNION FLAG,VINTAGE UNION JACK PENNANT
WOODLAND  HEIGHT CHART STICKERS ,DINOSAUR HEIGHT CHART STICKER SET,WOODLAND PARTY BAG + STICKER SET,POSTAGE,ROUND SNACK BOXES SET OF4 WOODLAND ,WOODLAND DESIGN  COTTON TOTE BAG
WOODLAND  STICKERS,BUTTERFLIES STICKERS,LOVELY BONBON STICKER SHEET,ROUND SNACK BOXES SET OF4 WOODLAND ,PANDA AND BUNNIES STICKER SHEET,WOODLAND PARTY BAG + STICKER SET
WOODLAND BUNNIES LOLLY MAKERS,SPACEBOY ROCKET LOLLY MAKERS,SPACEBOY MINI BACKPACK,ROUND STORAGE TIN VINTAGE LEAF,RABBIT NIGHT LIGHT,MINI LIGHTS WOODLAND MUSHROOMS
WOODLAND CHARLOTTE BAG,RED RETROSPOT CHARLOTTE BAG,STRAWBERRY CHARLOTTE BAG,CHARLOTTE BAG APPLES DESIGN,CHARLOTTE BAG SUKI DESIGN,CHARLOTTE BAG PINK POLKADOT
WOODLAND DESIGN  COTTON TOTE BAG,SAVE THE PLANET COTTON TOTE BAG,LOLITA  DESIGN  COTTON TOTE BAG,ROUND SNACK BOXES SET OF4 WOODLAND ,POSTAGE,RABBIT  DESIGN  COTTON TOTE BAG
WOODLAND LARGE BLUE FELT HEART,WOODLAND LARGE PINK FELT HEART,WOODLAND LARGE RED FELT HEART,SET 36 COLOURING PENCILS DOILEY, I LOVE LONDON MINI RUCKSACK,SET 12 COLOURING PENCILS DOILEY
WOODLAND LARGE PINK FELT HEART,WOODLAND LARGE BLUE FELT HEART,WOODLAND LARGE RED FELT HEART, I LOVE LONDON MINI RUCKSACK,WOODLAND SMALL PINK FELT HEART,SET 36 COLOURING PENCILS DOILEY
WOODLAND LARGE RED FELT HEART,WOODLAND LARGE BLUE FELT HEART,WOODLAND LARGE PINK FELT HEART,WOODLAND SMALL BLUE FELT HEART, I LOVE LONDON MINI RUCKSACK,WOODLAND SMALL PINK FELT HEART
WOODLAND MINI BACKPACK,SPACEBOY MINI BACKPACK,DOLLY GIRL MINI BACKPACK, I LOVE LONDON MINI BACKPACK,LUNCH BAG WOODLAND,ROUND SNACK BOXES SET OF4 WOODLAND 
WOODLAND MINI RUCKSACK ,SET 36 COLOURING PENCILS DOILEY,DOORKNOB CERAMIC IVORY,PINK DAISY BAG CHARM, I LOVE LONDON MINI RUCKSACK,SPACEBOY MINI RUCKSACK
WOODLAND PARTY BAG + STICKER SET,RETROSPOT PARTY BAG + STICKER SET,DINOSAUR PARTY BAG + STICKER SET,PARTY INVITES WOODLAND,SKULLS PARTY BAG + STICKER SET,ROUND SNACK BOXES SET OF4 WOODLAND 
WOODLAND SMALL BLUE FELT HEART,WOODLAND SMALL RED FELT HEART,WOODLAND SMALL PINK FELT HEART,WOODLAND LARGE BLUE FELT HEART,WOODLAND LARGE RED FELT HEART,WOODLAND LARGE PINK FELT HEART
WOODLAND SMALL PINK FELT HEART,WOODLAND SMALL RED FELT HEART,WOODLAND SMALL BLUE FELT HEART,WOODLAND LARGE BLUE FELT HEART,WOODLAND LARGE PINK FELT HEART,WOODLAND MINI RUCKSACK 
WOODLAND SMALL RED FELT HEART,WOODLAND SMALL BLUE FELT HEART,WOODLAND SMALL PINK FELT HEART,MINI LIGHTS WOODLAND MUSHROOMS,WOODLAND LARGE BLUE FELT HEART,WOODLAND LARGE PINK FELT HEART
WOODLAND STORAGE BOX LARGE ,WOODLAND STORAGE BOX SMALL,SKULLS STORAGE BOX LARGE, I LOVE LONDON MINI RUCKSACK,SET 12 COLOURING PENCILS DOILEY,PINK FLOCK PHOTO FRAME 
WOODLAND STORAGE BOX SMALL,WOODLAND STORAGE BOX LARGE , I LOVE LONDON MINI RUCKSACK,PINK FLOCK PHOTO FRAME ,SET 36 COLOURING PENCILS DOILEY,BLUE MONTE CARLO HANDBAG
WORLD WAR 2 GLIDERS ASSTD DESIGNS,VINTAGE SNAP CARDS,RED  HARMONICA IN BOX ,BLUE HARMONICA IN BOX ,WOODEN BOX OF DOMINOES,PACK OF 12 TRADITIONAL CRAYONS
WOVEN BERRIES CUSHION COVER ,WOVEN FROST CUSHION COVER,WOVEN BUBBLE GUM CUSHION COVER,WOVEN ROSE GARDEN CUSHION COVER ,WOVEN CANDY CUSHION COVER ,RECIPE BOX WITH METAL HEART
WOVEN BUBBLE GUM CUSHION COVER,WOVEN BERRIES CUSHION COVER ,WOVEN ROSE GARDEN CUSHION COVER ,WOVEN SUNSET CUSHION COVER ,WOVEN CANDY CUSHION COVER ,PINK BUTTERFLY CUSHION COVER 
WOVEN CANDY CUSHION COVER ,WOVEN BUBBLE GUM CUSHION COVER,WOVEN BERRIES CUSHION COVER ,WOVEN FROST CUSHION COVER,WOVEN ROSE GARDEN CUSHION COVER ,PINK BUTTERFLY CUSHION COVER 
WOVEN FROST CUSHION COVER,WOVEN BERRIES CUSHION COVER ,WOVEN ROSE GARDEN CUSHION COVER ,WOVEN CANDY CUSHION COVER ,WOVEN SUNSET CUSHION COVER ,BLING KEY RING STAND
WOVEN ROSE GARDEN CUSHION COVER ,WOVEN SUNSET CUSHION COVER ,WOVEN BUBBLE GUM CUSHION COVER,WOVEN BERRIES CUSHION COVER ,WOVEN FROST CUSHION COVER,HEN HOUSE W CHICK IN NEST
WOVEN SUNSET CUSHION COVER ,WOVEN ROSE GARDEN CUSHION COVER ,HEN HOUSE W CHICK IN NEST,GLASS CAKE COVER AND PLATE,POLYESTER FILLER PAD 60x40cm,ORANGE FELT VASE + FLOWERS
WRAP  PINK FLOCK,PINK HEART DOTS HOT WATER BOTTLE,SET OF 16 VINTAGE BLACK CUTLERY,CHRYSANTHEMUM POCKET BOOK ,GARDEN PATH POCKET BOOK,TRIPLE WIRE HOOK PINK HEART
WRAP  VINTAGE DOILEY , I LOVE LONDON MINI RUCKSACK,SET 12 COLOURING PENCILS DOILEY,SET 36 COLOURING PENCILS DOILEY,WOODLAND MINI RUCKSACK ,PLAYING CARDS VINTAGE DOILEY 
WRAP  VINTAGE DOILY ,WRAP RED VINTAGE DOILY,WRAP GINGHAM ROSE ,WRAP VINTAGE LEAF DESIGN,WRAP PAISLEY PARK ,WRAP ENGLISH ROSE 
WRAP 50'S  CHRISTMAS,WRAP CHRISTMAS VILLAGE, 50'S CHRISTMAS GIFT BAG LARGE,6 GIFT TAGS 50'S CHRISTMAS ,ROLL WRAP 50'S CHRISTMAS,50'S CHRISTMAS PAPER GIFT BAG
WRAP A PRETTY THANK YOU,FRYING PAN RED POLKADOT ,MISELTOE HEART WREATH CREAM,PEG BAG APPLE DESIGN,LUNCH BAG RED SPOTTY,SET/5 RED SPOTTY LID GLASS BOWLS
WRAP ALPHABET DESIGN,SPACEBOY GIFT WRAP,WRAP ALPHABET POSTER  ,WRAP CIRCUS PARADE,SPACEBOY BIRTHDAY CARD,WRAP I LOVE LONDON 
WRAP ALPHABET POSTER  ,WRAP BIRD GARDEN ,WRAP ALPHABET DESIGN,WRAP FLOWER SHOP  ,WRAP CIRCUS PARADE,SPACEBOY GIFT WRAP
WRAP BAD HAIR DAY,PURPLE DRESS JEWELLERY STAND,LARGE BLACK DIAMANTE HAIRSLIDE,BLACK 3 BEAD DROP EARRINGS,BIRD ON BRANCH CANVAS SCREEN,ORANGE PENDANT TRIPLE SHELL NECKLAC
WRAP BILLBOARD FONTS DESIGN,FANCY FONTS BIRTHDAY WRAP,BIRTHDAY BANQUET GIFT WRAP,CARD BILLBOARD FONT,"FANCY FONT BIRTHDAY CARD, ",SWALLOWS GREETING CARD
WRAP BIRD GARDEN ,WRAP MAGIC FOREST ,WRAP ALPHABET POSTER  ,WRAP FLOWER SHOP  ,SPACEBOY GIFT WRAP,WRAP ALPHABET DESIGN
WRAP BLUE RUSSIAN FOLKART,SILVER OVAL SHAPE TRINKET BOX,4 BURGUNDY WINE DINNER CANDLES,PLASMATRONIC LAMP,TABLE LAMP WHITE SHADE WOOD BASE,BLUE CIRCLES DESIGN MONKEY DOLL
WRAP CAROUSEL,PACK 4 FLOWER/BUTTERFLY PATCHES,WRAP RED DOILEY,BLUE TRAVEL FIRST AID KIT,WRAP CIRCUS PARADE,GOLD COSMETIC BAG PINK STAR
WRAP CHRISTMAS SCREEN PRINT,PURPLE FRANGIPANI NECKLACE,CHRISTMAS CARD SCREEN PRINT ,DIAMANTE HAIR GRIP PACK/2 LT ROSE,DIAMANTE HAIR GRIP PACK/2 MONTANA,DIAMANTE HAIR GRIP PACK/2 RUBY
WRAP CHRISTMAS VILLAGE,WRAP 50'S  CHRISTMAS,CARD CHRISTMAS VILLAGE,6 GIFT TAGS VINTAGE CHRISTMAS ,WRAP POPPIES  DESIGN,VINTAGE CHRISTMAS GIFT BAG LARGE 
WRAP CIRCUS PARADE,WRAP RED APPLES ,CARD CIRCUS PARADE,WRAP ALPHABET POSTER  ,WRAP ALPHABET DESIGN,SPACEBOY GIFT WRAP
WRAP COWBOYS  ,CARD BIRTHDAY COWBOY,TEA PARTY  WRAPPING PAPER ,WRAP PINK FAIRY CAKES ,SPACEBOY GIFT WRAP,SPACEBOY BIRTHDAY CARD
WRAP DAISY CARPET ,FOLDING CAMPING SCISSOR W/KNIF & S,PINK POLKADOT WRAP ,WRAP  PINK FLOCK,PACK 4 FLOWER/BUTTERFLY PATCHES,HEART T-LIGHT HOLDER
WRAP DOILEY DESIGN,WRAP VINTAGE PETALS  DESIGN,GINGHAM ROSE WRAP,WRAP POPPIES  DESIGN,WRAP ENGLISH ROSE ,WRAP PAISLEY PARK 
WRAP DOLLY GIRL,SPACEBOY GIFT WRAP,CARD DOLLY GIRL ,TEA PARTY  WRAPPING PAPER ,SPACEBOY BIRTHDAY CARD,WRAP ENGLISH ROSE 
WRAP ENGLISH ROSE ,WRAP PINK FAIRY CAKES ,RED RETROSPOT WRAP ,WRAP DOILEY DESIGN,BLUE POLKADOT WRAP,PINK POLKADOT WRAP 
WRAP FLOWER SHOP  ,WRAP MAGIC FOREST ,WRAP BIRD GARDEN ,WRAP ALPHABET POSTER  ,WRAP CIRCUS PARADE,WRAP POPPIES  DESIGN
WRAP FOLK ART,PACK 4 FLOWER/BUTTERFLY PATCHES,WRAP GREEN RUSSIAN FOLKART ,PURPLE FRANGIPANI NECKLACE,GOLD COSMETIC BAG PINK STAR,WOODLAND LARGE BLUE FELT HEART
WRAP GINGHAM ROSE ,WRAP ENGLISH ROSE ,WRAP  VINTAGE DOILY ,WRAP RED VINTAGE DOILY,WRAP PAISLEY PARK ,CARD GINGHAM ROSE 
WRAP GREEN PEARS ,WRAP RED APPLES ,GIRAFFE WOODEN RULER,WRAP POPPIES  DESIGN,WRAP VINTAGE PETALS  DESIGN,COFFEE MUG PEARS  DESIGN
WRAP GREEN RUSSIAN FOLKART ,PACK 4 FLOWER/BUTTERFLY PATCHES,S/3 POT POURI CUSHIONS BLUE COLOURS,"SILICON CUBE 25W, BLUE",SILVER FLOWR PINK SHELL NECKLACE,VINTAGE BEAD PINK SHADE 
WRAP I LOVE LONDON ,CARD I LOVE LONDON ,LUNCH BOX I LOVE LONDON,LONDON BUS COFFEE MUG,SET OF 4 KNICK KNACK TINS LONDON ,QUEENS GUARD COFFEE MUG
WRAP KEEP CALM BIRTHDAY,WRAP A PRETTY THANK YOU,PEG BAG APPLE DESIGN,BIG POLKADOT MUG,FRENCH CHATEAU LARGE FRUIT BOWL ,SET/5 RED SPOTTY LID GLASS BOWLS
WRAP MAGIC FOREST ,WRAP BIRD GARDEN ,WRAP FLOWER SHOP  ,WRAP CIRCUS PARADE,WRAP ALPHABET POSTER  ,WRAP COWBOYS  
WRAP MONSTER FUN ,WRAP SUKI AND FRIENDS,WRAP BIRD GARDEN ,WRAP CIRCUS PARADE,BLUE POLKADOT WRAP,TOYBOX  WRAP 
WRAP PAISLEY PARK ,WRAP DOILEY DESIGN,WRAP GINGHAM ROSE ,WRAP ENGLISH ROSE ,WRAP RED VINTAGE DOILY,RED RETROSPOT WRAP 
WRAP PINK FAIRY CAKES ,WRAP ENGLISH ROSE ,SKULLS AND CROSSBONES WRAP,BLUE POLKADOT WRAP,PINK POLKADOT WRAP ,WRAP COWBOYS  
WRAP POPPIES  DESIGN,WRAP VINTAGE PETALS  DESIGN,WRAP VINTAGE LEAF DESIGN,WRAP DOILEY DESIGN,WRAP RED APPLES ,SPACEBOY GIFT WRAP
WRAP RED APPLES ,WRAP GREEN PEARS ,WRAP CIRCUS PARADE,WRAP POPPIES  DESIGN,WRAP VINTAGE LEAF DESIGN,SPACEBOY GIFT WRAP
WRAP RED DOILEY,MINITURE ANTIQUE ROSE HOOK IVORY,"WALL ART,ONLY ONE PERSON ",SET OF 4 KNICK KNACK TINS DOILEY ,WRAP DOILEY DESIGN,FOLDING MIRROR HOT PINK 
WRAP RED VINTAGE DOILY,WRAP  VINTAGE DOILY ,WRAP DOILEY DESIGN,WRAP GINGHAM ROSE ,WRAP PAISLEY PARK ,WRAP ENGLISH ROSE 
WRAP SUKI AND FRIENDS,SKULLS AND CROSSBONES WRAP,CARD SUKI BIRTHDAY,SPACEBOY GIFT WRAP,WRAP MONSTER FUN ,FANCY FONTS BIRTHDAY WRAP
WRAP SUMMER ROSE DESIGN,SILVER/CRYSTAL DROP EARRINGS W LEAF,GREEN DROP EARRINGS W BEAD CLUSTER,GLASS BEAD HOOP NECKLACE BLACK,ANTIQUE RASPBERRY FLOWER EARRINGS,GOLD/AMBER DROP EARRINGS W LEAF
WRAP VINTAGE LEAF DESIGN,WRAP POPPIES  DESIGN,WRAP RED APPLES ,WRAP  VINTAGE DOILY ,WRAP SUKI AND FRIENDS,WRAP VINTAGE PETALS  DESIGN
WRAP VINTAGE PETALS  DESIGN,WRAP POPPIES  DESIGN,WRAP DOILEY DESIGN,WRAP RED APPLES ,WRAP ALPHABET DESIGN,LUNCH BAG VINTAGE LEAF DESIGN
WRAP WEDDING DAY,CARD WEDDING DAY,TEA PARTY  WRAPPING PAPER ,WOODLAND MINI RUCKSACK ,RING OF ROSES BIRTHDAY CARD,RAINY LADIES BIRTHDAY CARD
"WRAP, BILLBOARD FONTS DESIGN",DOORKNOB CRACKED GLAZE IVORY,WRAP ALPHABET DESIGN,SWALLOWS GREETING CARD,WRAP BILLBOARD FONTS DESIGN,CARD BILLBOARD FONT
"WRAP, CAROUSEL",ROSE PENDANT TRIPLE SHELL NECKLACE,HAPPY BIRTHDAY CARD TEDDY/CAKE,PURPLE ENAMEL FLOWER HAIR TIE,LARGE BLACK DIAMANTE HAIRSLIDE,DOORKNOB CERAMIC IVORY
YELLOW BREAKFAST CUP AND SAUCER,PINK BREAKFAST CUP AND SAUCER ,BLUE BREAKFAST CUP AND SAUCER ,BLUE POLKADOT PUDDING BOWL,BLUE CHENILLE SHAGGY CUSHION COVER ,ORANGE FLOWER MUG 
YELLOW COAT RACK PARIS FASHION,BLUE COAT RACK PARIS FASHION,RED COAT RACK PARIS FASHION,CHOCOLATE THIS WAY METAL SIGN,TRIPLE HOOK ANTIQUE IVORY ROSE,MAN FLU METAL SIGN
YELLOW DRAGONFLY HELICOPTER,FLOWER SHOP DESIGN MUG,MIDNIGHT BLUE CRYSTAL DROP EARRINGS,NECKLACE+BRACELET SET PINK DAISY,WHITE STONE/CRYSTAL EARRINGS,RED SHARK HELICOPTER
YELLOW EASTER EGG HUNT START POST,GREEN EASTER EGG HUNT START POST,GREEN ENAMEL FLOWER HAIR TIE,WHITE ENAMEL FLOWER HAIR TIE,QUEEN OF SKIES LUGGAGE TAG,BLUE  TILE HOOK
YELLOW FELT HANGING HEART W FLOWER,BLUE FELT HANGING HEART WITH FLOWER,PINK FELT HANGING HEART W FLOWER,MIRRORED WALL ART PHOTO FRAMES,WOOD AND GLASS MEDICINE CABINET,MIRRORED WALL ART SPLODGES
YELLOW FLOWERS FELT HANDBAG KIT,RED PURSE WITH PINK HEART,FLOWER PURPLE CLOCK W/SUCKER,DIAMANTE HAIR GRIP PACK/2 PERIDOT,DIAMANTE HAIR GRIP PACK/2 CRYSTAL,PINK DAISY BAG CHARM
YELLOW GIANT GARDEN THERMOMETER,BLUE GIANT GARDEN THERMOMETER,GREEN GIANT GARDEN THERMOMETER,IVORY GIANT GARDEN THERMOMETER,PURPLE FRANGIPANI NECKLACE,3 TIER CAKE TIN RED AND CREAM
YELLOW METAL CHICKEN HEART ,PINK METAL CHICKEN HEART ,"DECORATION , WOBBLY CHICKEN, METAL ","DECORATION , WOBBLY RABBIT , METAL ",DECORATION  BUTTERFLY  MAGIC GARDEN,GARLAND WOODEN HAPPY EASTER
YELLOW PINK FLOWER DESIGN BIG BOWL,PINK FLOCK PHOTO FRAME ,ORANGE FLOWER MUG ,BLUE MONTE CARLO HANDBAG,PINK/BLUE STRING CURTAIN ,CLASSICAL ROSE CANDLESTAND
YELLOW POT PLANT CANDLE,PERIWINKLE T-LIGHT HOLDER,CLAM SHELL LARGE,FUNKY MONKEY MUG,PINK POLKADOT KIDS BAG,MULTICOLOUR EASTER RABBIT 
YELLOW SHARK HELICOPTER,RED SHARK HELICOPTER,RED DRAGONFLY HELICOPTER,PAIR OF PINK FLOWER CLUSTER SLIDE,PURPLE FRANGIPANI NECKLACE,DAISY HAIR BAND
YELLOW/BLUE RETRO RADIO,CAT WITH SUNGLASSES BLANK CARD,BLUE CRUSOE CHECK LAMPSHADE,PINK/PURPLE RETRO RADIO,ECONOMY LUGGAGE TAG,THE KING GIFT BAG
YELLOW/ORANGE FLOWER DESIGN PLATE,BLUE MONTE CARLO HANDBAG,PINK FLOCK PHOTO FRAME ,POP ART PUSH DOWN RUBBER ,YELLOW PINK FLOWER DESIGN BIG BOWL,FLOWERS HANDBAG blue and orange
YELLOW/PINK FLOWER DESIGN BIG MUG,PINK/GREEN FLOWER DESIGN BIG MUG,BLUE/YELLOW FLOWER DESIGN BIG MUG,GREEN/BLUE FLOWER DESIGN BIG MUG,VINTAGE WOODEN BAR STOOL,PACK 4 FLOWER/BUTTERFLY PATCHES
YOU'RE CONFUSING ME METAL SIGN ,PLEASE ONE PERSON METAL SIGN,COOK WITH WINE METAL SIGN ,GIN + TONIC DIET METAL SIGN,METAL SIGN TAKE IT OR LEAVE IT ,HAND OVER THE CHOCOLATE   SIGN 
YULETIDE IMAGES GIFT WRAP SET,CURIOUS IMAGES GIFT WRAP SET,ROMANTIC IMAGES GIFT WRAP SET,BLOSSOM IMAGES GIFT WRAP SET,ENVELOPE 50 BLOSSOM IMAGES,SMALLFOLKART BAUBLE CHRISTMAS DEC
YULETIDE IMAGES S/6 PAPER BOXES,PACK 4 FLOWER/BUTTERFLY PATCHES,GOLD COSMETIC BAG PINK STAR,"SILICON CUBE 25W, BLUE",CAKE SHOP  STICKER SHEET,SILVER FLOWR PINK SHELL NECKLACE
ZINC  HEART T-LIGHT HOLDER,ZINC HEART FLOWER T-LIGHT HOLDER,ZINC  STAR T-LIGHT HOLDER ,ANTIQUE SILVER T-LIGHT GLASS,RUBY GLASS CLUSTER NECKLACE,BIRD ON BRANCH CANVAS SCREEN
ZINC  STAR T-LIGHT HOLDER ,ZINC  HEART T-LIGHT HOLDER,WOODLAND MINI RUCKSACK ,RUBY DROP CHANDELIER EARRINGS,ZINC HEART FLOWER T-LIGHT HOLDER,RUSTIC STRAWBERRY JAMPOT SMALL
ZINC BOX SIGN HOME,STORAGE TIN HOME SWEET HOME,PURPLE ENAMEL+GLASS HAIR COMB,HOME BUILDING BLOCK WORD,HAND WARMER BIRD DESIGN,SMALL PARLOUR PICTURE FRAME
ZINC FINISH 15CM PLANTER POTS,POTTING SHED SEED ENVELOPES,GOLD WASHBAG,FLOWER PURPLE CLOCK W/SUCKER,SILVER STANDING GNOME   ,FAIRY SOAP SOAP HOLDER
ZINC FOLKART SLEIGH BELLS,SILVER BELLS TABLE DECORATION,WOODEN STAR CHRISTMAS SCANDINAVIAN,WOODEN HEART CHRISTMAS SCANDINAVIAN,WOODEN TREE CHRISTMAS SCANDINAVIAN,SET OF 20 VINTAGE CHRISTMAS NAPKINS
ZINC HEART FLOWER T-LIGHT HOLDER,ZINC  HEART T-LIGHT HOLDER,ZINC  STAR T-LIGHT HOLDER ,WHITE HEARTS WIRE PLANT POT HOLDER,IVORY SWEETHEART SOAP DISH,HANGING HEART JAR T-LIGHT HOLDER
ZINC HEART LATTICE 2 WALL PLANTER,SET OF 6 ICE CREAM SKITTLES,BLUE NETTING STORAGE HANGER,HEART SHAPED MIRROR,DANISH ROSE UMBRELLA STAND,VINTAGE KEEPSAKE BOX PINK FLOWER
ZINC HEART LATTICE CHARGER LARGE,ZINC HEART LATTICE CHARGER SMALL,3 WICK CHRISTMAS BRIAR CANDLE ,LILAC FEATHERS CURTAIN,PINK EASTER HENS+FLOWER,CANDLE PLATE LACE WHITE
ZINC HEART LATTICE CHARGER SMALL,ZINC HEART LATTICE CHARGER LARGE,PINK EASTER HENS+FLOWER,3 WICK CHRISTMAS BRIAR CANDLE ,MEDIUM MEDINA STAMPED METAL BOWL ,LARGE MEDINA STAMPED METAL BOWL 
ZINC HEART LATTICE T-LIGHT HOLDER,ZINC HEART LATTICE CHARGER SMALL,WISE MAN STAR SHAPE EGG PAN,FILIGRIS HEART WITH BUTTERFLY,BLUE GREEN EMBROIDERY COSMETIC BAG,SMALL MEDINA STAMPED METAL BOWL 
ZINC HEART LATTICE TRAY OVAL ,3 WICK CHRISTMAS BRIAR CANDLE ,ORANGE FLOWER MUG ,YELLOW PINK FLOWER DESIGN BIG BOWL,SET OF 6 ICE CREAM SKITTLES,PINK/BLUE STRING CURTAIN 
ZINC HEARTS PLANT POT HOLDER,WHITE HEARTS WIRE PLANT POT HOLDER,SILVER/M.O.P PENDANT ORBIT NECKLACE,IVORY SHELL HEART NECKLACE,S/2 ZINC HEART DESIGN PLANTERS,ZINC METAL HEART DECORATION
ZINC HERB GARDEN CONTAINER,SMALL WHITE HEART OF WICKER,CLASSIC METAL BIRDCAGE PLANT HOLDER,GARDENERS KNEELING PAD CUP OF TEA ,"KEY FOB , SHED",GARDENERS KNEELING PAD KEEP CALM 
ZINC METAL HEART DECORATION,HEART OF WICKER SMALL,WHITE HANGING HEART T-LIGHT HOLDER,HEART OF WICKER LARGE,HEART FILIGREE DOVE  SMALL,FOLKART ZINC HEART CHRISTMAS DEC
ZINC PLANT POT HOLDER,LUNCH BAG VINTAGE DOILEY ,HEART TRELLISTRIPLE T-LIGHT HOLDER,METAL HERB GERDEN CONTAINER,SMALL JEWELLERY STAND,JUMBO BAG VINTAGE DOILEY 
ZINC STAR T-LIGHT HOLDER ,ALUMINIUM HEART,RUSTIC  SEVENTEEN DRAWER SIDEBOARD,HEART BEADED TRELLIS DECORATION,3 TIER SWEETHEART GARDEN SHELF,GEORGIAN TRINKET BOX
ZINC SWEETHEART SOAP DISH,IVORY SWEETHEART SOAP DISH,ZINC WIRE KITCHEN ORGANISER,GOLD WASHBAG,GREEN WIRE STANDING CANDLE HOLDER,HEN HOUSE W CHICK IN NEST
ZINC SWEETHEART WIRE LETTER RACK,IVORY SWEETHEART WIRE LETTER RACK ,SMALL IVORY HEART WALL ORGANISER,TROPICAL PASSPORT COVER ,QUEEN OF THE SKIES HOLIDAY PURSE ,SINGLE WIRE HOOK IVORY HEART
ZINC T-LIGHT HOLDER STAR LARGE,ZINC T-LIGHT HOLDER STARS SMALL,SINGLE HEART ZINC T-LIGHT HOLDER,HANGING HEART ZINC T-LIGHT HOLDER,HANGING HEART JAR T-LIGHT HOLDER,VICTORIAN GLASS HANGING T-LIGHT
ZINC T-LIGHT HOLDER STARS LARGE,"BUNTING , SPOTTY ",BELL HEART DECORATION,DOLLY GIRL WALL ART,SPACEBOY WALL ART,SET OF 6 RIBBONS PARTY
ZINC T-LIGHT HOLDER STARS SMALL,ZINC T-LIGHT HOLDER STAR LARGE,HANGING HEART ZINC T-LIGHT HOLDER,SINGLE HEART ZINC T-LIGHT HOLDER,COLOUR GLASS T-LIGHT HOLDER HANGING,HANGING HEART JAR T-LIGHT HOLDER
ZINC TOP  2 DOOR WOODEN SHELF ,FUNKY MONKEY MUG,LIGHT DECORATION BATTERY OPERATED,PINK POLKADOT KIDS BAG,CREAM SWEETHEART WALL CABINET,GOLD SCROLL GLASS T-LIGHT HOLDER
ZINC WILLIE WINKIE  CANDLE STICK,FRENCH ENAMEL CANDLEHOLDER,NATURAL SLATE HEART CHALKBOARD ,FRENCH ENAMEL POT W LID,WHITE BROCANTE SOAP DISH,ZINC FOLKART SLEIGH BELLS
ZINC WIRE KITCHEN ORGANISER,BELL HEART ANTIQUE GOLD,CLEAR STATIONERY BOX SET ,ZINC SWEETHEART SOAP DISH,SMALL ZINC/GLASS CANDLEHOLDER,RED BOUDICCA LARGE BRACELET
ZINC WIRE SWEETHEART LETTER TRAY,TRIANGULAR POUFFE VINTAGE ,IVORY WIRE SWEETHEART LETTER TRAY,PURPLE DRESS JEWELLERY STAND,WHITE BAROQUE WALL CLOCK ,PURPLE ENAMEL FLOWER HAIR TIE
